team_year,passes_attempted_pass,passes_completed_pass,passing_yards_pass,td_passes_pass,ints_pass,sacks_pass,sacked_yards_lost_pass
arizona_cardinals_1994,238,133,1510,4,7,11,85
arizona_cardinals_1995,3,1,19,0,2,0,0
arizona_cardinals_1996,339,190,2293,11,14,17,109
arizona_cardinals_1997,56,30,342,0,2,10,89
arizona_cardinals_1998,0,0,0,0,0,0,0
arizona_cardinals_1999,2,1,26,0,0,0,0
arizona_cardinals_2000,0,0,0,0,0,0,0
arizona_cardinals_2001,1,0,0,0,0,0,0
arizona_cardinals_2002,18,7,66,0,2,5,50
arizona_cardinals_2003,167,95,1018,5,7,25,174
arizona_cardinals_2004,532,298,3181,13,18,39,320
arizona_cardinals_2005,670,419,4723,21,21,45,286
arizona_cardinals_2006,545,322,3924,17,17,35,262
arizona_cardinals_2007,590,356,4228,32,24,24,163
arizona_cardinals_2008,630,418,4875,31,15,28,201
arizona_cardinals_2009,590,390,4188,26,17,26,184
arizona_cardinals_2010,433,224,2585,8,17,41,278
arizona_cardinals_2011,275,156,2041,10,9,31,225
arizona_cardinals_2012,407,228,2251,9,12,43,280
arizona_cardinals_2013,574,363,4291,24,22,41,289
arizona_cardinals_2014,567,320,3990,21,12,28,182
arizona_cardinals_2015,562,353,4775,35,13,27,159
arizona_cardinals_2016,646,383,4425,28,17,41,289
atlanta_falcons_1966,295,129,1795,12,21,26,236
atlanta_falcons_1967,348,172,1972,11,23,39,356
atlanta_falcons_1968,173,77,953,2,11,20,153
atlanta_falcons_1969,157,77,1134,10,10,32,258
atlanta_falcons_1970,73,41,456,2,8,17,157
atlanta_falcons_1971,1,0,0,0,0,0,0
atlanta_falcons_1972,0,0,0,0,0,0,0
atlanta_falcons_1973,230,120,1786,10,8,28,256
atlanta_falcons_1974,172,78,852,3,14,31,269
atlanta_falcons_1975,256,116,1687,13,15,19,197
atlanta_falcons_1976,123,58,726,3,10,18,150
atlanta_falcons_1977,138,64,796,5,13,29,296
atlanta_falcons_1978,370,187,2489,10,19,39,349
atlanta_falcons_1979,381,205,2525,17,20,39,286
atlanta_falcons_1980,464,257,3544,31,17,35,324
atlanta_falcons_1981,534,297,3829,30,23,37,287
atlanta_falcons_1982,262,166,1905,8,11,21,179
atlanta_falcons_1983,434,275,3190,22,5,51,348
atlanta_falcons_1984,287,192,2339,12,11,47,345
atlanta_falcons_1985,423,230,2730,12,18,61,470
atlanta_falcons_1986,452,246,3046,14,17,56,464
atlanta_falcons_1987,317,163,1997,12,18,31,221
atlanta_falcons_1988,99,49,566,2,5,15,112
atlanta_falcons_1989,0,0,0,0,0,0,0
atlanta_falcons_1990,76,36,527,3,4,9,55
atlanta_falcons_1991,86,40,531,4,4,8,40
atlanta_falcons_1992,131,73,787,5,5,16,98
atlanta_falcons_1993,77,39,464,3,5,3,15
atlanta_falcons_1994,526,322,3734,23,19,34,215
atlanta_falcons_1995,557,336,4143,24,11,43,270
atlanta_falcons_1996,112,62,757,4,5,15,104
atlanta_falcons_1997,461,266,3404,26,9,53,365
atlanta_falcons_1998,389,220,3523,28,13,51,343
atlanta_falcons_1999,391,216,2932,20,15,37,267
atlanta_falcons_2000,514,285,3166,14,20,61,386
atlanta_falcons_2001,483,276,3655,19,17,64,387
atlanta_falcons_2002,478,268,3384,18,11,36,217
atlanta_falcons_2003,458,230,2631,14,21,34,220
atlanta_falcons_2004,321,181,2313,14,12,46,266
atlanta_falcons_2005,387,214,2412,15,13,33,201
atlanta_falcons_2006,389,204,2474,20,13,45,303
atlanta_falcons_2007,555,336,3573,18,15,47,277
atlanta_falcons_2008,434,265,3440,16,11,17,104
atlanta_falcons_2009,570,332,3697,26,17,27,126
atlanta_falcons_2010,577,361,3725,28,9,23,158
atlanta_falcons_2011,594,365,4365,29,13,26,173
atlanta_falcons_2012,615,422,4719,32,14,28,210
atlanta_falcons_2013,659,445,4541,26,17,44,298
atlanta_falcons_2014,632,418,4758,28,15,31,205
atlanta_falcons_2015,614,407,4591,21,16,30,206
atlanta_falcons_2016,534,373,4944,38,7,37,235
baltimore_colts_1947,0,0,0,0,0,0,0
baltimore_colts_1948,0,0,0,0,0,0,0
baltimore_colts_1949,0,0,0,0,0,0,0
baltimore_colts_1950,318,162,1885,8,19,0,269
baltimore_colts_1953,289,115,1512,11,25,0,368
baltimore_colts_1954,312,163,1995,9,21,0,336
baltimore_colts_1955,266,134,1795,11,22,0,164
baltimore_colts_1956,275,157,2202,13,17,0,289
baltimore_colts_1957,312,177,2608,25,19,0,220
baltimore_colts_1958,352,177,2538,26,11,0,125
baltimore_colts_1959,367,193,2899,32,14,0,185
baltimore_colts_1960,378,190,3099,25,24,0,190
baltimore_colts_1961,420,229,2990,16,24,0,204
baltimore_colts_1962,402,227,3052,24,23,0,255
baltimore_colts_1963,415,238,3501,20,12,42,298
baltimore_colts_1964,309,161,2882,20,6,37,254
baltimore_colts_1965,289,165,2549,23,13,30,228
baltimore_colts_1966,351,195,2748,22,25,21,146
baltimore_colts_1967,457,265,3561,22,17,25,198
baltimore_colts_1968,42,14,185,2,5,5,42
baltimore_colts_1969,330,179,2388,12,20,12,93
baltimore_colts_1970,321,166,2213,14,18,19,158
baltimore_colts_1971,177,92,942,3,9,16,141
baltimore_colts_1972,157,88,1111,4,6,14,114
baltimore_colts_1973,0,0,0,0,0,0,0
baltimore_colts_1974,2,1,11,1,0,0,0
baltimore_colts_1975,0,0,0,0,0,0,0
baltimore_colts_1976,0,0,0,0,0,0,0
baltimore_colts_1977,0,0,0,0,0,0,0
baltimore_colts_1978,45,21,291,3,8,11,78
baltimore_colts_1979,458,270,2932,15,16,42,326
baltimore_colts_1980,47,24,275,2,3,2,19
baltimore_colts_1981,29,14,195,0,1,5,50
baltimore_colts_1982,258,128,1478,5,9,19,164
baltimore_colts_1983,340,170,2407,12,19,40,278
baltimore_ravens_1996,570,335,4274,34,20,38,296
baltimore_ravens_1997,586,338,3929,25,16,37,227
baltimore_ravens_1998,476,272,3152,16,14,41,283
baltimore_ravens_1999,490,246,3124,20,16,50,306
baltimore_ravens_2000,504,287,3102,20,19,43,287
baltimore_ravens_2001,1,1,-11,0,0,0,0
baltimore_ravens_2002,183,97,1034,7,3,11,68
baltimore_ravens_2003,13,7,58,0,2,6,45
baltimore_ravens_2004,0,0,0,0,0,0,0
baltimore_ravens_2005,0,0,0,0,0,0,0
baltimore_ravens_2006,0,0,0,0,0,0,0
baltimore_ravens_2007,0,0,0,0,0,0,0
baltimore_ravens_2008,428,257,2971,14,12,32,276
baltimore_ravens_2009,500,315,3613,21,12,36,218
baltimore_ravens_2010,491,308,3629,25,10,40,294
baltimore_ravens_2011,544,314,3629,21,12,33,206
baltimore_ravens_2012,560,334,3996,22,11,38,257
baltimore_ravens_2013,619,363,3914,19,23,48,324
baltimore_ravens_2014,554,344,3986,27,12,19,167
baltimore_ravens_2015,511,325,3354,16,14,18,143
baltimore_ravens_2016,679,439,4343,20,16,33,243
boston_braves_1932,27,3,47,0,3,0,0
boston_patriots_1960,13,6,94,2,2,0,0
boston_patriots_1961,207,108,1366,15,11,0,0
boston_patriots_1962,382,195,2930,25,13,0,0
boston_patriots_1963,408,182,2789,17,29,0,0
boston_patriots_1964,476,229,3467,31,27,1,11
boston_patriots_1965,427,173,2597,18,26,0,0
boston_patriots_1966,382,181,2721,20,20,0,0
boston_patriots_1967,344,161,2317,19,24,29,250
boston_patriots_1968,176,67,889,4,15,18,156
boston_patriots_1969,338,162,2191,19,18,24,261
boston_patriots_1970,392,176,1975,7,28,42,389
boston_redskins_1933,39,9,173,1,7,0,0
boston_redskins_1934,31,6,42,0,4,0,0
boston_redskins_1935,98,23,398,2,19,0,0
boston_redskins_1936,96,33,440,1,13,0,0
boston_yanks_1944,91,43,542,4,9,0,0
boston_yanks_1945,91,42,590,5,10,0,0
boston_yanks_1946,237,102,1550,15,18,0,0
boston_yanks_1947,237,95,1661,15,26,0,304
boston_yanks_1948,241,93,1189,12,31,0,305
brooklyn_dodgers_1930,0,0,0,2,0,0,0
brooklyn_dodgers_1931,0,0,0,2,0,0,0
brooklyn_dodgers_1932,27,7,69,0,3,0,0
brooklyn_dodgers_1933,90,37,535,2,14,0,0
brooklyn_dodgers_1934,108,29,421,3,15,0,0
brooklyn_dodgers_1935,105,30,438,3,10,0,0
brooklyn_dodgers_1936,96,30,392,2,14,0,0
brooklyn_dodgers_1937,159,58,908,4,22,0,0
brooklyn_dodgers_1938,171,69,992,6,9,0,0
brooklyn_dodgers_1939,173,76,1019,4,16,0,0
brooklyn_dodgers_1940,179,76,1162,13,11,0,0
brooklyn_dodgers_1941,193,88,1114,5,16,0,0
brooklyn_dodgers_1942,93,36,452,2,15,0,0
brooklyn_dodgers_1943,142,71,684,2,12,0,0
brooklyn_dodgers_1946,0,0,0,0,0,0,0
brooklyn_tigers_1944,114,40,525,2,15,0,0
buffalo_bills_1947,0,0,0,0,0,0,0
buffalo_bills_1948,0,0,0,0,0,0,0
buffalo_bills_1949,0,0,0,0,0,0,0
buffalo_bills_1960,145,65,1033,7,13,0,0
buffalo_bills_1961,262,118,1601,7,16,0,0
buffalo_bills_1962,272,118,1832,13,18,0,0
buffalo_bills_1963,456,227,3382,16,24,0,0
buffalo_bills_1964,397,174,3422,19,34,1,1
buffalo_bills_1965,461,208,2744,13,24,0,0
buffalo_bills_1966,473,199,3000,15,21,0,0
buffalo_bills_1967,433,183,2763,14,34,45,446
buffalo_bills_1968,221,95,932,3,15,24,244
buffalo_bills_1969,439,213,2696,16,29,42,371
buffalo_bills_1970,400,213,2916,13,26,53,486
buffalo_bills_1971,394,200,2325,12,32,49,421
buffalo_bills_1972,306,158,1895,15,24,48,400
buffalo_bills_1973,211,95,1239,4,14,31,239
buffalo_bills_1974,250,128,1728,14,15,33,236
buffalo_bills_1975,354,182,2661,28,19,22,168
buffalo_bills_1976,383,156,2084,16,17,33,246
buffalo_bills_1977,457,221,2803,12,24,36,273
buffalo_bills_1978,345,179,2175,17,15,30,254
buffalo_bills_1979,458,238,3572,14,15,43,387
buffalo_bills_1980,446,257,2884,20,18,18,177
buffalo_bills_1981,499,252,3652,24,20,15,137
buffalo_bills_1982,264,144,1597,7,16,11,105
buffalo_bills_1983,569,316,3435,30,28,37,351
buffalo_bills_1984,437,224,2423,14,22,50,468
buffalo_bills_1985,517,263,3331,9,31,42,347
buffalo_bills_1986,499,294,3697,22,19,45,334
buffalo_bills_1987,442,258,2901,19,13,30,266
buffalo_bills_1988,454,271,3411,15,17,30,229
buffalo_bills_1989,478,281,3831,32,20,34,240
buffalo_bills_1990,424,263,3404,28,11,27,208
buffalo_bills_1991,515,331,4149,39,19,35,269
buffalo_bills_1992,509,293,3678,23,21,29,221
buffalo_bills_1993,497,304,3535,20,18,31,218
buffalo_bills_1994,542,342,3714,23,21,41,301
buffalo_bills_1995,477,265,3236,24,13,26,181
buffalo_bills_1996,384,224,2819,14,19,37,287
buffalo_bills_1997,124,60,684,2,10,5,53
buffalo_bills_1998,461,269,3621,28,14,41,241
buffalo_bills_1999,513,290,3478,21,16,27,185
buffalo_bills_2000,545,311,3892,20,10,59,360
buffalo_bills_2001,523,312,3521,17,18,45,269
buffalo_bills_2002,2,2,5,0,0,0,0
buffalo_bills_2003,12,5,49,0,3,1,7
buffalo_bills_2004,3,2,44,1,0,0,0
buffalo_bills_2005,1,1,3,0,0,0,0
buffalo_bills_2006,1,0,0,0,0,0,0
buffalo_bills_2007,270,152,1638,8,8,12,105
buffalo_bills_2008,374,245,2699,11,10,23,143
buffalo_bills_2009,411,238,2618,16,17,44,266
buffalo_bills_2010,493,284,3241,24,17,31,208
buffalo_bills_2011,577,356,3857,24,24,22,148
buffalo_bills_2012,510,309,3430,24,16,30,161
buffalo_bills_2013,463,273,3064,15,12,46,259
buffalo_bills_2014,579,363,3856,23,13,39,242
buffalo_bills_2015,465,295,3600,23,9,42,257
buffalo_bills_2016,474,286,3250,17,7,46,214
buffalo_bisons_1946,0,0,0,0,0,0,0
card-pitt_combine_1944,74,21,263,0,15,0,0
carolina_panthers_1995,84,37,441,2,2,12,100
carolina_panthers_1996,0,0,0,0,0,0,0
carolina_panthers_1997,0,0,0,0,0,0,0
carolina_panthers_1998,2,0,0,0,1,0,0
carolina_panthers_1999,3,2,11,0,0,1,6
carolina_panthers_2000,33,16,120,0,1,7,51
carolina_panthers_2001,540,293,2931,11,19,26,177
carolina_panthers_2002,463,255,2981,15,21,44,287
carolina_panthers_2003,460,270,3238,19,16,26,188
carolina_panthers_2004,535,311,3889,29,15,33,246
carolina_panthers_2005,449,269,3485,25,16,28,214
carolina_panthers_2006,539,325,3486,19,17,32,222
carolina_panthers_2007,505,285,2941,19,17,33,206
carolina_panthers_2008,414,246,3288,15,12,20,130
carolina_panthers_2009,465,264,3070,16,20,33,271
carolina_panthers_2010,157,86,904,5,10,14,100
carolina_panthers_2011,519,312,4089,21,17,35,260
carolina_panthers_2012,490,284,3927,19,12,36,244
carolina_panthers_2013,473,292,3379,24,13,43,336
carolina_panthers_2014,545,327,3828,23,12,42,317
carolina_panthers_2015,501,300,3873,35,10,33,284
carolina_panthers_2016,563,306,3962,21,19,36,277
chicago_bears_1926,0,0,0,0,0,0,0
chicago_bears_1927,0,0,0,0,0,0,0
chicago_bears_1928,0,0,0,3,0,0,0
chicago_bears_1929,0,0,0,0,0,0,0
chicago_bears_1930,0,0,0,0,0,0,0
chicago_bears_1931,0,0,0,1,0,0,0
chicago_bears_1932,32,14,186,3,2,0,0
chicago_bears_1933,45,21,313,0,6,0,0
chicago_bears_1934,32,14,142,5,3,0,0
chicago_bears_1935,70,24,509,7,8,0,0
chicago_bears_1936,74,17,392,7,11,0,0
chicago_bears_1937,90,32,696,11,10,0,0
chicago_bears_1938,131,49,862,5,12,0,0
chicago_bears_1939,154,59,1151,11,13,0,0
chicago_bears_1940,36,14,300,4,3,0,0
chicago_bears_1941,9,4,115,2,0,0,0
chicago_bears_1942,89,37,951,11,16,0,0
chicago_bears_1943,0,0,0,0,0,0,0
chicago_bears_1944,4,1,22,0,0,0,0
chicago_bears_1945,1,0,0,0,0,0,0
chicago_bears_1946,23,9,108,1,2,0,0
chicago_bears_1947,53,17,326,5,3,0,41
chicago_bears_1948,56,16,232,3,2,0,54
chicago_bears_1949,0,0,0,0,0,0,0
chicago_bears_1950,1,0,0,0,1,0,0
chicago_bears_1952,1,0,0,0,0,0,8
chicago_bears_1953,76,36,464,1,5,0,23
chicago_bears_1954,1,0,0,0,0,0,0
chicago_bears_1955,3,2,27,1,1,0,0
chicago_bears_1956,8,1,8,0,1,0,0
chicago_bears_1957,2,1,32,0,0,0,0
chicago_bears_1958,5,1,13,1,1,0,0
chicago_bears_1959,1,0,0,0,1,0,13
chicago_bears_1960,0,0,0,0,0,0,14
chicago_bears_1961,251,140,2269,22,13,0,251
chicago_bears_1962,414,226,3207,19,24,0,226
chicago_bears_1963,357,192,2301,15,12,19,164
chicago_bears_1964,331,182,1944,13,14,23,157
chicago_bears_1965,46,23,316,2,3,5,40
chicago_bears_1966,28,11,137,0,2,3,33
chicago_bears_1967,49,21,228,3,2,2,15
chicago_bears_1968,192,85,1130,5,12,12,94
chicago_bears_1969,73,36,343,2,5,4,23
chicago_bears_1970,1,0,0,0,0,1,2
chicago_bears_1971,138,51,760,6,10,10,91
chicago_bears_1972,0,0,0,0,0,0,0
chicago_bears_1973,2,0,0,0,1,0,0
chicago_bears_1974,11,2,29,0,1,3,30
chicago_bears_1975,4,2,57,0,1,1,5
chicago_bears_1976,7,5,125,1,0,0,0
chicago_bears_1977,12,7,66,0,0,3,26
chicago_bears_1978,88,45,503,2,12,8,80
chicago_bears_1979,322,168,2119,14,13,23,220
chicago_bears_1980,404,209,2669,13,25,33,274
chicago_bears_1981,457,207,2543,13,20,28,214
chicago_bears_1982,32,13,164,1,4,2,17
chicago_bears_1983,151,79,1203,8,9,11,92
chicago_bears_1984,115,58,666,3,10,13,91
chicago_bears_1985,11,5,129,1,0,0,0
chicago_bears_1986,201,97,1466,5,13,10,60
chicago_bears_1987,213,113,1361,5,12,20,151
chicago_bears_1988,269,134,1827,7,8,11,96
chicago_bears_1989,484,267,3262,21,25,28,174
chicago_bears_1990,417,220,2721,13,11,42,276
chicago_bears_1991,479,275,3121,15,16,24,163
chicago_bears_1992,361,203,2529,13,12,31,167
chicago_bears_1993,328,200,2002,7,11,43,210
chicago_bears_1994,343,208,2078,10,8,11,52
chicago_bears_1995,0,0,0,0,0,0,0
chicago_bears_1996,19,15,221,1,0,1,3
chicago_bears_1997,0,0,0,0,0,0,0
chicago_bears_1998,0,0,0,0,0,0,0
chicago_bears_1999,275,167,1645,10,6,13,79
chicago_bears_2000,180,103,977,3,6,5,24
chicago_bears_2001,130,85,721,6,6,6,48
chicago_bears_2002,172,110,1094,5,4,23,144
chicago_bears_2003,192,107,1050,3,7,14,101
chicago_bears_2004,99,51,413,1,4,15,109
chicago_bears_2005,370,191,1887,9,13,30,190
chicago_bears_2006,1,1,37,0,0,0,0
chicago_bears_2007,82,44,487,4,2,2,12
chicago_bears_2008,466,272,2972,18,12,27,160
chicago_bears_2009,563,340,3677,27,27,35,204
chicago_bears_2010,439,266,3329,23,16,54,367
chicago_bears_2011,472,268,3346,18,20,49,335
chicago_bears_2012,485,287,3298,21,16,44,299
chicago_bears_2013,579,373,4450,32,13,30,169
chicago_bears_2014,561,370,3812,28,18,38,223
chicago_bears_2015,483,311,3659,21,11,29,150
chicago_bears_2016,559,347,4139,19,19,28,170
chicago_cardinals_1926,0,0,0,0,0,0,0
chicago_cardinals_1927,0,0,0,0,0,0,0
chicago_cardinals_1928,0,0,0,0,0,0,0
chicago_cardinals_1932,28,9,103,0,3,0,0
chicago_cardinals_1933,134,35,437,3,30,0,0
chicago_cardinals_1934,16,5,71,1,3,0,0
chicago_cardinals_1935,94,39,497,1,18,0,0
chicago_cardinals_1936,145,55,944,3,19,0,0
chicago_cardinals_1937,7,0,0,0,1,0,0
chicago_cardinals_1938,113,59,690,2,13,0,0
chicago_cardinals_1939,225,76,1039,5,31,0,0
chicago_cardinals_1940,24,7,67,0,6,0,0
chicago_cardinals_1941,120,55,836,3,8,0,0
chicago_cardinals_1942,301,127,1376,6,27,0,0
chicago_cardinals_1943,158,69,881,5,30,0,0
chicago_cardinals_1945,250,96,1285,5,16,0,0
chicago_cardinals_1946,265,114,1916,17,20,0,0
chicago_cardinals_1947,337,159,2531,18,24,0,132
chicago_cardinals_1948,277,130,2016,21,12,0,189
chicago_cardinals_1949,304,138,1763,21,26,0,176
chicago_cardinals_1950,257,117,1636,17,24,0,255
chicago_cardinals_1951,114,56,809,3,10,0,112
chicago_cardinals_1952,96,35,582,5,9,0,107
chicago_cardinals_1953,65,31,205,0,6,0,30
chicago_cardinals_1954,2,0,0,0,0,0,6
chicago_cardinals_1955,12,6,96,2,0,0,0
chicago_cardinals_1956,5,0,0,0,1,0,6
chicago_cardinals_1957,70,24,401,1,7,0,53
chicago_cardinals_1958,199,106,1426,11,11,0,68
chicago_cardinals_1959,96,41,669,6,5,0,63
chicago_rockets_1946,0,0,0,0,0,0,0
chicago_rockets_1947,0,0,0,0,0,0,0
chicago_rockets_1948,0,0,0,0,0,0,0
cincinnati_bengals_1968,81,47,506,1,4,10,69
cincinnati_bengals_1969,1,1,13,0,0,0,0
cincinnati_bengals_1970,282,146,1686,9,9,21,154
cincinnati_bengals_1971,363,213,2419,15,11,40,303
cincinnati_bengals_1972,383,218,2497,10,11,24,192
cincinnati_bengals_1973,329,179,2428,18,12,24,163
cincinnati_bengals_1974,329,214,2684,18,10,36,292
cincinnati_bengals_1975,428,253,3466,23,14,34,256
cincinnati_bengals_1976,360,187,2443,21,15,37,252
cincinnati_bengals_1977,382,190,2528,11,16,30,214
cincinnati_bengals_1978,463,247,3009,13,30,38,298
cincinnati_bengals_1979,426,228,2821,17,15,62,502
cincinnati_bengals_1980,509,281,3102,17,25,37,287
cincinnati_bengals_1981,547,331,4187,30,12,35,205
cincinnati_bengals_1982,310,219,2501,12,9,27,162
cincinnati_bengals_1983,453,290,3492,14,18,40,309
cincinnati_bengals_1984,494,304,3582,17,22,45,358
cincinnati_bengals_1985,514,300,4073,30,12,40,359
cincinnati_bengals_1986,495,287,4160,25,19,28,203
cincinnati_bengals_1987,461,250,3434,16,19,28,224
cincinnati_bengals_1988,392,225,3592,28,14,30,245
cincinnati_bengals_1989,457,258,3525,28,11,38,315
cincinnati_bengals_1990,406,225,3035,25,23,33,207
cincinnati_bengals_1991,414,234,2886,13,16,25,190
cincinnati_bengals_1992,376,191,1937,14,17,37,296
cincinnati_bengals_1993,504,268,2767,11,11,53,289
cincinnati_bengals_1994,233,133,1387,7,9,24,165
cincinnati_bengals_1995,16,8,93,1,1,1,10
cincinnati_bengals_1996,1,1,12,0,0,0,0
cincinnati_bengals_1997,187,118,1478,13,2,7,43
cincinnati_bengals_1998,344,212,2216,15,4,31,221
cincinnati_bengals_1999,1,1,6,0,0,0,0
cincinnati_bengals_2000,0,0,0,0,0,0,0
cincinnati_bengals_2001,582,313,3216,12,23,25,185
cincinnati_bengals_2002,473,294,3178,16,16,24,159
cincinnati_bengals_2003,520,324,3591,26,15,37,249
cincinnati_bengals_2004,536,324,3520,23,22,31,219
cincinnati_bengals_2005,538,362,3935,32,14,21,115
cincinnati_bengals_2006,520,324,4035,28,13,36,233
cincinnati_bengals_2007,575,373,4131,26,20,17,119
cincinnati_bengals_2008,513,303,2677,11,15,51,271
cincinnati_bengals_2009,477,286,3134,21,13,29,244
cincinnati_bengals_2010,590,365,3988,26,20,28,221
cincinnati_bengals_2011,517,300,3398,20,13,24,160
cincinnati_bengals_2012,529,330,3742,28,16,46,229
cincinnati_bengals_2013,587,364,4318,33,20,29,182
cincinnati_bengals_2014,503,323,3551,20,17,23,130
cincinnati_bengals_2015,505,334,4104,31,9,32,181
cincinnati_bengals_2016,563,364,4206,18,8,41,264
cincinnati_reds_1933,44,12,167,0,6,0,0
cincinnati_reds_1934,16,2,31,0,0,0,0
cleveland_browns_1946,0,0,0,0,0,0,0
cleveland_browns_1947,0,0,0,0,0,0,0
cleveland_browns_1948,0,0,0,0,0,0,0
cleveland_browns_1949,0,0,0,0,0,0,0
cleveland_browns_1950,6,2,41,1,1,0,14
cleveland_browns_1951,6,4,68,1,1,0,0
cleveland_browns_1952,6,2,20,1,2,0,18
cleveland_browns_1953,44,24,337,5,0,0,0
cleveland_browns_1954,55,32,465,3,5,0,18
cleveland_browns_1955,49,32,504,6,3,0,34
cleveland_browns_1956,202,105,1358,8,18,0,183
cleveland_browns_1957,113,64,1261,10,8,0,56
cleveland_browns_1958,17,8,139,1,3,0,32
cleveland_browns_1959,10,3,41,0,1,0,10
cleveland_browns_1960,13,8,23,0,0,0,24
cleveland_browns_1961,15,7,85,1,3,0,19
cleveland_browns_1962,174,87,1178,7,9,0,57
cleveland_browns_1963,61,29,423,2,6,4,45
cleveland_browns_1964,9,6,125,2,0,1,12
cleveland_browns_1965,83,40,549,4,3,8,70
cleveland_browns_1966,19,11,175,4,1,1,14
cleveland_browns_1967,44,21,254,2,1,4,30
cleveland_browns_1968,297,153,2400,20,10,11,102
cleveland_browns_1969,377,198,2814,24,21,20,190
cleveland_browns_1970,392,190,2752,17,24,16,170
cleveland_browns_1971,376,188,2521,14,27,22,222
cleveland_browns_1972,337,158,2135,13,19,27,219
cleveland_browns_1973,299,148,1719,9,20,44,362
cleveland_browns_1974,256,117,1384,9,17,33,280
cleveland_browns_1975,313,162,1749,4,19,28,261
cleveland_browns_1976,57,29,247,3,1,3,10
cleveland_browns_1977,121,67,797,6,10,6,67
cleveland_browns_1978,1,1,19,0,0,0,0
cleveland_browns_1979,2,1,14,0,0,0,0
cleveland_browns_1980,0,0,0,0,0,0,0
cleveland_browns_1982,0,0,0,0,0,0,0
cleveland_browns_1983,3,1,25,0,1,0,0
cleveland_browns_1984,1,1,2,0,0,2,13
cleveland_browns_1985,413,221,2852,16,13,36,249
cleveland_browns_1986,537,314,3983,18,11,39,274
cleveland_browns_1987,482,291,3625,27,12,29,170
cleveland_browns_1988,446,258,2950,13,12,32,224
cleveland_browns_1989,527,308,3593,19,15,34,192
cleveland_browns_1990,573,301,3407,13,23,42,260
cleveland_browns_1991,503,312,3547,19,10,41,232
cleveland_browns_1992,396,238,3102,18,15,34,217
cleveland_browns_1993,477,262,3328,23,19,45,289
cleveland_browns_1994,378,207,2575,16,18,12,83
cleveland_browns_1995,554,323,3747,21,20,32,178
cleveland_browns_1999,93,48,550,4,2,4,26
cleveland_browns_2000,214,119,1078,2,9,17,116
cleveland_browns_2001,0,0,0,0,0,0,0
cleveland_browns_2002,3,1,33,1,0,0,0
cleveland_browns_2003,3,0,0,0,0,0,0
cleveland_browns_2004,352,192,2339,14,16,36,221
cleveland_browns_2005,333,199,2321,11,12,24,141
cleveland_browns_2006,117,66,793,5,8,8,66
cleveland_browns_2007,535,301,3832,29,19,14,109
cleveland_browns_2008,372,187,2133,11,10,15,96
cleveland_browns_2009,439,218,2237,11,17,30,179
cleveland_browns_2010,473,293,3171,13,18,35,214
cleveland_browns_2011,570,320,3300,16,13,38,203
cleveland_browns_2012,566,328,3668,16,18,36,233
cleveland_browns_2013,681,379,4372,26,20,49,325
cleveland_browns_2014,502,274,3678,12,16,31,213
cleveland_browns_2015,609,371,4156,20,12,53,374
cleveland_browns_2016,543,324,3511,14,13,64,415
cleveland_bulldogs_1927,0,0,0,0,0,0,0
cleveland_indians_1931,0,0,0,0,0,0,0
cleveland_rams_1937,94,31,420,1,14,0,0
cleveland_rams_1938,114,43,591,1,18,0,0
cleveland_rams_1939,208,106,1227,9,13,0,0
cleveland_rams_1940,188,77,1108,7,18,0,0
cleveland_rams_1941,227,96,1045,8,25,0,0
cleveland_rams_1942,237,107,1488,13,26,0,0
cleveland_rams_1944,129,58,925,9,14,0,0
cleveland_rams_1945,198,100,1767,16,20,0,0
dallas_cowboys_1960,225,111,1736,12,25,0,205
dallas_cowboys_1961,236,120,1741,14,16,0,103
dallas_cowboys_1962,167,95,1436,16,9,0,98
dallas_cowboys_1963,65,33,418,3,3,9,73
dallas_cowboys_1964,68,32,349,1,6,10,87
dallas_cowboys_1965,23,10,168,1,1,7,44
dallas_cowboys_1966,42,24,301,0,1,4,39
dallas_cowboys_1967,25,13,281,2,2,4,26
dallas_cowboys_1968,5,2,43,0,0,0,0
dallas_cowboys_1969,3,1,35,0,1,2,14
dallas_cowboys_1970,4,2,72,1,1,0,0
dallas_cowboys_1971,6,2,24,0,1,0,0
dallas_cowboys_1972,2,0,0,0,0,0,0
dallas_cowboys_1973,1,0,0,0,0,0,0
dallas_cowboys_1974,2,2,83,1,0,0,0
dallas_cowboys_1975,2,1,46,1,0,0,0
dallas_cowboys_1976,1,1,39,1,0,0,0
dallas_cowboys_1977,0,0,0,0,0,0,0
dallas_cowboys_1978,0,0,0,0,0,0,0
dallas_cowboys_1979,0,0,0,0,0,0,0
dallas_cowboys_1980,12,5,69,2,0,1,0
dallas_cowboys_1981,47,18,316,2,1,1,11
dallas_cowboys_1982,2,1,26,0,1,0,0
dallas_cowboys_1983,1,0,0,0,1,0,0
dallas_cowboys_1984,2,1,49,1,0,0,0
dallas_cowboys_1985,8,5,47,0,0,0,0
dallas_cowboys_1986,379,216,2750,8,17,47,362
dallas_cowboys_1987,101,55,642,3,2,5,35
dallas_cowboys_1988,435,245,3139,17,19,21,112
dallas_cowboys_1989,513,266,3124,14,27,30,239
dallas_cowboys_1990,475,254,2898,12,24,43,317
dallas_cowboys_1991,363,237,2754,11,10,32,224
dallas_cowboys_1992,473,302,3445,23,14,23,112
dallas_cowboys_1993,475,317,3617,18,6,29,163
dallas_cowboys_1994,448,282,3461,19,14,20,93
dallas_cowboys_1995,437,284,3350,17,7,14,89
dallas_cowboys_1996,468,299,3170,12,13,18,120
dallas_cowboys_1997,532,302,3339,19,12,35,287
dallas_cowboys_1998,474,279,3546,17,8,19,110
dallas_cowboys_1999,507,295,3278,20,13,24,151
dallas_cowboys_2000,262,156,1632,7,14,13,91
dallas_cowboys_2001,266,136,1565,6,10,24,138
dallas_cowboys_2002,221,125,1465,7,8,19,130
dallas_cowboys_2003,508,293,3339,17,21,37,185
dallas_cowboys_2004,500,298,3558,18,21,34,182
dallas_cowboys_2005,1,0,0,0,0,1,3
dallas_cowboys_2006,0,0,0,0,0,0,0
dallas_cowboys_2007,11,7,79,0,0,1,9
dallas_cowboys_2008,79,42,469,2,5,8,54
dallas_cowboys_2009,0,0,0,0,0,0,0
dallas_cowboys_2010,319,209,2365,16,12,21,100
dallas_cowboys_2011,10,6,87,1,2,0,0
dallas_cowboys_2012,10,9,89,1,0,0,0
dallas_cowboys_2013,51,33,398,2,2,0,0
dallas_cowboys_2014,41,24,303,3,2,1,9
dallas_cowboys_2015,407,251,2793,11,15,27,171
dallas_cowboys_2016,479,322,3770,24,6,28,168
dallas_texans_1952,178,63,1038,9,13,0,291
dallas_texans_1960,433,209,2831,16,18,0,0
dallas_texans_1961,332,152,2454,17,24,0,0
dallas_texans_1962,310,189,2759,29,17,0,0
denver_broncos_1960,1,1,26,0,0,0,0
denver_broncos_1961,3,0,0,0,2,0,0
denver_broncos_1962,114,50,791,4,14,0,0
denver_broncos_1963,1,0,0,0,0,0,0
denver_broncos_1964,266,133,1611,11,21,0,0
denver_broncos_1965,80,44,692,5,3,0,0
denver_broncos_1966,174,88,1194,5,12,0,0
denver_broncos_1967,374,150,2190,17,18,58,508
denver_broncos_1968,182,77,1144,6,13,19,192
denver_broncos_1969,403,192,2835,23,23,44,311
denver_broncos_1970,403,183,2358,11,28,44,333
denver_broncos_1971,185,86,1187,5,13,14,111
denver_broncos_1972,384,201,2900,19,23,38,266
denver_broncos_1973,377,196,2706,22,19,27,187
denver_broncos_1974,319,178,2590,18,16,45,325
denver_broncos_1975,376,194,2613,14,26,34,275
denver_broncos_1976,353,168,2510,15,22,48,306
denver_broncos_1977,59,32,336,1,4,7,64
denver_broncos_1978,124,71,908,6,9,12,94
denver_broncos_1979,104,56,807,2,4,13,86
denver_broncos_1980,4,1,15,0,0,0,0
denver_broncos_1981,109,64,797,6,7,7,67
denver_broncos_1982,223,131,1405,7,11,17,133
denver_broncos_1983,476,242,3280,16,21,53,419
denver_broncos_1984,380,214,2598,18,15,24,158
denver_broncos_1985,607,327,3891,22,23,38,307
denver_broncos_1986,506,282,3551,21,13,35,250
denver_broncos_1987,518,280,3826,24,17,28,206
denver_broncos_1988,510,280,3437,18,19,30,237
denver_broncos_1989,416,223,3051,18,18,35,298
denver_broncos_1990,503,294,3526,15,14,43,311
denver_broncos_1991,454,243,3277,13,12,45,305
denver_broncos_1992,439,241,3080,16,26,46,332
denver_broncos_1993,553,350,4061,27,10,39,293
denver_broncos_1994,495,307,3490,16,10,46,303
denver_broncos_1995,542,316,3970,26,14,22,180
denver_broncos_1996,483,296,3386,26,15,27,201
denver_broncos_1997,504,281,3656,27,11,35,210
denver_broncos_1998,356,210,2806,22,10,18,135
denver_broncos_2000,1,0,0,0,0,1,5
denver_broncos_2001,12,7,73,0,0,1,6
denver_broncos_2002,0,0,0,0,0,0,0
denver_broncos_2003,113,57,483,2,6,2,24
denver_broncos_2004,0,0,0,0,0,0,0
denver_broncos_2005,8,2,7,0,0,0,0
denver_broncos_2006,137,81,1001,9,5,13,85
denver_broncos_2007,515,326,3759,21,15,32,175
denver_broncos_2008,620,386,4545,25,18,12,74
denver_broncos_2009,541,336,3802,21,12,29,159
denver_broncos_2010,580,334,4307,25,12,40,269
denver_broncos_2011,429,217,2708,20,13,42,274
denver_broncos_2012,588,402,4671,37,11,21,137
denver_broncos_2013,675,461,5572,55,10,20,128
denver_broncos_2014,607,399,4779,40,15,17,118
denver_broncos_2015,606,368,4216,19,23,39,246
denver_broncos_2016,570,339,3914,20,11,40,229
detroit_lions_1934,21,8,129,1,1,0,0
detroit_lions_1935,53,19,400,4,9,0,0
detroit_lions_1936,16,3,52,0,4,0,0
detroit_lions_1937,4,0,0,0,0,0,0
detroit_lions_1938,3,3,80,0,0,0,0
detroit_lions_1939,49,27,343,3,4,0,0
detroit_lions_1940,1,0,0,0,0,0,0
detroit_lions_1941,81,22,263,1,9,0,0
detroit_lions_1942,100,30,392,1,14,0,0
detroit_lions_1943,83,27,428,4,13,0,0
detroit_lions_1944,49,24,361,4,6,0,0
detroit_lions_1945,141,57,949,9,18,0,0
detroit_lions_1946,90,32,482,3,9,0,0
detroit_lions_1947,344,164,2422,21,34,0,297
detroit_lions_1948,323,151,2288,20,25,0,251
detroit_lions_1949,254,116,1458,9,14,0,255
detroit_lions_1950,399,175,2753,21,28,0,368
detroit_lions_1951,347,156,2454,27,24,0,153
detroit_lions_1952,352,168,2442,22,26,0,267
detroit_lions_1953,281,128,2119,17,21,0,127
detroit_lions_1954,250,135,1818,14,13,0,91
detroit_lions_1955,396,201,2463,13,21,0,132
detroit_lions_1956,299,160,2250,13,22,0,55
detroit_lions_1957,184,87,1169,6,12,0,123
detroit_lions_1958,30,14,282,2,2,0,22
detroit_lions_1959,29,9,168,0,2,0,7
detroit_lions_1960,284,134,1599,2,18,0,283
detroit_lions_1961,248,117,1921,7,18,0,212
detroit_lions_1962,2,0,0,0,0,0,0
detroit_lions_1963,1,1,37,0,0,0,0
detroit_lions_1964,7,2,61,1,2,0,0
detroit_lions_1965,61,24,357,2,6,3,29
detroit_lions_1966,0,0,0,0,0,0,0
detroit_lions_1967,2,0,0,0,0,0,0
detroit_lions_1968,48,23,338,2,7,6,50
detroit_lions_1969,163,81,896,5,10,30,265
detroit_lions_1970,136,83,1072,9,5,26,198
detroit_lions_1971,261,136,2237,16,13,30,247
detroit_lions_1972,269,134,2066,18,17,25,149
detroit_lions_1973,140,76,976,3,11,13,98
detroit_lions_1974,84,50,601,3,3,11,83
detroit_lions_1975,249,117,1584,10,10,32,249
detroit_lions_1976,355,201,2630,20,11,67,490
detroit_lions_1977,382,190,1954,7,16,54,441
detroit_lions_1978,428,247,2746,19,18,47,444
detroit_lions_1979,409,199,2418,13,26,47,406
detroit_lions_1980,421,246,3249,13,12,44,338
detroit_lions_1981,154,85,1074,4,8,17,129
detroit_lions_1982,197,100,1343,10,14,19,145
detroit_lions_1983,113,59,720,7,4,8,68
detroit_lions_1984,454,266,3269,17,21,42,347
detroit_lions_1985,54,31,364,2,3,4,35
detroit_lions_1986,155,73,941,7,7,10,101
detroit_lions_1987,0,0,0,0,0,0,0
detroit_lions_1988,1,0,0,0,0,0,0
detroit_lions_1989,427,220,3150,11,21,52,317
detroit_lions_1990,460,242,3328,24,20,44,278
detroit_lions_1991,194,116,1339,5,9,11,42
detroit_lions_1992,300,173,2379,12,13,44,274
detroit_lions_1993,297,177,1941,7,16,41,194
detroit_lions_1994,1,0,0,0,0,0,0
detroit_lions_1995,22,16,172,1,0,1,5
detroit_lions_1996,103,55,554,3,4,10,61
detroit_lions_1997,30,11,121,0,2,0,0
detroit_lions_1998,414,236,2946,16,10,41,240
detroit_lions_1999,270,151,1957,13,7,36,186
detroit_lions_2000,503,277,2992,14,19,53,317
detroit_lions_2001,494,290,3298,15,23,45,251
detroit_lions_2002,429,215,2294,12,16,8,75
detroit_lions_2003,557,310,2901,17,22,9,55
detroit_lions_2004,489,274,3047,19,12,36,196
detroit_lions_2005,520,297,3021,15,18,31,173
detroit_lions_2006,596,372,4208,21,22,63,388
detroit_lions_2007,587,368,4216,19,22,54,338
detroit_lions_2008,392,220,2493,14,13,35,219
detroit_lions_2009,428,227,2526,13,26,29,196
detroit_lions_2010,631,383,4001,26,16,27,191
detroit_lions_2011,666,423,5071,41,16,36,257
detroit_lions_2012,740,445,5139,22,17,29,212
detroit_lions_2013,634,371,4650,29,19,23,168
detroit_lions_2014,604,365,4284,22,12,45,254
detroit_lions_2015,632,420,4463,33,14,44,251
detroit_lions_2016,594,388,4327,24,10,37,216
detroit_wolverines_1928,0,0,0,0,0,0,0
duluth_eskimos_1926,0,0,0,0,0,0,0
frankford_yellow_jackets_1927,0,0,0,0,0,0,0
frankford_yellow_jackets_1930,0,0,0,0,0,0,0
frankford_yellow_jackets_1931,0,0,0,0,0,0,0
green_bay_packers_1924,0,0,0,0,0,0,0
green_bay_packers_1925,0,0,0,0,0,0,0
green_bay_packers_1926,0,0,0,0,0,0,0
green_bay_packers_1927,0,0,0,0,0,0,0
green_bay_packers_1928,0,0,0,1,0,0,0
green_bay_packers_1929,0,0,0,4,0,0,0
green_bay_packers_1930,0,0,0,3,0,0,0
green_bay_packers_1931,0,0,0,3,0,0,0
green_bay_packers_1932,25,5,84,0,4,0,0
green_bay_packers_1934,4,0,0,0,1,0,0
green_bay_packers_1935,22,10,185,1,5,0,0
green_bay_packers_1936,20,7,80,1,3,0,0
green_bay_packers_1937,24,9,91,1,4,0,0
green_bay_packers_1938,96,37,659,8,12,0,0
green_bay_packers_1939,109,44,764,6,6,0,0
green_bay_packers_1940,192,80,1236,12,19,0,0
green_bay_packers_1941,252,132,1728,17,13,0,0
green_bay_packers_1942,330,172,2407,28,18,0,0
green_bay_packers_1943,135,58,935,10,13,0,0
green_bay_packers_1944,24,10,104,0,1,0,0
green_bay_packers_1945,0,0,0,0,0,0,0
green_bay_packers_1946,76,25,411,2,9,0,0
green_bay_packers_1947,252,112,1724,17,18,0,104
green_bay_packers_1948,206,88,989,6,22,0,198
green_bay_packers_1949,192,65,936,4,15,0,193
green_bay_packers_1950,143,57,600,7,13,0,174
green_bay_packers_1951,222,125,1306,11,9,0,146
green_bay_packers_1952,180,79,1420,13,17,0,127
green_bay_packers_1953,166,74,830,4,19,0,161
green_bay_packers_1954,30,15,143,0,1,0,0
green_bay_packers_1955,0,0,0,0,0,0,0
green_bay_packers_1956,0,0,0,0,0,0,0
green_bay_packers_1957,103,39,669,4,12,0,125
green_bay_packers_1958,189,83,1243,12,15,0,151
green_bay_packers_1959,18,5,91,0,1,0,7
green_bay_packers_1961,4,0,0,0,0,0,0
green_bay_packers_1962,14,3,33,0,0,0,4
green_bay_packers_1963,86,40,661,5,8,7,53
green_bay_packers_1964,0,0,0,0,0,0,0
green_bay_packers_1965,2,1,51,0,0,0,0
green_bay_packers_1966,2,0,0,0,0,0,0
green_bay_packers_1967,3,2,40,0,0,0,0
green_bay_packers_1968,3,1,12,1,0,0,0
green_bay_packers_1969,0,0,0,0,0,0,0
green_bay_packers_1970,20,9,123,1,1,8,71
green_bay_packers_1971,9,3,48,1,1,0,0
green_bay_packers_1972,35,13,182,0,0,4,38
green_bay_packers_1973,170,84,1061,5,13,17,131
green_bay_packers_1974,331,159,1781,4,18,14,105
green_bay_packers_1975,358,194,2156,9,21,35,284
green_bay_packers_1976,282,137,1754,8,16,31,309
green_bay_packers_1977,221,114,1379,5,14,22,197
green_bay_packers_1978,0,0,0,0,0,0,0
green_bay_packers_1979,119,60,787,5,4,15,120
green_bay_packers_1980,483,280,3548,15,25,38,321
green_bay_packers_1981,386,220,2784,17,19,42,309
green_bay_packers_1982,219,124,1790,12,14,25,196
green_bay_packers_1983,491,293,4539,33,30,40,307
green_bay_packers_1984,444,254,3430,28,24,38,293
green_bay_packers_1985,439,228,3000,19,23,42,322
green_bay_packers_1986,40,23,283,1,3,3,15
green_bay_packers_1987,208,102,1470,9,6,25,168
green_bay_packers_1988,338,178,2119,9,11,31,176
green_bay_packers_1989,600,354,4325,27,20,48,277
green_bay_packers_1990,541,302,3696,20,21,62,390
green_bay_packers_1991,514,272,3213,17,19,45,270
green_bay_packers_1992,526,340,3498,20,15,43,268
green_bay_packers_1993,528,322,3330,19,24,30,199
green_bay_packers_1994,582,363,3882,33,14,31,188
green_bay_packers_1995,586,367,4494,39,14,33,217
green_bay_packers_1996,543,325,3899,39,13,40,241
green_bay_packers_1997,513,304,3867,35,16,25,176
green_bay_packers_1998,575,361,4340,33,23,39,230
green_bay_packers_1999,605,344,4132,23,23,36,232
green_bay_packers_2000,599,348,3916,21,16,34,238
green_bay_packers_2001,510,314,3921,32,15,22,151
green_bay_packers_2002,580,361,3823,29,16,27,196
green_bay_packers_2003,473,310,3377,32,21,19,137
green_bay_packers_2004,597,381,4530,35,19,14,101
green_bay_packers_2005,626,383,3964,20,30,27,198
green_bay_packers_2006,629,350,3947,18,18,24,152
green_bay_packers_2007,578,383,4461,30,15,19,127
green_bay_packers_2008,541,343,4044,28,13,34,231
green_bay_packers_2009,553,357,4492,30,8,51,312
green_bay_packers_2010,541,352,4355,31,13,38,231
green_bay_packers_2011,552,376,5161,51,8,41,237
green_bay_packers_2012,556,373,4315,39,8,51,293
green_bay_packers_2013,570,366,4538,25,16,45,270
green_bay_packers_2014,536,349,4447,38,6,30,186
green_bay_packers_2015,573,348,3825,31,8,47,322
green_bay_packers_2016,620,403,4445,40,8,35,246
houston_oilers_1960,80,41,842,5,6,0,0
houston_oilers_1961,133,66,1205,12,7,0,0
houston_oilers_1962,54,28,479,5,6,0,0
houston_oilers_1963,76,37,475,2,8,0,0
houston_oilers_1964,0,0,0,0,0,0,0
houston_oilers_1965,1,0,0,0,0,0,0
houston_oilers_1966,9,4,27,0,1,0,0
houston_oilers_1967,321,139,1494,11,20,18,133
houston_oilers_1968,309,138,2000,7,22,20,222
houston_oilers_1969,414,205,2678,12,25,25,237
houston_oilers_1970,470,238,2768,12,23,33,262
houston_oilers_1971,423,194,2643,12,37,31,234
houston_oilers_1972,372,181,2045,10,22,45,372
houston_oilers_1973,410,225,2370,11,27,43,451
houston_oilers_1974,361,203,2275,12,19,33,298
houston_oilers_1975,346,165,2099,14,17,27,230
houston_oilers_1976,422,227,2429,17,18,39,357
houston_oilers_1977,343,180,2063,13,21,22,224
houston_oilers_1978,372,201,2473,16,17,17,135
houston_oilers_1979,385,195,2494,17,21,32,238
houston_oilers_1980,6,3,69,2,0,0,0
houston_oilers_1981,156,93,1131,7,5,11,88
houston_oilers_1982,287,153,1882,12,15,39,308
houston_oilers_1983,264,135,1887,7,16,33,246
houston_oilers_1984,0,0,0,0,0,0,0
houston_oilers_1985,1,1,-7,0,0,0,0
houston_oilers_1986,2,0,0,0,0,0,0
houston_oilers_1987,113,56,728,3,5,5,36
houston_oilers_1988,134,58,839,4,10,12,90
houston_oilers_1989,32,15,155,0,2,2,20
houston_oilers_1990,55,37,383,4,2,3,15
houston_oilers_1991,12,7,114,1,0,1,9
houston_oilers_1992,227,149,1710,9,11,16,97
houston_oilers_1993,94,54,660,2,4,9,61
houston_oilers_1994,554,274,3216,13,17,65,417
houston_oilers_1995,357,225,2460,17,10,21,173
houston_oilers_1996,320,184,2099,16,11,25,153
houston_texans_2002,447,235,2636,11,15,76,411
houston_texans_2003,439,248,2841,14,18,36,186
houston_texans_2004,471,286,3547,16,14,49,301
houston_texans_2005,448,270,2661,15,13,68,424
houston_texans_2006,442,302,2767,11,12,41,240
houston_texans_2007,0,0,0,0,0,0,0
houston_texans_2008,0,0,0,0,0,0,0
houston_texans_2009,0,0,0,0,0,0,0
houston_texans_2010,0,0,0,0,0,0,0
houston_texans_2011,175,110,1217,5,3,17,92
houston_texans_2012,10,4,38,0,1,1,0
houston_texans_2013,275,152,1873,9,8,21,208
houston_texans_2014,485,295,3460,22,13,26,108
houston_texans_2015,619,358,4079,29,12,36,246
houston_texans_2016,583,347,3418,15,16,32,242
indianapolis_colts_1984,353,177,2191,12,15,51,371
indianapolis_colts_1985,466,234,2805,15,20,35,244
indianapolis_colts_1986,25,11,236,2,0,5,42
indianapolis_colts_1987,50,28,310,1,5,3,27
indianapolis_colts_1988,233,129,1619,8,12,18,128
indianapolis_colts_1989,130,63,817,3,4,8,49
indianapolis_colts_1990,342,183,2173,16,15,37,320
indianapolis_colts_1991,485,292,2910,10,12,56,481
indianapolis_colts_1992,307,167,1963,7,15,27,188
indianapolis_colts_1993,432,247,2631,8,8,27,195
indianapolis_colts_1994,376,217,2519,15,14,28,166
indianapolis_colts_1995,398,250,3161,20,9,46,287
indianapolis_colts_1996,410,237,2705,14,11,36,190
indianapolis_colts_1997,310,189,2060,10,4,41,256
indianapolis_colts_1998,575,326,3739,26,28,22,109
indianapolis_colts_1999,546,338,4182,26,17,14,116
indianapolis_colts_2000,571,357,4413,33,15,20,131
indianapolis_colts_2001,548,344,4170,27,23,29,232
indianapolis_colts_2002,591,392,4200,27,19,23,145
indianapolis_colts_2003,566,379,4267,29,10,18,107
indianapolis_colts_2004,497,336,4557,49,10,13,101
indianapolis_colts_2005,453,305,3747,28,10,17,81
indianapolis_colts_2006,557,362,4397,31,9,15,89
indianapolis_colts_2007,515,337,4040,31,14,21,124
indianapolis_colts_2008,555,371,4002,27,12,14,86
indianapolis_colts_2009,601,402,4605,34,19,13,90
indianapolis_colts_2010,679,450,4700,33,17,16,91
indianapolis_colts_2011,436,254,2742,12,13,30,188
indianapolis_colts_2012,628,339,4374,23,18,41,246
indianapolis_colts_2013,582,350,3952,23,10,32,227
indianapolis_colts_2014,660,410,5062,42,16,29,168
indianapolis_colts_2015,559,324,3629,25,17,31,189
indianapolis_colts_2016,583,369,4456,32,15,44,289
jacksonville_jaguars_1995,7,3,24,0,1,1,13
jacksonville_jaguars_1996,0,0,0,0,0,0,0
jacksonville_jaguars_1997,69,49,641,2,2,7,29
jacksonville_jaguars_1998,109,61,742,4,3,11,59
jacksonville_jaguars_1999,94,61,656,2,2,7,47
jacksonville_jaguars_2000,33,22,307,2,1,0,0
jacksonville_jaguars_2001,61,32,361,1,1,6,43
jacksonville_jaguars_2002,46,23,231,1,2,7,40
jacksonville_jaguars_2003,432,249,2937,15,16,19,90
jacksonville_jaguars_2004,513,305,3315,17,11,32,156
jacksonville_jaguars_2005,470,273,3240,19,6,31,155
jacksonville_jaguars_2006,424,253,2894,17,14,29,167
jacksonville_jaguars_2007,325,208,2509,18,3,21,99
jacksonville_jaguars_2008,537,335,3620,15,13,42,288
jacksonville_jaguars_2009,519,315,3599,15,10,44,243
jacksonville_jaguars_2010,434,273,3134,24,18,37,285
jacksonville_jaguars_2011,469,240,2510,12,15,44,331
jacksonville_jaguars_2012,586,328,3746,20,17,50,327
jacksonville_jaguars_2013,591,348,3743,15,21,50,310
jacksonville_jaguars_2014,557,325,3451,15,18,71,450
jacksonville_jaguars_2015,606,355,4428,35,18,51,320
jacksonville_jaguars_2016,626,369,3925,24,16,34,197
kansas_city_chiefs_1963,352,190,2389,26,19,0,0
kansas_city_chiefs_1964,363,203,2929,31,20,0,0
kansas_city_chiefs_1965,394,199,2894,22,20,0,0
kansas_city_chiefs_1966,376,198,3105,30,15,0,0
kansas_city_chiefs_1967,382,213,2773,26,19,32,301
kansas_city_chiefs_1968,270,156,2492,20,11,23,204
kansas_city_chiefs_1969,187,111,1465,11,14,15,127
kansas_city_chiefs_1970,262,141,1876,13,14,34,277
kansas_city_chiefs_1971,301,167,2504,15,13,30,303
kansas_city_chiefs_1972,305,175,1835,13,12,28,255
kansas_city_chiefs_1973,166,97,1114,4,6,23,172
kansas_city_chiefs_1974,252,145,1689,7,15,27,212
kansas_city_chiefs_1975,217,129,1540,7,8,34,281
kansas_city_chiefs_1976,81,40,621,3,4,11,90
kansas_city_chiefs_1977,92,47,691,2,11,18,136
kansas_city_chiefs_1978,79,44,415,2,3,3,27
kansas_city_chiefs_1979,0,0,0,0,0,0,0
kansas_city_chiefs_1980,69,37,542,5,2,5,43
kansas_city_chiefs_1981,276,147,1983,9,18,20,160
kansas_city_chiefs_1982,171,96,1199,7,6,23,166
kansas_city_chiefs_1983,606,348,4414,26,19,42,293
kansas_city_chiefs_1984,299,158,2162,15,11,19,165
kansas_city_chiefs_1985,338,181,2536,17,9,28,223
kansas_city_chiefs_1986,309,161,1922,13,11,25,180
kansas_city_chiefs_1987,343,189,2516,15,15,34,260
kansas_city_chiefs_1988,528,282,3484,16,21,43,353
kansas_city_chiefs_1989,435,259,3220,14,23,23,182
kansas_city_chiefs_1990,449,260,3458,23,5,22,191
kansas_city_chiefs_1991,478,284,3281,19,14,21,177
kansas_city_chiefs_1992,0,0,0,0,0,0,0
kansas_city_chiefs_1993,0,0,0,0,0,0,0
kansas_city_chiefs_1994,0,0,0,0,0,0,0
kansas_city_chiefs_1995,11,7,57,0,0,0,0
kansas_city_chiefs_1996,91,54,491,6,1,5,42
kansas_city_chiefs_1997,179,102,1186,9,4,13,86
kansas_city_chiefs_1998,354,206,2305,10,6,25,155
kansas_city_chiefs_1999,0,0,0,0,0,0,0
kansas_city_chiefs_2000,0,0,0,0,0,0,0
kansas_city_chiefs_2001,1,1,40,0,0,0,0
kansas_city_chiefs_2002,0,0,0,0,0,0,0
kansas_city_chiefs_2003,0,0,0,0,0,1,2
kansas_city_chiefs_2004,0,0,0,0,0,0,0
kansas_city_chiefs_2005,0,0,0,0,0,0,0
kansas_city_chiefs_2006,1,0,0,0,0,0,0
kansas_city_chiefs_2007,7,2,41,0,1,1,9
kansas_city_chiefs_2008,422,232,2617,19,12,27,163
kansas_city_chiefs_2009,494,271,2924,16,17,42,243
kansas_city_chiefs_2010,456,266,3151,27,7,28,192
kansas_city_chiefs_2011,500,299,3288,13,18,34,208
kansas_city_chiefs_2012,474,273,2937,8,20,40,224
kansas_city_chiefs_2013,546,333,3561,24,8,41,221
kansas_city_chiefs_2014,493,320,3428,18,6,49,246
kansas_city_chiefs_2015,473,310,3493,20,7,46,238
kansas_city_chiefs_2016,546,365,3914,19,8,32,174
los_angeles_buccaneers_1926,0,0,0,0,0,0,0
los_angeles_chargers_1960,415,213,3041,20,28,0,0
los_angeles_dons_1946,0,0,0,0,0,0,0
los_angeles_dons_1947,0,0,0,0,0,0,0
los_angeles_dons_1948,0,0,0,0,0,0,0
los_angeles_dons_1949,0,0,0,0,0,0,0
los_angeles_raiders_1982,4,1,47,0,0,0,0
los_angeles_raiders_1983,7,4,111,3,0,3,26
los_angeles_raiders_1984,4,1,38,0,0,1,2
los_angeles_raiders_1985,2,1,16,0,0,0,0
los_angeles_raiders_1986,0,0,0,0,0,0,0
los_angeles_raiders_1987,85,40,653,5,4,8,41
los_angeles_raiders_1988,258,114,1860,13,13,20,179
los_angeles_raiders_1989,197,93,1600,8,13,22,151
los_angeles_raiders_1990,336,183,2885,19,10,29,197
los_angeles_raiders_1991,414,220,2977,20,18,33,249
los_angeles_raiders_1992,471,233,2950,20,23,48,360
los_angeles_raiders_1993,76,45,640,3,4,12,87
los_angeles_raiders_1994,33,18,222,2,0,9,57
los_angeles_rams_1946,326,153,2080,19,24,0,0
los_angeles_rams_1947,286,122,1643,13,26,0,84
los_angeles_rams_1948,395,201,2748,28,25,0,65
los_angeles_rams_1949,366,192,2819,23,27,0,145
los_angeles_rams_1950,451,252,3698,31,27,0,165
los_angeles_rams_1951,373,189,3296,26,22,0,97
los_angeles_rams_1952,328,167,2438,17,31,0,146
los_angeles_rams_1953,290,158,2453,19,15,0,61
los_angeles_rams_1954,321,171,3180,15,23,0,133
los_angeles_rams_1955,344,175,2206,9,18,0,145
los_angeles_rams_1956,305,160,2471,17,25,0,142
los_angeles_rams_1957,296,144,2256,21,23,0,255
los_angeles_rams_1958,342,181,2875,18,22,0,213
los_angeles_rams_1959,267,154,2014,12,18,0,124
los_angeles_rams_1960,183,106,1294,12,11,0,267
los_angeles_rams_1961,14,3,47,0,1,0,0
los_angeles_rams_1962,110,62,733,4,2,0,80
los_angeles_rams_1963,302,141,2087,8,16,50,397
los_angeles_rams_1964,144,65,1236,9,5,23,183
los_angeles_rams_1965,174,84,1335,11,5,15,100
los_angeles_rams_1966,398,218,2587,10,16,48,319
los_angeles_rams_1967,374,198,2844,26,13,24,201
los_angeles_rams_1968,371,184,2364,19,16,27,226
los_angeles_rams_1969,401,217,2549,24,7,14,112
los_angeles_rams_1970,407,211,2552,16,12,20,134
los_angeles_rams_1971,370,185,2304,18,11,26,210
los_angeles_rams_1972,371,184,2282,13,22,16,136
los_angeles_rams_1973,269,142,2076,22,11,17,126
los_angeles_rams_1974,337,169,2368,16,13,21,161
los_angeles_rams_1975,333,181,2450,14,17,30,255
los_angeles_rams_1976,315,171,2629,17,15,32,288
los_angeles_rams_1977,339,182,2253,16,11,25,237
los_angeles_rams_1978,465,236,3109,13,22,34,235
los_angeles_rams_1979,422,227,2875,18,25,36,332
los_angeles_rams_1980,445,259,3384,30,23,27,221
los_angeles_rams_1981,425,204,2559,11,28,44,389
los_angeles_rams_1982,209,118,1609,9,9,7,65
los_angeles_rams_1983,489,286,3411,23,23,23,190
los_angeles_rams_1984,358,176,2382,16,17,32,240
los_angeles_rams_1985,38,16,214,0,1,6,58
los_angeles_rams_1986,403,194,2380,15,15,26,178
los_angeles_rams_1987,419,219,2750,16,18,24,190
los_angeles_rams_1988,517,308,3964,31,18,28,197
los_angeles_rams_1989,518,304,4310,29,17,29,214
los_angeles_rams_1990,554,307,3989,23,17,30,198
los_angeles_rams_1991,517,288,3588,13,20,30,200
los_angeles_rams_1992,495,289,3422,23,20,26,204
los_angeles_rams_1993,284,139,1683,8,13,18,125
los_angeles_rams_1994,195,118,1493,7,4,7,46
los_angeles_rams_2016,536,312,3313,14,20,49,362
miami_dolphins_1966,55,21,192,3,6,0,0
miami_dolphins_1967,145,60,668,1,10,16,165
miami_dolphins_1968,68,30,370,0,6,9,69
miami_dolphins_1969,149,66,717,2,11,18,175
miami_dolphins_1970,1,1,25,0,0,0,0
miami_dolphins_1971,0,0,0,0,0,0,0
miami_dolphins_1972,9,5,165,2,1,0,0
miami_dolphins_1973,0,0,0,0,0,0,0
miami_dolphins_1974,1,1,13,0,0,1,11
miami_dolphins_1975,0,0,0,0,0,0,0
miami_dolphins_1976,0,0,0,0,0,0,0
miami_dolphins_1977,0,0,0,0,0,0,0
miami_dolphins_1978,0,0,0,0,0,0,0
miami_dolphins_1979,1,0,0,0,0,0,0
miami_dolphins_1980,1,0,0,0,0,0,0
miami_dolphins_1981,1,0,0,0,0,0,0
miami_dolphins_1982,3,1,15,1,0,0,0
miami_dolphins_1983,300,176,2256,20,6,10,80
miami_dolphins_1984,565,363,5119,49,17,14,128
miami_dolphins_1985,567,336,4137,30,21,18,157
miami_dolphins_1986,625,378,4746,44,23,17,119
miami_dolphins_1987,553,320,3849,29,18,13,101
miami_dolphins_1988,620,363,4557,29,23,7,41
miami_dolphins_1989,601,331,4302,26,25,10,86
miami_dolphins_1990,539,310,3611,21,12,16,99
miami_dolphins_1991,563,327,4077,26,14,28,188
miami_dolphins_1992,555,330,4116,24,16,28,173
miami_dolphins_1993,346,208,2780,14,10,23,162
miami_dolphins_1994,627,392,4533,31,18,18,113
miami_dolphins_1995,591,384,4398,28,20,28,181
miami_dolphins_1996,504,300,3783,22,11,35,237
miami_dolphins_1997,576,332,3945,16,12,22,153
miami_dolphins_1998,537,310,3497,23,15,23,178
miami_dolphins_1999,373,204,2448,12,17,9,66
miami_dolphins_2000,357,204,2402,14,14,24,131
miami_dolphins_2001,450,273,3290,20,19,27,178
miami_dolphins_2002,292,179,2024,14,9,13,89
miami_dolphins_2003,314,179,2138,11,13,19,126
miami_dolphins_2004,546,292,3079,18,23,48,301
miami_dolphins_2005,0,0,0,0,0,0,0
miami_dolphins_2006,456,261,2648,14,16,20,140
miami_dolphins_2007,416,233,2332,7,9,35,235
miami_dolphins_2008,488,328,3720,19,7,24,121
miami_dolphins_2009,533,329,3374,14,18,32,208
miami_dolphins_2010,555,335,3755,17,21,38,228
miami_dolphins_2011,459,274,3365,20,13,47,296
miami_dolphins_2012,504,293,3425,13,13,37,243
miami_dolphins_2013,594,357,3966,24,19,58,399
miami_dolphins_2014,595,394,4066,27,12,46,337
miami_dolphins_2015,588,365,4231,24,12,45,420
miami_dolphins_2016,477,316,3716,27,15,30,216
miami_seahawks_1946,0,0,0,0,0,0,0
minneapolis_red_jackets_1929,0,0,0,2,0,0,0
minneapolis_red_jackets_1930,0,0,0,0,0,0,0
minnesota_vikings_1961,376,203,2527,22,22,0,538
minnesota_vikings_1962,330,163,2595,22,26,0,450
minnesota_vikings_1963,355,197,2687,16,17,51,518
minnesota_vikings_1964,326,179,2614,23,12,48,491
minnesota_vikings_1965,370,189,2861,21,12,35,315
minnesota_vikings_1966,379,203,2717,17,17,38,331
minnesota_vikings_1967,329,147,1908,11,24,29,235
minnesota_vikings_1968,248,129,1695,10,17,31,278
minnesota_vikings_1969,248,127,1805,20,13,28,198
minnesota_vikings_1970,86,44,659,5,5,6,36
minnesota_vikings_1971,90,45,598,2,4,8,91
minnesota_vikings_1972,384,218,2726,19,13,26,203
minnesota_vikings_1973,274,169,2113,15,7,31,270
minnesota_vikings_1974,352,200,2604,17,12,17,142
minnesota_vikings_1975,440,278,3097,27,14,28,251
minnesota_vikings_1976,442,270,3117,17,10,31,262
minnesota_vikings_1977,330,197,2256,13,18,29,279
minnesota_vikings_1978,576,347,3478,25,33,29,274
minnesota_vikings_1979,0,0,0,0,0,1,9
minnesota_vikings_1980,52,32,352,3,0,4,32
minnesota_vikings_1981,102,54,607,1,2,8,66
minnesota_vikings_1982,26,11,68,0,0,1,8
minnesota_vikings_1983,445,239,2840,11,16,37,254
minnesota_vikings_1984,101,55,640,4,4,20,161
minnesota_vikings_1985,0,0,0,0,0,0,0
minnesota_vikings_1986,3,1,17,0,0,0,0
minnesota_vikings_1987,95,51,625,3,6,18,120
minnesota_vikings_1988,15,7,90,0,0,3,22
minnesota_vikings_1989,0,0,0,0,0,1,10
minnesota_vikings_1990,351,183,2290,16,16,34,188
minnesota_vikings_1991,355,212,2191,13,6,19,91
minnesota_vikings_1992,456,256,3108,17,15,40,293
minnesota_vikings_1993,195,115,1413,9,6,12,77
minnesota_vikings_1994,72,38,306,0,1,2,11
minnesota_vikings_1995,36,25,272,0,2,2,18
minnesota_vikings_1996,314,197,2289,17,10,15,119
minnesota_vikings_1997,452,275,3036,20,12,26,164
minnesota_vikings_1998,108,68,788,7,6,4,30
minnesota_vikings_1999,329,191,2816,23,12,28,228
minnesota_vikings_2000,0,0,0,0,0,0,0
minnesota_vikings_2001,0,0,0,0,0,0,0
minnesota_vikings_2002,0,0,0,0,0,0,0
minnesota_vikings_2003,0,0,0,0,0,0,0
minnesota_vikings_2004,0,0,0,0,0,0,0
minnesota_vikings_2005,294,184,1885,12,4,23,134
minnesota_vikings_2006,520,317,3225,11,19,37,237
minnesota_vikings_2007,298,174,2032,9,12,19,70
minnesota_vikings_2008,151,89,1060,10,2,14,97
minnesota_vikings_2009,553,377,4403,34,7,34,247
minnesota_vikings_2010,505,305,3327,14,26,36,230
minnesota_vikings_2011,354,192,2229,16,15,33,185
minnesota_vikings_2012,483,300,2935,18,12,32,184
minnesota_vikings_2013,493,305,3455,18,18,43,204
minnesota_vikings_2014,517,322,3566,17,18,51,322
minnesota_vikings_2015,454,294,3246,14,9,45,318
minnesota_vikings_2016,588,414,4119,20,5,38,283
new_england_patriots_1971,2,1,48,0,0,0,0
new_england_patriots_1972,2,0,0,0,2,1,4
new_england_patriots_1973,0,0,0,0,0,0,0
new_england_patriots_1974,1,1,20,0,0,0,0
new_england_patriots_1975,35,18,221,2,3,4,34
new_england_patriots_1976,7,1,7,0,0,0,0
new_england_patriots_1977,0,0,0,0,0,0,0
new_england_patriots_1978,28,15,182,0,2,3,22
new_england_patriots_1979,52,31,314,2,3,4,41
new_england_patriots_1980,107,65,920,9,5,8,62
new_england_patriots_1981,265,137,2045,10,18,26,184
new_england_patriots_1982,65,27,490,5,5,7,86
new_england_patriots_1983,109,52,629,1,6,16,139
new_england_patriots_1984,432,260,3241,23,8,59,409
new_england_patriots_1985,301,170,2172,13,17,28,229
new_england_patriots_1986,455,278,3345,20,11,43,336
new_england_patriots_1987,239,129,1565,11,8,23,163
new_england_patriots_1988,249,132,1499,8,15,15,83
new_england_patriots_1989,199,94,1269,5,8,16,130
new_england_patriots_1990,0,0,0,0,0,0,0
new_england_patriots_1991,3,2,24,1,0,0,0
new_england_patriots_1992,149,70,793,3,7,20,158
new_england_patriots_1993,136,75,918,2,9,7,28
new_england_patriots_1994,8,5,28,0,0,0,0
new_england_patriots_1995,49,28,282,1,0,4,28
new_england_patriots_1996,1,1,5,0,0,0,0
new_england_patriots_1997,9,6,67,2,0,0,0
new_england_patriots_1998,75,32,371,3,3,4,49
new_england_patriots_1999,0,0,0,0,0,1,7
new_england_patriots_2000,4,2,24,0,0,0,0
new_england_patriots_2001,416,266,2926,19,13,41,216
new_england_patriots_2002,605,374,3767,28,14,31,190
new_england_patriots_2003,536,320,3651,23,13,32,219
new_england_patriots_2004,485,293,3750,29,14,26,162
new_england_patriots_2005,564,352,4322,28,15,28,202
new_england_patriots_2006,527,326,3590,25,12,29,190
new_england_patriots_2007,585,402,4844,50,9,21,128
new_england_patriots_2008,534,339,3790,21,11,48,221
new_england_patriots_2009,592,390,4540,28,13,18,104
new_england_patriots_2010,507,331,4022,37,5,25,175
new_england_patriots_2011,612,402,5257,39,12,32,173
new_england_patriots_2012,641,402,4844,34,9,27,182
new_england_patriots_2013,628,380,4343,25,11,40,256
new_england_patriots_2014,609,392,4291,34,9,26,170
new_england_patriots_2015,629,404,4812,36,7,38,225
new_england_patriots_2016,550,368,4456,32,2,24,148
new_orleans_saints_1967,206,97,1341,6,11,18,147
new_orleans_saints_1968,323,169,2102,15,17,26,170
new_orleans_saints_1969,448,242,3177,21,19,27,241
new_orleans_saints_1970,414,213,2690,11,22,28,232
new_orleans_saints_1971,387,182,2355,12,14,50,400
new_orleans_saints_1972,448,230,2781,18,21,43,347
new_orleans_saints_1973,338,163,1901,11,17,37,242
new_orleans_saints_1974,388,185,2037,10,20,37,276
new_orleans_saints_1975,392,181,1961,8,24,53,416
new_orleans_saints_1976,190,103,1065,4,6,24,162
new_orleans_saints_1977,287,149,1800,11,17,41,331
new_orleans_saints_1978,477,294,3452,17,16,37,301
new_orleans_saints_1979,426,256,3251,15,22,17,140
new_orleans_saints_1980,546,326,3959,25,21,46,362
new_orleans_saints_1981,278,154,1692,6,16,28,236
new_orleans_saints_1982,9,2,42,1,2,2,18
new_orleans_saints_1983,2,1,24,0,0,0,0
new_orleans_saints_1984,313,162,2212,12,19,33,267
new_orleans_saints_1985,33,17,199,3,4,1,10
new_orleans_saints_1986,1,1,13,0,0,0,0
new_orleans_saints_1987,92,49,602,5,3,7,73
new_orleans_saints_1988,1,0,0,0,0,0,0
new_orleans_saints_1989,107,61,930,7,4,13,96
new_orleans_saints_1990,443,225,2755,15,21,18,120
new_orleans_saints_1991,255,141,1638,11,6,3,26
new_orleans_saints_1992,0,0,0,0,0,0,0
new_orleans_saints_1993,39,21,278,2,3,0,0
new_orleans_saints_1994,541,346,3855,22,18,21,164
new_orleans_saints_1995,567,345,3970,26,14,27,210
new_orleans_saints_1996,514,295,3069,13,17,22,171
new_orleans_saints_1997,33,19,204,1,3,6,32
new_orleans_saints_1998,199,110,1427,8,4,11,88
new_orleans_saints_1999,344,181,2437,10,21,25,194
new_orleans_saints_2000,0,0,0,0,0,0,0
new_orleans_saints_2001,2,1,12,1,0,0,0
new_orleans_saints_2002,10,8,113,0,0,1,8
new_orleans_saints_2003,2,0,0,0,0,0,0
new_orleans_saints_2004,0,0,0,0,0,0,0
new_orleans_saints_2005,0,0,0,0,0,0,0
new_orleans_saints_2006,579,372,4626,27,13,23,123
new_orleans_saints_2007,652,440,4423,28,18,16,109
new_orleans_saints_2008,635,413,5069,34,17,13,92
new_orleans_saints_2009,514,363,4388,34,11,20,135
new_orleans_saints_2010,661,450,4636,33,22,26,195
new_orleans_saints_2011,662,472,5505,46,14,24,158
new_orleans_saints_2012,671,423,5187,43,19,26,190
new_orleans_saints_2013,651,446,5162,39,12,37,244
new_orleans_saints_2014,659,456,4952,33,17,29,186
new_orleans_saints_2015,667,460,5205,32,12,32,235
new_orleans_saints_2016,674,472,5258,38,15,27,184
new_york_bulldogs_1949,342,172,2025,10,23,0,378
new_york_giants_1925,0,0,0,6,0,0,0
new_york_giants_1926,0,0,0,2,0,0,0
new_york_giants_1927,0,0,0,7,0,0,0
new_york_giants_1928,0,0,0,0,0,0,0
new_york_giants_1929,0,0,0,1,0,0,0
new_york_giants_1930,0,0,0,0,0,0,0
new_york_giants_1931,0,0,0,1,0,0,0
new_york_giants_1932,129,63,659,8,13,0,0
new_york_giants_1933,160,64,1111,13,19,0,0
new_york_giants_1934,129,54,667,4,15,0,0
new_york_giants_1935,151,69,947,10,18,0,0
new_york_giants_1936,178,69,887,10,17,0,0
new_york_giants_1937,181,78,941,9,9,0,0
new_york_giants_1938,179,90,1142,10,16,0,0
new_york_giants_1939,154,62,776,6,9,0,0
new_york_giants_1940,101,43,531,5,8,0,0
new_york_giants_1941,127,53,842,9,13,0,0
new_york_giants_1942,129,60,874,9,10,0,0
new_york_giants_1943,140,61,756,8,8,0,0
new_york_giants_1944,11,3,40,0,3,0,0
new_york_giants_1945,4,1,4,0,0,0,0
new_york_giants_1946,194,100,1450,14,25,0,0
new_york_giants_1947,285,119,1951,17,25,0,320
new_york_giants_1948,56,27,280,1,1,0,60
new_york_giants_1949,17,3,19,0,3,0,10
new_york_giants_1950,55,25,338,4,3,0,113
new_york_giants_1951,21,8,155,1,4,0,27
new_york_giants_1952,49,12,190,2,7,0,56
new_york_giants_1953,34,13,229,3,8,0,8
new_york_giants_1954,8,4,155,3,1,0,0
new_york_giants_1955,6,2,96,2,0,0,0
new_york_giants_1956,5,2,35,2,1,0,0
new_york_giants_1957,9,6,183,2,0,0,0
new_york_giants_1958,11,4,136,1,1,0,0
new_york_giants_1959,48,29,584,3,3,0,21
new_york_giants_1960,161,79,1287,11,14,0,38
new_york_giants_1961,288,166,2314,19,12,0,161
new_york_giants_1962,379,201,3236,33,20,0,92
new_york_giants_1963,367,221,3145,36,14,24,205
new_york_giants_1964,288,151,1896,10,23,31,248
new_york_giants_1965,1,1,49,0,0,0,0
new_york_giants_1966,101,56,752,7,6,20,150
new_york_giants_1967,377,204,3088,29,19,29,283
new_york_giants_1968,337,182,2555,21,12,27,255
new_york_giants_1969,409,220,2918,23,8,36,289
new_york_giants_1970,389,219,2777,19,12,36,249
new_york_giants_1971,460,267,3044,14,24,40,348
new_york_giants_1972,18,10,230,3,3,2,10
new_york_giants_1973,177,99,1279,7,8,19,134
new_york_giants_1974,32,12,165,0,3,1,11
new_york_giants_1975,0,0,0,0,0,0,0
new_york_giants_1976,0,0,0,0,0,0,0
new_york_giants_1977,311,134,1762,6,22,46,375
new_york_giants_1978,382,176,2428,13,27,38,283
new_york_giants_1979,136,56,676,2,8,20,146
new_york_giants_1980,0,0,0,0,0,1,13
new_york_giants_1981,0,0,0,0,0,0,0
new_york_giants_1982,0,0,0,0,0,0,0
new_york_giants_1983,1,0,0,0,0,0,0
new_york_giants_1984,1,1,13,0,0,0,0
new_york_giants_1985,2,0,0,0,0,0,0
new_york_giants_1986,1,0,0,0,0,1,8
new_york_giants_1987,0,0,0,0,0,0,0
new_york_giants_1988,0,0,0,0,0,0,0
new_york_giants_1989,0,0,0,0,0,0,0
new_york_giants_1990,0,0,0,0,0,0,0
new_york_giants_1991,1,0,0,0,0,1,2
new_york_giants_1992,0,0,0,0,0,0,0
new_york_giants_1993,0,0,0,0,0,0,0
new_york_giants_1994,0,0,0,0,0,1,8
new_york_giants_1995,23,6,49,0,3,2,7
new_york_giants_1996,61,24,251,2,1,7,48
new_york_giants_1997,294,156,1740,11,9,19,171
new_york_giants_1998,302,160,1603,11,10,23,181
new_york_giants_1999,0,0,0,0,0,0,0
new_york_giants_2000,0,0,0,0,0,0,0
new_york_giants_2001,0,0,0,0,0,0,0
new_york_giants_2002,4,3,30,0,0,0,0
new_york_giants_2003,116,60,532,3,4,16,95
new_york_giants_2004,475,269,3097,12,13,52,279
new_york_giants_2005,558,294,3762,24,17,28,184
new_york_giants_2006,523,301,3244,24,18,25,186
new_york_giants_2007,529,297,3336,23,20,27,217
new_york_giants_2008,491,298,3353,23,10,28,176
new_york_giants_2009,542,338,4246,28,14,32,227
new_york_giants_2010,539,339,4002,31,25,16,117
new_york_giants_2011,589,359,4933,29,16,28,199
new_york_giants_2012,539,323,3967,26,15,20,142
new_york_giants_2013,567,325,3875,18,29,40,287
new_york_giants_2014,607,383,4470,30,14,30,198
new_york_giants_2015,623,392,4500,36,14,27,157
new_york_giants_2016,598,377,4027,26,16,22,148
new_york_jets_1963,122,47,616,3,9,0,0
new_york_jets_1964,92,32,396,2,7,0,0
new_york_jets_1965,459,209,2751,21,22,0,0
new_york_jets_1966,512,251,3556,21,29,0,0
new_york_jets_1967,511,269,4103,27,29,28,283
new_york_jets_1968,435,216,3548,20,19,18,135
new_york_jets_1969,385,199,2872,21,18,13,117
new_york_jets_1970,198,97,1327,5,13,6,63
new_york_jets_1971,181,77,1161,15,14,14,92
new_york_jets_1972,346,172,2930,21,22,17,153
new_york_jets_1973,172,80,1125,7,14,18,170
new_york_jets_1974,361,191,2616,20,22,19,195
new_york_jets_1975,327,158,2287,15,28,27,253
new_york_jets_1976,392,179,1960,7,28,45,383
new_york_jets_1977,266,133,1863,11,17,24,203
new_york_jets_1978,108,60,849,6,10,15,122
new_york_jets_1979,334,171,2660,16,22,25,222
new_york_jets_1980,481,265,3335,17,30,42,326
new_york_jets_1981,497,279,3231,25,13,30,224
new_york_jets_1982,261,153,1961,14,8,23,206
new_york_jets_1983,518,308,3478,18,26,42,314
new_york_jets_1984,203,116,1402,6,7,22,168
new_york_jets_1985,488,297,3888,25,8,62,399
new_york_jets_1986,482,300,3690,25,20,40,353
new_york_jets_1987,462,270,3088,14,12,65,436
new_york_jets_1988,424,236,2567,15,7,37,267
new_york_jets_1989,540,323,3739,13,21,60,451
new_york_jets_1990,451,246,3059,14,11,40,300
new_york_jets_1991,503,295,3429,12,12,33,273
new_york_jets_1992,486,247,2922,12,23,37,276
new_york_jets_1993,489,294,3492,16,12,21,160
new_york_jets_1994,448,260,2827,17,14,19,134
new_york_jets_1995,419,237,2403,16,16,31,219
new_york_jets_1996,629,339,3911,22,30,41,286
new_york_jets_1997,558,316,3527,20,8,48,313
new_york_jets_1998,529,317,4005,33,13,24,189
new_york_jets_1999,16,10,96,1,1,1,9
new_york_jets_2000,596,331,3817,23,25,14,75
new_york_jets_2001,462,271,2862,17,14,19,130
new_york_jets_2002,484,329,3619,25,9,32,201
new_york_jets_2003,495,312,3524,20,14,31,208
new_york_jets_2004,428,277,3171,19,10,30,173
new_york_jets_2005,204,118,1431,4,9,21,154
new_york_jets_2006,487,313,3352,17,16,34,199
new_york_jets_2007,511,310,3330,15,19,53,316
new_york_jets_2008,527,346,3498,22,23,30,213
new_york_jets_2009,392,209,2569,12,21,30,216
new_york_jets_2010,509,279,3297,17,13,27,171
new_york_jets_2011,544,309,3515,26,18,40,245
new_york_jets_2012,462,253,2964,13,18,36,216
new_york_jets_2013,476,264,3232,13,22,47,338
new_york_jets_2014,498,287,3206,16,15,47,260
new_york_jets_2015,604,362,4170,33,16,22,113
new_york_jets_2016,550,311,3645,16,25,35,179
new_york_titans_1960,73,35,586,6,2,0,0
new_york_titans_1961,22,7,82,1,2,0,0
new_york_titans_1962,8,0,0,0,1,0,0
new_york_yankees_1927,0,0,0,0,0,0,0
new_york_yankees_1928,0,0,0,0,0,0,0
new_york_yankees_1946,0,0,0,0,0,0,0
new_york_yankees_1947,0,0,0,0,0,0,0
new_york_yankees_1948,0,0,0,0,0,0,0
new_york_yankees_1949,0,0,0,0,0,0,0
new_york_yanks_1950,355,174,2894,29,26,0,241
new_york_yanks_1951,428,172,2634,16,27,0,296
newark_tornadoes_1930,0,0,0,0,0,0,0
oakland_raiders_1960,463,235,2923,18,28,0,0
oakland_raiders_1961,412,203,2349,17,28,0,0
oakland_raiders_1962,417,165,2515,10,27,0,0
oakland_raiders_1963,442,191,3387,31,23,0,0
oakland_raiders_1964,521,253,3886,28,33,0,0
oakland_raiders_1965,273,125,1696,14,11,0,0
oakland_raiders_1966,448,210,3408,26,26,0,0
oakland_raiders_1967,426,221,3256,30,20,37,334
oakland_raiders_1968,419,207,3249,25,16,27,224
oakland_raiders_1969,426,221,3302,34,25,11,100
oakland_raiders_1970,356,179,2516,22,15,15,127
oakland_raiders_1971,242,118,1717,16,16,18,172
oakland_raiders_1972,281,149,1998,18,12,14,136
oakland_raiders_1973,93,42,614,2,8,11,87
oakland_raiders_1974,20,7,64,1,5,6,36
oakland_raiders_1975,15,5,50,0,1,2,15
oakland_raiders_1976,65,35,417,6,1,8,71
oakland_raiders_1977,30,15,162,1,4,9,88
oakland_raiders_1978,1,0,0,0,0,0,0
oakland_raiders_1979,0,0,0,0,0,0,0
oakland_raiders_1980,130,66,932,5,8,10,103
oakland_raiders_1981,0,0,0,0,0,0,0
oakland_raiders_1995,175,100,1236,6,8,11,70
oakland_raiders_1996,24,10,87,0,0,4,16
oakland_raiders_1997,529,294,3944,29,10,58,430
oakland_raiders_1998,170,94,1185,4,5,22,162
oakland_raiders_1999,515,304,3840,24,14,49,241
oakland_raiders_2000,473,284,3430,28,11,28,124
oakland_raiders_2001,549,361,3828,27,9,27,155
oakland_raiders_2002,619,418,4689,26,10,36,214
oakland_raiders_2003,255,137,1397,6,6,19,101
oakland_raiders_2004,68,41,524,3,2,5,17
oakland_raiders_2005,0,0,0,0,0,0,0
oakland_raiders_2006,276,147,1677,3,13,46,256
oakland_raiders_2007,198,116,1189,10,11,14,92
oakland_raiders_2008,49,22,204,0,3,6,44
oakland_raiders_2009,0,0,0,0,0,0,0
oakland_raiders_2010,330,194,2387,13,8,33,208
oakland_raiders_2011,496,300,3958,20,20,22,138
oakland_raiders_2012,629,376,4292,24,16,27,208
oakland_raiders_2013,519,298,3629,17,20,44,289
oakland_raiders_2014,619,360,3399,22,14,25,157
oakland_raiders_2015,605,373,4129,34,14,33,250
oakland_raiders_2016,596,379,4137,29,7,18,86
phil-pitt_combine_1943,124,43,846,9,17,0,0
philadelphia_eagles_1933,138,38,625,4,31,0,0
philadelphia_eagles_1934,133,40,457,7,17,0,0
philadelphia_eagles_1935,109,29,439,3,18,0,0
philadelphia_eagles_1936,75,12,150,0,22,0,0
philadelphia_eagles_1937,10,1,86,1,0,0,0
philadelphia_eagles_1938,31,9,178,2,4,0,0
philadelphia_eagles_1939,205,100,1326,6,18,0,0
philadelphia_eagles_1940,362,152,1855,6,20,0,0
philadelphia_eagles_1941,249,115,1363,10,27,0,0
philadelphia_eagles_1942,213,96,1416,8,17,0,0
philadelphia_eagles_1944,105,39,785,8,10,0,0
philadelphia_eagles_1945,156,82,1137,9,10,0,0
philadelphia_eagles_1946,183,99,1377,10,17,0,0
philadelphia_eagles_1947,218,114,1738,18,18,0,135
philadelphia_eagles_1948,300,159,2241,27,15,0,74
philadelphia_eagles_1949,250,130,1909,18,13,0,85
philadelphia_eagles_1950,285,121,1836,15,28,0,150
philadelphia_eagles_1951,66,28,384,3,6,0,44
philadelphia_eagles_1952,279,117,1711,9,14,0,199
philadelphia_eagles_1953,319,168,2569,21,22,0,148
philadelphia_eagles_1954,170,83,1242,10,13,0,192
philadelphia_eagles_1955,172,88,1337,10,7,0,32
philadelphia_eagles_1956,167,83,1130,5,21,0,166
philadelphia_eagles_1957,97,48,686,4,11,0,46
philadelphia_eagles_1958,380,202,2513,18,20,0,46
philadelphia_eagles_1959,347,191,2617,16,16,0,72
philadelphia_eagles_1960,287,153,2471,24,19,0,96
philadelphia_eagles_1961,1,0,0,0,0,0,0
philadelphia_eagles_1962,0,0,0,0,0,0,0
philadelphia_eagles_1963,0,0,0,0,0,0,0
philadelphia_eagles_1964,0,0,0,0,0,0,0
philadelphia_eagles_1965,0,0,0,0,0,0,0
philadelphia_eagles_1966,3,2,51,0,0,0,0
philadelphia_eagles_1967,4,2,31,0,0,1,18
philadelphia_eagles_1968,3,2,61,1,0,0,0
philadelphia_eagles_1969,2,1,14,0,0,0,0
philadelphia_eagles_1970,74,37,328,1,3,2,19
philadelphia_eagles_1971,389,199,2537,13,20,26,229
philadelphia_eagles_1972,375,184,2527,10,20,53,457
philadelphia_eagles_1973,479,275,3236,23,13,34,238
philadelphia_eagles_1974,359,198,1951,9,14,38,280
philadelphia_eagles_1975,292,151,1644,13,11,18,131
philadelphia_eagles_1976,122,58,601,2,4,14,117
philadelphia_eagles_1977,349,167,2198,18,21,47,342
philadelphia_eagles_1978,401,207,2485,16,16,41,288
philadelphia_eagles_1979,410,209,2882,21,13,34,272
philadelphia_eagles_1980,476,275,3771,28,12,32,247
philadelphia_eagles_1981,476,258,3249,25,22,22,205
philadelphia_eagles_1982,288,168,2100,12,13,31,244
philadelphia_eagles_1983,486,252,3532,22,18,57,415
philadelphia_eagles_1984,604,331,3823,19,17,59,453
philadelphia_eagles_1985,484,255,3450,17,20,34,289
philadelphia_eagles_1986,303,156,1802,10,10,31,212
philadelphia_eagles_1987,88,48,637,3,4,7,62
philadelphia_eagles_1988,19,8,119,1,1,0,0
philadelphia_eagles_1989,5,3,33,1,1,0,0
philadelphia_eagles_1990,1,0,0,0,0,0,0
philadelphia_eagles_1991,170,87,813,5,11,18,98
philadelphia_eagles_1992,1,0,0,0,0,0,0
philadelphia_eagles_1993,137,71,708,4,3,16,121
philadelphia_eagles_1994,0,0,0,0,0,0,0
philadelphia_eagles_1995,375,215,2326,8,14,33,166
philadelphia_eagles_1996,535,318,3903,18,18,38,224
philadelphia_eagles_1997,362,202,2436,11,10,36,179
philadelphia_eagles_1998,310,168,1769,7,9,21,132
philadelphia_eagles_1999,256,129,1457,10,11,20,109
philadelphia_eagles_2000,1,0,0,0,1,0,0
philadelphia_eagles_2001,28,15,194,2,2,1,9
philadelphia_eagles_2002,185,106,1260,9,5,8,56
philadelphia_eagles_2003,5,3,32,0,0,0,0
philadelphia_eagles_2004,41,18,207,0,2,3,20
philadelphia_eagles_2005,56,32,238,0,3,4,18
philadelphia_eagles_2006,228,143,1662,13,3,7,50
philadelphia_eagles_2007,104,59,681,5,8,5,23
philadelphia_eagles_2008,35,17,144,0,5,0,0
philadelphia_eagles_2009,110,68,827,5,3,3,27
philadelphia_eagles_2010,561,348,4215,28,13,49,309
philadelphia_eagles_2011,553,330,4276,22,25,32,166
philadelphia_eagles_2012,618,367,4075,18,15,48,284
philadelphia_eagles_2013,507,310,4406,32,9,46,296
philadelphia_eagles_2014,621,384,4581,27,21,32,225
philadelphia_eagles_2015,623,405,4341,23,18,37,254
philadelphia_eagles_2016,609,380,3798,16,14,33,213
phoenix_cardinals_1989,1,1,0,0,0,0,0
phoenix_cardinals_1990,1,0,0,0,1,0,0
phoenix_cardinals_1991,170,86,963,4,12,17,152
phoenix_cardinals_1992,424,249,2861,15,17,29,226
phoenix_cardinals_1993,103,52,471,3,2,4,25
pittsburgh_pirates_1933,74,20,306,1,16,0,0
pittsburgh_pirates_1934,71,27,441,2,8,0,0
pittsburgh_pirates_1935,156,42,681,2,25,0,0
pittsburgh_pirates_1936,192,80,1063,5,27,0,0
pittsburgh_pirates_1937,137,47,803,8,24,0,0
pittsburgh_pirates_1938,120,43,523,3,14,0,0
pittsburgh_pirates_1939,76,20,228,2,15,0,0
pittsburgh_pirates_1940,153,46,704,4,21,0,0
pittsburgh_steelers_1941,44,8,88,1,9,0,0
pittsburgh_steelers_1942,66,16,248,0,6,0,0
pittsburgh_steelers_1945,103,41,426,0,13,0,0
pittsburgh_steelers_1946,13,4,53,0,1,0,0
pittsburgh_steelers_1947,8,4,40,1,0,0,18
pittsburgh_steelers_1948,200,87,1218,5,22,0,118
pittsburgh_steelers_1949,208,81,1310,10,18,0,107
pittsburgh_steelers_1950,243,92,1586,10,28,0,83
pittsburgh_steelers_1951,329,130,1842,10,26,0,309
pittsburgh_steelers_1952,362,166,2490,21,23,0,313
pittsburgh_steelers_1953,413,189,2014,10,21,0,164
pittsburgh_steelers_1954,313,165,2016,14,20,0,67
pittsburgh_steelers_1955,390,189,2550,12,30,0,154
pittsburgh_steelers_1956,318,136,1793,14,24,0,127
pittsburgh_steelers_1957,23,10,113,0,2,0,23
pittsburgh_steelers_1958,274,134,2350,13,12,0,107
pittsburgh_steelers_1959,306,146,2084,21,21,0,239
pittsburgh_steelers_1960,212,105,1831,14,17,0,52
pittsburgh_steelers_1961,162,82,1283,11,17,0,97
pittsburgh_steelers_1962,233,116,1686,9,17,0,193
pittsburgh_steelers_1963,5,2,46,0,0,1,11
pittsburgh_steelers_1964,50,20,318,2,5,6,56
pittsburgh_steelers_1965,336,154,2380,10,30,59,501
pittsburgh_steelers_1966,194,98,1482,9,9,19,167
pittsburgh_steelers_1967,433,210,2712,18,28,30,270
pittsburgh_steelers_1968,131,56,720,4,8,8,45
pittsburgh_steelers_1969,179,77,1006,10,19,27,207
pittsburgh_steelers_1970,164,65,862,5,8,3,33
pittsburgh_steelers_1971,41,11,187,2,4,4,35
pittsburgh_steelers_1972,16,9,71,0,0,3,10
pittsburgh_steelers_1973,129,51,974,10,11,6,44
pittsburgh_steelers_1974,238,99,1369,5,13,8,92
pittsburgh_steelers_1975,51,26,489,3,3,0,0
pittsburgh_steelers_1976,0,0,0,0,0,0,0
pittsburgh_steelers_1977,12,6,47,0,0,1,10
pittsburgh_steelers_1978,1,0,0,0,0,0,0
pittsburgh_steelers_1979,0,0,0,0,0,0,0
pittsburgh_steelers_1980,0,0,0,0,0,0,0
pittsburgh_steelers_1981,88,45,553,3,5,10,76
pittsburgh_steelers_1982,0,0,0,0,0,0,0
pittsburgh_steelers_1983,20,9,124,1,2,1,11
pittsburgh_steelers_1984,287,155,2246,17,18,25,211
pittsburgh_steelers_1985,329,160,2040,17,13,20,140
pittsburgh_steelers_1986,431,217,2456,16,18,14,102
pittsburgh_steelers_1987,336,156,1896,6,19,18,151
pittsburgh_steelers_1988,5,3,69,1,1,1,6
pittsburgh_steelers_1989,1,1,15,0,0,2,7
pittsburgh_steelers_1990,0,0,0,0,0,0,0
pittsburgh_steelers_1991,286,156,1963,11,7,30,214
pittsburgh_steelers_1992,314,185,2283,13,9,27,208
pittsburgh_steelers_1993,540,299,3606,16,12,48,374
pittsburgh_steelers_1994,463,266,3247,17,9,39,283
pittsburgh_steelers_1995,529,311,3636,18,16,21,168
pittsburgh_steelers_1996,401,222,2767,15,17,16,105
pittsburgh_steelers_1997,26,17,195,1,2,0,0
pittsburgh_steelers_1998,31,22,221,2,2,2,18
pittsburgh_steelers_1999,259,140,1633,12,8,15,104
pittsburgh_steelers_2000,0,0,0,0,0,0,0
pittsburgh_steelers_2001,10,7,154,1,1,2,7
pittsburgh_steelers_2002,385,241,2881,20,16,27,158
pittsburgh_steelers_2003,531,305,3467,18,17,42,244
pittsburgh_steelers_2004,356,227,2960,19,13,36,250
pittsburgh_steelers_2005,379,228,3104,21,14,32,178
pittsburgh_steelers_2006,522,311,4005,23,23,49,293
pittsburgh_steelers_2007,442,282,3418,34,14,47,347
pittsburgh_steelers_2008,505,302,3604,19,15,49,306
pittsburgh_steelers_2009,508,338,4345,26,12,50,348
pittsburgh_steelers_2010,447,276,3636,22,8,38,248
pittsburgh_steelers_2011,539,341,4333,21,15,42,279
pittsburgh_steelers_2012,574,354,4012,27,14,37,225
pittsburgh_steelers_2013,586,377,4306,28,14,43,289
pittsburgh_steelers_2014,612,411,4997,33,10,33,172
pittsburgh_steelers_2015,590,391,4822,26,21,33,219
pittsburgh_steelers_2016,596,381,4377,33,15,21,175
portsmouth_spartans_1930,0,0,0,1,0,0,0
portsmouth_spartans_1931,0,0,0,0,0,0,0
portsmouth_spartans_1932,12,5,66,2,0,0,0
portsmouth_spartans_1933,12,3,16,0,2,0,0
providence_steam_roller_1929,0,0,0,2,0,0,0
providence_steam_roller_1931,0,0,0,0,0,0,0
rock_island_independents_1925,0,0,0,3,0,0,0
san_diego_chargers_1961,419,188,3051,17,25,0,0
san_diego_chargers_1962,319,127,2031,19,27,0,0
san_diego_chargers_1963,66,29,517,6,6,0,0
san_diego_chargers_1964,280,150,2207,19,15,0,0
san_diego_chargers_1965,354,178,2894,21,22,0,0
san_diego_chargers_1966,431,223,3322,29,15,0,0
san_diego_chargers_1967,429,217,3365,24,22,9,91
san_diego_chargers_1968,448,215,3665,28,32,10,110
san_diego_chargers_1969,329,160,2292,11,11,18,190
san_diego_chargers_1970,330,163,2397,22,15,44,340
san_diego_chargers_1971,432,234,3128,21,25,16,145
san_diego_chargers_1972,371,190,2449,15,26,21,203
san_diego_chargers_1973,271,121,1597,9,20,28,225
san_diego_chargers_1974,237,115,1732,8,13,12,99
san_diego_chargers_1975,200,109,1420,2,11,26,207
san_diego_chargers_1976,361,210,2546,14,15,39,220
san_diego_chargers_1977,337,186,2217,10,19,23,187
san_diego_chargers_1978,477,271,3566,26,30,32,191
san_diego_chargers_1979,540,338,4138,24,25,30,210
san_diego_chargers_1980,591,348,4715,30,25,32,210
san_diego_chargers_1981,611,360,4802,33,17,19,134
san_diego_chargers_1982,330,204,2883,17,11,12,94
san_diego_chargers_1983,345,218,3016,20,16,15,110
san_diego_chargers_1984,509,317,3740,19,18,29,228
san_diego_chargers_1985,430,254,3638,27,20,19,140
san_diego_chargers_1986,504,286,3396,19,30,27,222
san_diego_chargers_1987,458,266,3197,12,17,36,285
san_diego_chargers_1988,468,241,2628,11,20,31,240
san_diego_chargers_1989,197,94,1159,5,9,11,87
san_diego_chargers_1990,450,235,2742,17,18,19,150
san_diego_chargers_1991,23,9,76,0,1,3,22
san_diego_chargers_1992,42,19,258,0,3,5,50
san_diego_chargers_1993,0,0,0,0,0,0,0
san_diego_chargers_1994,68,41,410,3,2,4,28
san_diego_chargers_1995,62,36,325,0,4,9,43
san_diego_chargers_1996,161,82,984,5,8,13,109
san_diego_chargers_1997,340,170,1987,7,15,33,242
san_diego_chargers_1998,566,261,3115,11,34,37,251
san_diego_chargers_1999,435,249,2761,10,14,37,208
san_diego_chargers_2000,525,284,3299,19,28,45,251
san_diego_chargers_2001,548,309,3685,16,18,27,180
san_diego_chargers_2002,538,324,3368,17,16,24,180
san_diego_chargers_2003,524,297,3226,21,19,29,205
san_diego_chargers_2004,449,288,3506,29,7,21,149
san_diego_chargers_2005,526,338,3738,27,16,31,243
san_diego_chargers_2006,465,287,3412,24,9,28,150
san_diego_chargers_2007,471,281,3175,22,16,24,170
san_diego_chargers_2008,478,312,4009,34,11,25,151
san_diego_chargers_2009,519,338,4506,29,10,26,168
san_diego_chargers_2010,542,358,4718,30,13,38,227
san_diego_chargers_2011,582,366,4624,27,20,30,198
san_diego_chargers_2012,528,338,3606,26,15,49,311
san_diego_chargers_2013,544,378,4478,32,11,30,150
san_diego_chargers_2014,574,380,4296,31,18,37,198
san_diego_chargers_2015,667,442,4855,30,13,40,264
san_diego_chargers_2016,580,349,4386,33,21,36,188
san_francisco_49ers_1946,0,0,0,0,0,0,0
san_francisco_49ers_1947,0,0,0,0,0,0,0
san_francisco_49ers_1948,0,0,0,0,0,0,0
san_francisco_49ers_1949,0,0,0,0,0,0,0
san_francisco_49ers_1950,306,155,1767,14,23,0,311
san_francisco_49ers_1951,281,154,1955,14,19,0,308
san_francisco_49ers_1952,341,177,2371,19,23,0,383
san_francisco_49ers_1953,270,150,2135,20,17,0,221
san_francisco_49ers_1954,325,182,2343,10,10,0,215
san_francisco_49ers_1955,290,147,2185,17,28,0,287
san_francisco_49ers_1956,218,124,1641,7,12,0,249
san_francisco_49ers_1957,284,180,2247,15,15,0,362
san_francisco_49ers_1958,209,120,1467,9,16,0,149
san_francisco_49ers_1959,199,102,1331,10,15,0,136
san_francisco_49ers_1960,129,71,755,5,3,0,98
san_francisco_49ers_1961,62,32,469,1,6,0,112
san_francisco_49ers_1962,19,10,219,1,3,0,74
san_francisco_49ers_1963,93,43,480,2,7,18,135
san_francisco_49ers_1964,16,9,161,2,1,2,24
san_francisco_49ers_1965,0,0,0,0,0,0,0
san_francisco_49ers_1966,16,5,84,0,1,2,12
san_francisco_49ers_1967,0,0,0,0,0,0,0
san_francisco_49ers_1968,0,0,0,0,0,0,0
san_francisco_49ers_1969,0,0,0,0,0,0,0
san_francisco_49ers_1970,1,0,0,0,0,0,0
san_francisco_49ers_1971,0,0,0,0,0,0,0
san_francisco_49ers_1972,1,0,0,0,0,0,0
san_francisco_49ers_1973,115,52,637,2,6,10,56
san_francisco_49ers_1974,259,118,1684,12,22,32,252
san_francisco_49ers_1975,54,24,318,1,2,6,57
san_francisco_49ers_1976,0,0,0,0,0,0,0
san_francisco_49ers_1977,1,0,0,0,0,0,0
san_francisco_49ers_1978,304,137,1570,8,24,17,156
san_francisco_49ers_1979,578,347,3652,17,21,17,119
san_francisco_49ers_1980,321,186,1998,12,17,14,114
san_francisco_49ers_1981,1,1,5,0,0,0,0
san_francisco_49ers_1982,1,1,45,0,0,0,0
san_francisco_49ers_1983,0,0,0,0,0,0,0
san_francisco_49ers_1984,63,33,449,4,0,5,40
san_francisco_49ers_1985,55,28,334,1,1,7,53
san_francisco_49ers_1986,202,120,1570,11,8,8,56
san_francisco_49ers_1987,98,53,799,11,1,7,47
san_francisco_49ers_1988,104,55,694,3,4,13,75
san_francisco_49ers_1989,92,64,1001,8,3,12,84
san_francisco_49ers_1990,62,38,427,2,0,8,41
san_francisco_49ers_1991,279,180,2517,17,8,13,79
san_francisco_49ers_1992,403,268,3465,25,7,29,152
san_francisco_49ers_1993,463,315,4064,29,16,31,160
san_francisco_49ers_1994,461,324,3969,35,10,31,163
san_francisco_49ers_1995,449,301,3262,21,11,25,115
san_francisco_49ers_1996,319,215,2434,15,6,34,160
san_francisco_49ers_1997,356,241,3029,19,6,35,220
san_francisco_49ers_1998,556,347,4510,41,15,53,254
san_francisco_49ers_1999,460,270,2990,14,15,23,167
san_francisco_49ers_2000,563,356,4274,31,10,24,155
san_francisco_49ers_2001,506,318,3559,32,12,26,114
san_francisco_49ers_2002,571,354,3576,23,10,22,119
san_francisco_49ers_2003,510,298,3560,25,15,28,158
san_francisco_49ers_2004,335,202,2224,10,12,39,225
san_francisco_49ers_2005,299,156,1709,6,19,42,264
san_francisco_49ers_2006,443,257,2890,16,16,35,202
san_francisco_49ers_2007,513,274,2685,15,17,55,365
san_francisco_49ers_2008,508,309,3724,21,19,55,345
san_francisco_49ers_2009,527,312,3293,23,14,40,241
san_francisco_49ers_2010,355,209,2437,14,11,26,145
san_francisco_49ers_2011,451,277,3193,18,5,44,263
san_francisco_49ers_2012,436,289,3551,23,8,40,249
san_francisco_49ers_2013,417,244,3210,21,8,39,231
san_francisco_49ers_2014,487,292,3407,20,10,52,344
san_francisco_49ers_2015,526,322,3646,16,12,53,330
san_francisco_49ers_2016,491,287,3166,21,10,47,255
seattle_seahawks_1976,441,209,2579,12,27,25,196
seattle_seahawks_1977,251,104,1687,16,19,12,51
seattle_seahawks_1978,444,249,3292,15,20,44,284
seattle_seahawks_1979,512,288,3734,20,18,23,201
seattle_seahawks_1980,513,286,3482,18,23,50,392
seattle_seahawks_1981,412,243,2884,14,10,26,215
seattle_seahawks_1982,247,127,1567,7,11,20,152
seattle_seahawks_1983,206,104,1177,7,7,9,64
seattle_seahawks_1984,17,7,80,0,2,1,8
seattle_seahawks_1985,42,19,218,1,3,1,9
seattle_seahawks_1986,77,43,503,3,3,4,34
seattle_seahawks_1987,111,59,897,8,6,9,69
seattle_seahawks_1988,36,13,132,0,6,3,21
seattle_seahawks_1989,0,0,0,0,0,0,0
seattle_seahawks_1990,0,0,0,0,0,0,0
seattle_seahawks_1991,181,94,1207,4,12,8,38
seattle_seahawks_1992,255,121,1307,6,11,34,265
seattle_seahawks_1993,5,3,39,0,1,1,7
seattle_seahawks_1994,11,7,80,1,0,0,0
seattle_seahawks_1995,0,0,0,0,0,0,0
seattle_seahawks_1996,2,0,0,0,0,1,11
seattle_seahawks_1997,45,31,371,1,2,4,25
seattle_seahawks_1998,173,99,1178,8,8,11,72
seattle_seahawks_1999,525,288,3629,25,16,38,232
seattle_seahawks_2000,419,259,2658,18,19,33,166
seattle_seahawks_2001,445,249,3037,14,12,48,323
seattle_seahawks_2002,587,361,4257,19,16,33,179
seattle_seahawks_2003,521,317,3872,27,16,43,254
seattle_seahawks_2004,532,304,3715,23,18,34,176
seattle_seahawks_2005,474,307,3632,25,10,27,174
seattle_seahawks_2006,512,292,3369,26,22,48,312
seattle_seahawks_2007,590,371,4181,30,13,36,217
seattle_seahawks_2008,451,250,2748,16,13,33,195
seattle_seahawks_2009,609,372,3771,20,19,41,268
seattle_seahawks_2010,444,266,3001,12,17,30,182
seattle_seahawks_2011,453,272,3146,14,13,42,293
seattle_seahawks_2012,405,259,3234,27,10,33,203
seattle_seahawks_2013,420,267,3508,27,9,44,272
seattle_seahawks_2014,454,287,3492,20,7,42,242
seattle_seahawks_2015,489,333,4061,34,8,46,271
seattle_seahawks_2016,567,368,4422,23,12,42,298
st_louis_cardinals_1960,212,97,1538,17,19,0,159
st_louis_cardinals_1961,220,107,1426,15,14,0,310
st_louis_cardinals_1962,414,208,3147,18,30,0,288
st_louis_cardinals_1963,424,222,3280,28,21,40,372
st_louis_cardinals_1964,420,223,3045,21,24,37,298
st_louis_cardinals_1965,343,163,2486,19,16,22,207
st_louis_cardinals_1966,378,175,2162,12,19,37,344
st_louis_cardinals_1967,426,204,3170,20,33,24,229
st_louis_cardinals_1968,384,169,2389,16,19,22,193
st_louis_cardinals_1969,429,215,2933,19,25,21,201
st_louis_cardinals_1970,390,178,2689,16,19,26,216
st_louis_cardinals_1971,384,170,2656,14,26,19,185
st_louis_cardinals_1972,201,102,1362,6,12,17,132
st_louis_cardinals_1973,394,210,2592,16,15,27,209
st_louis_cardinals_1974,389,201,2492,20,8,16,134
st_louis_cardinals_1975,353,186,2568,19,20,7,57
st_louis_cardinals_1976,389,218,2946,18,13,17,132
st_louis_cardinals_1977,355,186,2542,13,20,13,89
st_louis_cardinals_1978,506,250,3285,16,21,22,186
st_louis_cardinals_1979,489,246,2839,12,24,39,268
st_louis_cardinals_1980,442,234,3014,16,23,43,339
st_louis_cardinals_1981,241,134,1694,11,14,16,119
st_louis_cardinals_1982,34,20,209,1,0,0,0
st_louis_cardinals_1983,105,57,662,5,10,16,126
st_louis_cardinals_1984,1,1,0,0,0,0,0
st_louis_cardinals_1985,0,0,0,0,0,0,0
st_louis_cardinals_1986,1,0,0,0,0,0,0
st_louis_cardinals_1987,62,29,446,1,3,6,47
st_louis_gunners_1934,50,16,305,1,9,0,0
st_louis_rams_1995,10,5,42,0,0,1,4
st_louis_rams_1996,479,248,3129,18,22,56,367
st_louis_rams_1997,487,252,3254,14,13,43,317
st_louis_rams_1998,419,245,2574,7,14,41,237
st_louis_rams_1999,516,334,4489,42,15,32,224
st_louis_rams_2000,347,235,3429,21,18,20,115
st_louis_rams_2001,551,379,4903,37,22,40,240
st_louis_rams_2002,415,268,2647,10,21,31,207
st_louis_rams_2003,65,38,365,1,1,6,38
st_louis_rams_2004,92,51,651,2,8,9,60
st_louis_rams_2005,312,200,2054,9,15,20,127
st_louis_rams_2006,0,0,0,0,0,0,0
st_louis_rams_2007,1,1,2,1,0,0,0
st_louis_rams_2008,2,0,0,0,0,0,0
st_louis_rams_2009,119,73,566,3,9,13,82
st_louis_rams_2010,590,354,3512,18,15,34,244
st_louis_rams_2011,546,292,3258,9,10,55,388
st_louis_rams_2012,557,332,3783,22,14,35,233
st_louis_rams_2013,506,301,3360,22,11,36,235
st_louis_rams_2014,515,327,3695,20,16,47,295
st_louis_rams_2015,473,273,2931,11,11,18,126
staten_island_stapletons_1930,0,0,0,0,0,0,0
staten_island_stapletons_1931,0,0,0,0,0,0,0
staten_island_stapletons_1932,38,11,175,1,4,0,0
tampa_bay_buccaneers_1976,64,24,259,2,8,18,156
tampa_bay_buccaneers_1977,2,0,0,0,0,0,0
tampa_bay_buccaneers_1978,123,59,792,4,7,37,288
tampa_bay_buccaneers_1979,37,17,252,1,2,5,31
tampa_bay_buccaneers_1980,4,0,0,0,0,0,0
tampa_bay_buccaneers_1981,0,0,0,0,0,1,1
tampa_bay_buccaneers_1982,1,0,0,0,0,0,0
tampa_bay_buccaneers_1983,528,300,3490,18,24,49,366
tampa_bay_buccaneers_1984,562,333,3891,21,23,45,362
tampa_bay_buccaneers_1985,508,269,3423,22,26,40,301
tampa_bay_buccaneers_1986,459,245,2892,13,25,56,394
tampa_bay_buccaneers_1987,493,256,3254,20,16,40,343
tampa_bay_buccaneers_1988,512,253,3608,16,36,34,300
tampa_bay_buccaneers_1989,570,302,3666,23,28,43,331
tampa_bay_buccaneers_1990,448,245,3282,18,24,53,433
tampa_bay_buccaneers_1991,495,250,2955,13,29,56,383
tampa_bay_buccaneers_1992,509,297,3385,17,20,45,334
tampa_bay_buccaneers_1993,507,262,3295,19,25,39,274
tampa_bay_buccaneers_1994,490,270,3415,17,16,30,171
tampa_bay_buccaneers_1995,506,266,3293,5,20,56,386
tampa_bay_buccaneers_1996,491,272,2935,12,20,30,217
tampa_bay_buccaneers_1997,404,224,2638,21,12,32,196
tampa_bay_buccaneers_1998,449,234,2787,21,18,28,181
tampa_bay_buccaneers_1999,445,267,2764,18,16,42,303
tampa_bay_buccaneers_2000,432,236,2788,18,13,37,240
tampa_bay_buccaneers_2001,590,361,3616,13,12,47,298
tampa_bay_buccaneers_2002,566,348,3665,23,9,41,220
tampa_bay_buccaneers_2003,592,369,3941,27,22,23,136
tampa_bay_buccaneers_2004,103,65,674,3,3,8,55
tampa_bay_buccaneers_2005,0,0,0,0,0,0,0
tampa_bay_buccaneers_2006,101,61,748,4,2,4,18
tampa_bay_buccaneers_2007,466,303,3449,18,7,34,208
tampa_bay_buccaneers_2008,377,244,2712,12,6,23,100
tampa_bay_buccaneers_2009,233,121,1279,8,11,13,59
tampa_bay_buccaneers_2010,16,14,111,0,0,2,8
tampa_bay_buccaneers_2011,36,19,246,1,2,3,24
tampa_bay_buccaneers_2012,7,4,51,0,0,0,0
tampa_bay_buccaneers_2013,420,248,2610,20,9,40,314
tampa_bay_buccaneers_2014,531,301,3623,21,20,52,326
tampa_bay_buccaneers_2015,535,312,4042,22,15,27,190
tampa_bay_buccaneers_2016,578,355,4165,29,18,35,239
tennessee_oilers_1997,3,3,37,1,0,1,9
tennessee_oilers_1998,5,3,42,1,0,0,0
tennessee_titans_1999,195,116,1382,10,5,9,63
tennessee_titans_2000,64,36,530,2,3,3,23
tennessee_titans_2001,79,42,496,2,2,6,58
tennessee_titans_2002,5,3,24,0,0,0,0
tennessee_titans_2003,96,62,777,6,2,6,45
tennessee_titans_2004,369,224,2554,18,10,31,222
tennessee_titans_2005,115,65,610,4,3,10,53
tennessee_titans_2006,357,184,2199,12,13,25,129
tennessee_titans_2007,382,238,2546,9,17,25,157
tennessee_titans_2008,36,22,219,1,2,3,13
tennessee_titans_2009,260,152,1879,10,7,9,36
tennessee_titans_2010,156,93,1255,10,3,13,80
tennessee_titans_2011,518,319,3571,18,14,19,153
tennessee_titans_2012,221,138,1367,7,5,14,103
tennessee_titans_2013,350,217,2454,14,12,21,109
tennessee_titans_2014,3,1,7,0,0,0,0
tennessee_titans_2015,384,240,2917,20,10,41,292
tennessee_titans_2016,504,307,3720,29,11,28,179
washington_redskins_1937,207,94,1269,8,17,0,0
washington_redskins_1938,238,112,1488,9,27,0,0
washington_redskins_1939,201,117,1795,18,18,0,0
washington_redskins_1940,244,144,1887,18,22,0,0
washington_redskins_1941,262,134,1563,11,30,0,0
washington_redskins_1942,242,135,1548,16,14,0,0
washington_redskins_1943,248,138,1803,24,19,0,0
washington_redskins_1944,299,170,2021,17,17,0,0
washington_redskins_1945,228,146,1838,12,11,0,0
washington_redskins_1946,221,112,1613,10,22,0,0
washington_redskins_1947,416,231,3336,28,18,0,174
washington_redskins_1948,332,190,2704,22,24,0,128
washington_redskins_1949,387,194,2772,22,29,0,250
washington_redskins_1950,310,153,2078,18,25,0,108
washington_redskins_1951,225,98,1495,8,25,0,104
washington_redskins_1952,285,147,2127,20,20,0,387
washington_redskins_1953,278,107,1736,12,29,0,228
washington_redskins_1954,117,46,816,7,14,0,228
washington_redskins_1955,183,79,1270,9,16,0,153
washington_redskins_1956,98,47,554,3,10,0,37
washington_redskins_1957,167,99,1508,11,10,0,107
washington_redskins_1958,145,79,1365,11,10,0,132
washington_redskins_1959,186,83,1156,8,12,0,165
washington_redskins_1960,51,22,269,0,4,0,65
washington_redskins_1961,44,17,229,1,6,0,20
washington_redskins_1962,74,39,606,5,5,0,69
washington_redskins_1963,64,28,459,4,7,6,54
washington_redskins_1964,29,7,137,1,3,4,33
washington_redskins_1965,6,2,71,2,0,0,0
washington_redskins_1966,1,0,0,0,0,0,0
washington_redskins_1967,18,12,123,0,1,0,0
washington_redskins_1968,116,60,844,6,7,16,157
washington_redskins_1969,1,0,0,0,1,0,0
washington_redskins_1970,0,0,0,0,0,0,0
washington_redskins_1971,306,166,2221,13,13,16,110
washington_redskins_1972,225,120,1648,19,11,9,67
washington_redskins_1973,227,122,1656,14,9,15,88
washington_redskins_1974,245,146,1777,11,6,15,107
washington_redskins_1975,448,229,3092,28,29,27,175
washington_redskins_1976,369,187,2288,20,20,38,303
washington_redskins_1977,383,183,2284,15,16,52,421
washington_redskins_1978,436,210,2909,17,21,46,413
washington_redskins_1979,397,234,2827,20,14,34,263
washington_redskins_1980,455,262,2962,17,16,31,282
washington_redskins_1981,525,307,3743,19,22,30,277
washington_redskins_1982,253,162,2068,13,9,30,223
washington_redskins_1983,461,276,3714,29,11,34,242
washington_redskins_1984,485,286,3417,24,13,48,341
washington_redskins_1985,511,279,3232,13,21,52,428
washington_redskins_1986,541,276,4109,22,22,28,240
washington_redskins_1987,267,129,1878,12,10,17,149
washington_redskins_1988,2,0,0,0,0,0,0
washington_redskins_1989,1,1,32,0,0,0,0
washington_redskins_1990,0,0,0,0,0,0,0
washington_redskins_1991,0,0,0,0,0,0,0
washington_redskins_1992,0,0,0,0,0,0,0
washington_redskins_1993,125,74,704,3,7,16,87
washington_redskins_1997,0,0,0,0,0,0,0
washington_redskins_1998,0,0,0,0,0,0,0
washington_redskins_1999,536,324,4112,26,14,31,186
washington_redskins_2000,559,341,3894,18,21,32,244
washington_redskins_2001,412,221,2554,10,13,35,211
washington_redskins_2002,465,241,2790,20,14,27,186
washington_redskins_2003,527,283,3273,21,16,43,267
washington_redskins_2004,275,169,1665,10,11,23,137
washington_redskins_2005,25,15,279,1,1,4,27
washington_redskins_2006,210,112,1385,11,6,7,55
washington_redskins_2007,419,251,2719,12,11,21,110
washington_redskins_2008,510,318,3291,14,6,38,266
washington_redskins_2009,507,327,3618,20,15,44,296
washington_redskins_2010,0,0,0,0,0,0,0
washington_redskins_2011,133,81,907,3,4,16,84
washington_redskins_2012,441,291,3666,24,8,33,244
washington_redskins_2013,611,355,4057,20,19,43,306
washington_redskins_2014,547,364,4461,18,18,58,414
washington_redskins_2015,555,386,4294,30,11,27,199
washington_redskins_2016,607,407,4948,25,12,23,190
