team_year,kicks_blocked_kick,fgs_made_kick,fgs_attempted_kick,extra_points_attempted_kick,extra_points_made_kick,extra_points_blocked_kick
arizona_cardinals_1994,0,22,30,21,21,0
arizona_cardinals_1995,1,30,39,19,19,0
arizona_cardinals_1996,1,9,14,12,12,0
arizona_cardinals_1997,0,11,17,19,19,0
arizona_cardinals_1998,2,23,33,36,36,0
arizona_cardinals_1999,1,19,27,26,26,0
arizona_cardinals_2001,0,5,6,7,7,0
arizona_cardinals_2003,0,9,12,8,8,0
arizona_cardinals_2004,0,22,29,28,28,0
arizona_cardinals_2005,0,43,45,20,20,0
arizona_cardinals_2006,0,28,37,32,32,0
arizona_cardinals_2007,1,21,30,48,47,1
arizona_cardinals_2008,1,25,28,44,44,0
arizona_cardinals_2009,0,16,17,38,37,1
arizona_cardinals_2010,0,24,27,29,29,0
arizona_cardinals_2011,0,19,24,33,33,0
arizona_cardinals_2012,1,25,28,25,25,0
arizona_cardinals_2013,1,30,36,37,37,0
arizona_cardinals_2014,0,29,33,27,27,0
arizona_cardinals_2015,0,28,31,58,53,0
arizona_cardinals_2016,1,21,28,47,43,1
atlanta_falcons_1967,0,0,0,0,0,0
atlanta_falcons_1968,0,11,21,19,17,0
atlanta_falcons_1969,0,15,30,33,33,0
atlanta_falcons_1970,0,9,25,26,23,0
atlanta_falcons_1971,0,13,21,33,29,0
atlanta_falcons_1972,0,16,30,31,31,0
atlanta_falcons_1977,0,0,0,0,0,0
atlanta_falcons_1978,0,13,16,18,18,0
atlanta_falcons_1979,0,13,25,37,31,0
atlanta_falcons_1980,0,19,27,49,46,0
atlanta_falcons_1986,0,9,12,8,7,0
atlanta_falcons_1987,0,3,4,6,6,0
atlanta_falcons_1988,0,19,30,27,25,0
atlanta_falcons_1989,0,7,11,12,12,0
atlanta_falcons_1990,0,22,33,40,40,0
atlanta_falcons_1991,0,21,26,41,40,0
atlanta_falcons_1992,1,18,22,39,39,0
atlanta_falcons_1993,0,26,27,34,34,0
atlanta_falcons_1994,1,21,25,32,32,0
atlanta_falcons_1995,2,33,40,30,29,1
atlanta_falcons_1996,1,22,29,31,31,0
atlanta_falcons_1997,0,23,27,35,35,0
atlanta_falcons_1998,2,23,28,52,51,1
atlanta_falcons_1999,1,15,21,34,34,0
atlanta_falcons_2000,0,25,31,23,23,0
atlanta_falcons_2001,1,29,37,28,28,0
atlanta_falcons_2002,2,32,40,43,42,1
atlanta_falcons_2003,1,19,27,33,32,1
atlanta_falcons_2004,0,18,23,40,40,0
atlanta_falcons_2005,1,24,27,35,35,0
atlanta_falcons_2006,4,23,32,31,31,0
atlanta_falcons_2007,1,26,34,25,25,0
atlanta_falcons_2008,0,29,31,42,42,0
atlanta_falcons_2009,2,19,29,43,42,0
atlanta_falcons_2010,1,28,31,44,44,0
atlanta_falcons_2011,0,27,29,45,45,0
atlanta_falcons_2012,0,33,38,44,44,0
atlanta_falcons_2013,0,24,27,39,39,0
atlanta_falcons_2014,1,29,32,40,40,0
atlanta_falcons_2015,0,14,18,26,26,0
atlanta_falcons_2016,1,34,37,57,56,0
baltimore_colts_1950,0,0,1,11,11,0
baltimore_colts_1953,0,5,13,0,0,0
baltimore_colts_1954,0,11,23,13,12,0
baltimore_colts_1955,0,11,26,26,25,0
baltimore_colts_1956,0,3,13,12,9,0
baltimore_colts_1957,0,3,13,25,22,0
baltimore_colts_1958,0,1,4,0,0,0
baltimore_colts_1959,0,0,1,0,0,0
baltimore_colts_1961,0,0,0,0,0,0
baltimore_colts_1962,0,1,3,9,6,0
baltimore_colts_1963,0,24,39,35,32,0
baltimore_colts_1964,0,0,0,0,0,0
baltimore_colts_1965,0,0,0,0,0,0
baltimore_colts_1970,0,19,34,38,36,0
baltimore_colts_1971,0,20,29,36,35,0
baltimore_colts_1972,0,13,31,24,24,0
baltimore_colts_1974,0,12,20,22,22,0
baltimore_colts_1975,0,10,18,52,51,0
baltimore_colts_1976,0,20,27,50,49,0
baltimore_colts_1977,0,17,26,35,32,0
baltimore_colts_1978,0,8,17,31,27,0
baltimore_colts_1979,0,3,8,4,3,0
baltimore_colts_1983,0,30,35,24,22,0
baltimore_ravens_1999,0,0,0,0,0,0
baltimore_ravens_2002,1,0,1,0,0,0
baltimore_ravens_2003,0,1,2,0,0,0
baltimore_ravens_2004,0,0,0,0,0,0
baltimore_ravens_2005,0,0,1,0,0,0
baltimore_ravens_2008,0,1,2,0,0,0
baltimore_ravens_2009,0,9,13,28,27,1
baltimore_ravens_2012,0,30,33,42,42,0
baltimore_ravens_2013,0,38,41,26,26,0
baltimore_ravens_2014,1,29,34,42,42,0
baltimore_ravens_2015,0,33,40,29,29,0
baltimore_ravens_2016,1,38,39,27,27,0
boston_patriots_1960,0,8,22,32,30,0
boston_patriots_1961,0,17,31,50,48,0
boston_patriots_1962,0,20,37,40,38,0
boston_patriots_1963,0,22,38,36,35,0
boston_patriots_1964,0,25,39,36,36,0
boston_patriots_1965,0,17,27,27,27,0
boston_patriots_1966,0,16,33,36,35,0
boston_patriots_1967,0,16,31,30,29,0
boston_patriots_1968,0,15,27,26,26,0
boston_patriots_1969,0,14,34,27,26,0
boston_patriots_1970,0,8,22,18,17,0
boston_yanks_1944,0,0,1,0,0,0
boston_yanks_1945,0,0,1,0,0,0
boston_yanks_1946,0,0,2,24,21,0
boston_yanks_1947,0,3,6,23,21,0
boston_yanks_1948,0,3,7,23,21,0
brooklyn_dodgers_1934,0,4,0,0,7,0
brooklyn_dodgers_1935,0,5,0,0,8,0
brooklyn_dodgers_1936,0,5,0,0,4,0
brooklyn_dodgers_1937,0,4,0,0,7,0
brooklyn_dodgers_1938,0,7,15,16,12,0
brooklyn_dodgers_1939,0,8,20,5,3,0
brooklyn_dodgers_1940,0,4,12,25,22,0
brooklyn_dodgers_1941,0,2,3,3,3,0
brooklyn_dodgers_1942,0,0,0,2,2,0
brooklyn_dodgers_1943,0,0,2,0,0,0
brooklyn_tigers_1944,0,0,6,0,0,0
buffalo_bills_1947,0,0,0,0,0,0
buffalo_bills_1949,0,0,0,0,0,0
buffalo_bills_1960,0,10,22,35,28,0
buffalo_bills_1961,0,2,10,31,29,0
buffalo_bills_1962,0,9,23,40,34,0
buffalo_bills_1963,0,10,24,37,32,0
buffalo_bills_1964,0,19,29,46,45,0
buffalo_bills_1965,0,28,46,31,31,0
buffalo_bills_1967,0,0,0,0,0,0
buffalo_bills_1968,0,14,24,15,15,0
buffalo_bills_1969,0,17,26,24,23,0
buffalo_bills_1971,0,9,15,12,12,0
buffalo_bills_1972,0,16,24,30,29,0
buffalo_bills_1973,0,21,30,27,27,0
buffalo_bills_1974,0,19,33,29,25,0
buffalo_bills_1975,0,9,16,57,51,0
buffalo_bills_1976,0,13,24,29,26,0
buffalo_bills_1977,0,2,6,5,4,0
buffalo_bills_1978,0,10,13,38,36,0
buffalo_bills_1979,0,1,4,11,8,0
buffalo_bills_1983,0,10,20,35,33,0
buffalo_bills_1984,0,11,21,31,31,0
buffalo_bills_1985,0,13,17,23,23,0
buffalo_bills_1986,0,17,27,34,32,0
buffalo_bills_1987,0,12,20,33,32,0
buffalo_bills_1988,0,32,37,33,33,0
buffalo_bills_1989,0,23,30,47,46,0
buffalo_bills_1990,0,20,29,52,50,0
buffalo_bills_1991,1,18,29,58,56,1
buffalo_bills_1992,2,24,30,44,43,0
buffalo_bills_1993,0,23,32,37,36,0
buffalo_bills_1994,1,24,28,38,38,0
buffalo_bills_1995,0,31,40,35,33,1
buffalo_bills_1996,0,24,29,33,33,0
buffalo_bills_1997,1,24,30,21,21,0
buffalo_bills_1998,0,33,41,41,41,0
buffalo_bills_1999,0,25,34,33,33,0
buffalo_bills_2000,4,26,35,31,31,0
buffalo_bills_2001,2,12,21,17,16,0
buffalo_bills_2003,0,17,24,24,24,0
buffalo_bills_2004,0,24,28,45,45,0
buffalo_bills_2005,0,29,35,26,26,0
buffalo_bills_2006,0,23,25,33,33,0
buffalo_bills_2007,0,24,27,24,24,0
buffalo_bills_2008,1,30,38,34,34,0
buffalo_bills_2009,0,28,33,24,24,0
buffalo_bills_2010,0,16,21,32,31,1
buffalo_bills_2011,1,23,30,38,38,0
buffalo_bills_2012,0,21,24,39,39,0
buffalo_bills_2013,0,33,36,32,32,0
buffalo_bills_2014,1,34,38,32,31,0
buffalo_bills_2015,0,23,27,40,34,0
buffalo_bills_2016,0,19,25,45,40,1
buffalo_bisons_1946,0,0,0,0,0,0
carolina_panthers_1995,2,26,33,28,27,0
carolina_panthers_1996,0,37,45,35,34,0
carolina_panthers_1997,1,22,26,25,25,0
carolina_panthers_1998,1,19,26,37,35,2
carolina_panthers_1999,0,22,25,33,33,0
carolina_panthers_2000,0,26,28,20,20,0
carolina_panthers_2001,0,23,28,23,22,0
carolina_panthers_2002,1,2,5,5,5,0
carolina_panthers_2003,0,32,38,30,29,0
carolina_panthers_2004,2,20,25,40,39,0
carolina_panthers_2005,1,26,34,44,43,1
carolina_panthers_2006,0,24,27,28,28,0
carolina_panthers_2007,0,24,28,27,27,0
carolina_panthers_2008,0,28,31,46,46,0
carolina_panthers_2009,2,22,27,32,31,1
carolina_panthers_2010,0,25,29,17,17,0
carolina_panthers_2011,2,22,28,45,44,1
carolina_panthers_2012,0,9,11,21,20,0
carolina_panthers_2013,1,24,27,42,42,0
carolina_panthers_2014,1,29,35,34,34,0
carolina_panthers_2015,4,30,36,59,56,1
carolina_panthers_2016,0,30,38,34,31,2
chicago_bears_1933,0,6,0,0,13,0
chicago_bears_1934,0,10,0,0,28,0
chicago_bears_1935,0,1,0,0,16,0
chicago_bears_1936,0,7,0,0,17,0
chicago_bears_1937,0,8,0,0,18,0
chicago_bears_1938,0,4,12,25,21,0
chicago_bears_1939,0,4,10,32,25,0
chicago_bears_1940,0,2,3,23,21,0
chicago_bears_1941,0,1,1,17,14,0
chicago_bears_1942,0,4,5,23,21,0
chicago_bears_1943,0,0,0,0,0,0
chicago_bears_1944,0,0,0,0,0,0
chicago_bears_1945,0,0,0,0,0,0
chicago_bears_1946,0,4,9,26,25,0
chicago_bears_1948,0,2,4,7,7,0
chicago_bears_1952,0,0,0,0,0,0
chicago_bears_1953,0,0,1,0,0,0
chicago_bears_1954,0,4,6,14,13,0
chicago_bears_1955,0,0,0,0,0,0
chicago_bears_1956,0,0,0,0,0,0
chicago_bears_1957,0,0,0,0,0,0
chicago_bears_1958,0,0,0,1,1,0
chicago_bears_1959,0,0,0,0,0,0
chicago_bears_1960,0,0,0,0,0,0
chicago_bears_1961,0,10,25,41,40,0
chicago_bears_1962,0,13,27,40,36,0
chicago_bears_1963,0,14,33,37,35,0
chicago_bears_1964,0,13,23,32,29,0
chicago_bears_1965,0,11,26,52,52,0
chicago_bears_1966,0,18,30,25,24,0
chicago_bears_1967,0,13,26,29,26,0
chicago_bears_1968,0,25,36,25,25,0
chicago_bears_1969,0,8,21,26,26,0
chicago_bears_1970,0,20,34,28,28,0
chicago_bears_1971,0,15,33,18,18,0
chicago_bears_1972,0,12,24,26,26,0
chicago_bears_1973,0,6,8,10,10,0
chicago_bears_1975,0,13,23,22,18,0
chicago_bears_1976,0,12,25,30,27,0
chicago_bears_1977,0,14,27,30,27,0
chicago_bears_1978,0,17,22,28,26,0
chicago_bears_1979,0,16,27,37,34,0
chicago_bears_1980,0,13,18,37,35,0
chicago_bears_1981,0,2,5,11,10,0
chicago_bears_1982,0,5,7,6,6,0
chicago_bears_1983,0,14,25,38,35,0
chicago_bears_1984,0,22,28,37,35,0
chicago_bears_1987,0,3,4,10,10,0
chicago_bears_1995,0,0,0,0,0,0
chicago_bears_1996,0,19,23,23,23,0
chicago_bears_1997,1,21,26,20,20,0
chicago_bears_1998,0,21,26,28,27,0
chicago_bears_1999,0,6,14,10,10,0
chicago_bears_2000,0,21,27,21,21,0
chicago_bears_2001,0,26,31,34,34,0
chicago_bears_2002,1,22,28,29,29,0
chicago_bears_2003,2,26,36,27,27,0
chicago_bears_2004,1,15,24,22,22,0
chicago_bears_2005,0,21,27,20,19,0
chicago_bears_2006,1,32,36,47,47,0
chicago_bears_2007,2,31,36,33,33,0
chicago_bears_2008,2,26,29,41,41,0
chicago_bears_2009,2,24,28,33,33,0
chicago_bears_2010,1,25,30,35,35,0
chicago_bears_2011,0,28,32,37,37,0
chicago_bears_2012,3,27,33,40,40,0
chicago_bears_2013,0,26,29,46,45,1
chicago_bears_2014,0,12,16,35,33,2
chicago_bears_2015,0,33,39,29,28,1
chicago_bears_2016,1,18,23,32,31,0
chicago_cardinals_1937,0,2,0,0,5,0
chicago_cardinals_1938,0,1,5,10,8,0
chicago_cardinals_1939,0,0,1,2,2,0
chicago_cardinals_1940,0,2,6,13,13,0
chicago_cardinals_1941,0,4,12,17,13,0
chicago_cardinals_1942,0,5,10,10,10,0
chicago_cardinals_1943,0,0,0,0,0,0
chicago_cardinals_1945,0,0,0,0,0,0
chicago_cardinals_1946,0,0,0,5,5,0
chicago_cardinals_1947,0,7,11,40,39,0
chicago_cardinals_1948,0,8,21,53,53,0
chicago_cardinals_1949,0,8,11,48,46,0
chicago_cardinals_1950,0,6,12,31,29,0
chicago_cardinals_1951,0,2,5,8,8,0
chicago_cardinals_1952,0,2,18,24,22,0
chicago_cardinals_1955,0,1,2,2,0,0
chicago_cardinals_1956,0,0,0,0,0,0
chicago_cardinals_1957,0,0,0,0,0,0
cincinnati_bengals_1976,0,14,27,42,39,0
cincinnati_bengals_1977,0,19,27,26,25,0
cincinnati_bengals_1978,0,16,30,29,26,0
cincinnati_bengals_1979,0,13,23,42,40,0
cincinnati_bengals_1980,0,0,2,1,1,0
cincinnati_bengals_1987,0,1,2,3,3,0
cincinnati_bengals_1988,0,1,2,0,0,0
cincinnati_bengals_1989,0,2,6,14,13,0
cincinnati_bengals_1990,0,0,1,0,0,0
cincinnati_bengals_1991,0,1,3,0,0,0
cincinnati_bengals_1992,1,0,1,0,0,0
cincinnati_bengals_1993,0,24,31,16,13,0
cincinnati_bengals_1994,0,28,33,25,24,0
cincinnati_bengals_1995,1,29,36,34,34,0
cincinnati_bengals_1996,1,23,28,41,41,0
cincinnati_bengals_1997,1,12,16,43,41,1
cincinnati_bengals_1998,1,19,27,21,21,0
cincinnati_bengals_1999,2,18,27,27,27,0
cincinnati_bengals_2000,2,12,21,21,21,0
cincinnati_bengals_2001,0,17,28,24,23,0
cincinnati_bengals_2002,0,15,18,32,30,1
cincinnati_bengals_2008,0,1,1,3,3,0
cincinnati_bengals_2010,0,2,4,5,5,0
cincinnati_bengals_2016,0,5,6,6,6,0
cleveland_browns_1946,0,0,0,0,0,0
cleveland_browns_1947,0,0,0,0,0,0
cleveland_browns_1948,0,0,0,0,0,0
cleveland_browns_1950,0,0,0,0,0,0
cleveland_browns_1952,0,0,0,0,0,0
cleveland_browns_1956,0,0,0,0,0,0
cleveland_browns_1957,0,0,0,0,0,0
cleveland_browns_1960,0,12,20,46,44,0
cleveland_browns_1961,0,0,0,0,0,0
cleveland_browns_1981,0,17,32,32,31,0
cleveland_browns_1982,0,7,15,17,17,0
cleveland_browns_1983,0,21,24,40,38,0
cleveland_browns_1984,0,24,32,25,25,0
cleveland_browns_1985,0,14,18,35,35,0
cleveland_browns_1986,0,20,26,30,30,0
cleveland_browns_1987,0,21,31,45,44,0
cleveland_browns_1988,0,24,29,33,32,0
cleveland_browns_1989,0,16,24,40,40,0
cleveland_browns_1990,0,14,20,27,24,0
cleveland_browns_1999,0,8,12,24,23,1
cleveland_browns_2000,0,14,17,17,17,0
cleveland_browns_2001,0,22,25,30,29,0
cleveland_browns_2002,1,22,28,35,34,0
cleveland_browns_2003,0,18,21,21,20,1
cleveland_browns_2004,0,24,29,28,28,0
cleveland_browns_2005,0,27,29,21,19,1
cleveland_browns_2006,1,21,29,25,25,0
cleveland_browns_2007,2,26,30,43,42,0
cleveland_browns_2008,0,30,36,18,18,0
cleveland_browns_2009,0,17,19,19,18,1
cleveland_browns_2010,0,23,28,28,28,0
cleveland_browns_2011,2,24,29,20,20,0
cleveland_browns_2012,1,29,31,29,29,0
cleveland_browns_2014,0,3,3,2,2,0
cleveland_browns_2016,0,20,25,21,20,0
cleveland_rams_1938,0,2,2,3,3,0
cleveland_rams_1939,0,1,2,9,9,0
cleveland_rams_1940,0,1,5,9,7,0
cleveland_rams_1941,0,1,2,14,13,0
cleveland_rams_1942,0,3,6,15,14,0
cleveland_rams_1944,0,3,6,17,14,0
cleveland_rams_1945,0,1,3,34,31,0
dallas_cowboys_1962,0,14,27,51,50,0
dallas_cowboys_1963,0,9,20,38,38,0
dallas_cowboys_1964,0,14,29,29,28,0
dallas_cowboys_1965,0,16,27,38,37,0
dallas_cowboys_1966,0,17,31,56,56,0
dallas_cowboys_1967,0,9,23,44,41,0
dallas_cowboys_1974,0,2,8,5,4,0
dallas_cowboys_1978,0,16,26,47,46,0
dallas_cowboys_1979,0,19,29,44,40,0
dallas_cowboys_1980,0,11,17,60,59,0
dallas_cowboys_1981,0,27,35,40,40,0
dallas_cowboys_1982,0,10,14,28,28,0
dallas_cowboys_1983,0,22,27,59,57,0
dallas_cowboys_1984,0,23,29,34,33,0
dallas_cowboys_1985,0,19,28,43,42,0
dallas_cowboys_1986,0,15,21,43,43,0
dallas_cowboys_1987,0,3,4,10,10,0
dallas_cowboys_1988,0,1,3,5,5,0
dallas_cowboys_1989,0,5,9,10,10,0
dallas_cowboys_1992,1,24,35,48,47,1
dallas_cowboys_1993,0,2,4,3,2,0
dallas_cowboys_1997,0,0,1,0,0,0
dallas_cowboys_1998,0,0,0,0,0,0
dallas_cowboys_1999,0,0,0,0,0,0
dallas_cowboys_2000,1,25,33,27,27,0
dallas_cowboys_2001,2,11,17,12,12,0
dallas_cowboys_2002,0,0,0,0,0,0
dallas_cowboys_2003,0,0,0,0,0,0
dallas_cowboys_2006,1,13,18,33,33,0
dallas_cowboys_2007,1,26,31,53,53,0
dallas_cowboys_2008,0,20,22,42,42,0
dallas_cowboys_2009,0,18,28,36,36,0
dallas_cowboys_2011,1,32,37,39,39,0
dallas_cowboys_2012,0,29,31,37,37,0
dallas_cowboys_2013,0,28,30,47,47,0
dallas_cowboys_2014,1,25,29,56,56,0
dallas_cowboys_2015,0,30,32,25,25,0
dallas_cowboys_2016,0,27,32,46,46,0
dallas_texans_1952,0,0,1,10,8,0
dallas_texans_1960,0,1,3,7,7,0
dallas_texans_1961,0,3,13,27,27,0
dallas_texans_1962,0,2,5,15,13,0
denver_broncos_1964,0,0,0,0,0,0
denver_broncos_1965,0,0,0,0,0,0
denver_broncos_1967,0,1,6,2,2,0
denver_broncos_1982,0,11,13,16,15,0
denver_broncos_1983,0,21,25,34,33,0
denver_broncos_1984,0,21,28,41,38,0
denver_broncos_1985,0,23,38,44,41,0
denver_broncos_1986,0,20,28,45,44,0
denver_broncos_1987,0,18,25,37,37,0
denver_broncos_1988,0,23,36,37,36,0
denver_broncos_1992,1,0,1,0,0,0
denver_broncos_1993,1,26,35,42,41,1
denver_broncos_1994,1,30,37,29,29,0
denver_broncos_1995,0,31,38,39,39,0
denver_broncos_1996,0,21,28,46,46,0
denver_broncos_1997,2,26,36,46,46,0
denver_broncos_1998,1,23,27,58,58,0
denver_broncos_1999,1,29,36,29,29,0
denver_broncos_2000,0,26,34,53,53,0
denver_broncos_2001,1,31,36,31,31,0
denver_broncos_2002,1,26,36,43,42,0
denver_broncos_2003,0,28,32,41,41,0
denver_broncos_2004,1,29,34,42,42,0
denver_broncos_2005,1,24,32,44,43,0
denver_broncos_2006,0,27,29,34,34,0
denver_broncos_2007,0,27,31,33,33,0
denver_broncos_2008,0,25,34,40,39,0
denver_broncos_2009,0,30,35,32,32,0
denver_broncos_2010,0,22,25,39,38,0
denver_broncos_2011,1,19,25,30,30,0
denver_broncos_2012,0,26,32,55,55,0
denver_broncos_2013,0,25,26,75,75,0
denver_broncos_2014,0,24,29,56,56,0
denver_broncos_2015,0,30,35,36,35,0
denver_broncos_2016,0,29,34,33,32,1
detroit_lions_1935,0,0,0,0,0,0
detroit_lions_1936,0,0,0,0,0,0
detroit_lions_1937,0,0,0,0,0,0
detroit_lions_1938,0,0,0,0,0,0
detroit_lions_1939,0,4,5,5,5,0
detroit_lions_1940,0,2,4,10,10,0
detroit_lions_1941,0,1,4,4,4,0
detroit_lions_1942,0,0,0,0,0,0
detroit_lions_1945,0,0,0,0,0,0
detroit_lions_1947,0,5,11,31,30,0
detroit_lions_1950,0,8,18,43,39,0
detroit_lions_1951,0,9,17,44,43,0
detroit_lions_1952,0,14,28,42,41,0
detroit_lions_1953,0,14,23,33,31,0
detroit_lions_1954,0,12,23,43,43,0
detroit_lions_1955,0,9,17,29,27,0
detroit_lions_1956,0,16,25,36,36,0
detroit_lions_1957,0,13,25,30,30,0
detroit_lions_1958,0,11,23,32,30,0
detroit_lions_1959,0,10,23,25,23,0
detroit_lions_1960,0,13,24,28,26,0
detroit_lions_1961,0,15,33,32,31,0
detroit_lions_1962,0,9,22,37,37,0
detroit_lions_1963,0,9,22,29,29,0
detroit_lions_1964,0,14,25,34,32,0
detroit_lions_1965,0,8,22,33,33,0
detroit_lions_1966,0,15,30,22,22,0
detroit_lions_1967,0,7,21,34,33,0
detroit_lions_1968,0,9,29,26,24,0
detroit_lions_1969,0,25,37,26,26,0
detroit_lions_1970,0,20,29,41,41,0
detroit_lions_1971,0,22,37,39,39,0
detroit_lions_1972,0,20,29,39,38,0
detroit_lions_1973,0,21,33,28,28,0
detroit_lions_1974,0,23,32,26,23,0
detroit_lions_1975,0,14,21,29,25,0
detroit_lions_1976,0,14,24,31,28,0
detroit_lions_1978,0,20,28,33,32,0
detroit_lions_1979,0,10,18,26,25,0
detroit_lions_1982,0,5,5,3,3,0
detroit_lions_1987,0,0,0,0,0,0
detroit_lions_1990,0,4,7,12,12,0
detroit_lions_1992,1,21,26,30,30,0
detroit_lions_1993,1,34,43,28,28,0
detroit_lions_1994,2,18,27,40,39,1
detroit_lions_1995,3,28,34,48,48,0
detroit_lions_1996,1,12,17,36,36,0
detroit_lions_1997,0,26,29,40,39,0
detroit_lions_1998,0,29,33,29,27,2
detroit_lions_1999,0,26,32,29,28,0
detroit_lions_2000,2,24,30,29,29,0
detroit_lions_2001,1,21,30,23,23,0
detroit_lions_2002,0,23,28,31,31,0
detroit_lions_2003,0,22,23,27,26,0
detroit_lions_2004,0,24,28,28,28,0
detroit_lions_2005,1,19,24,27,27,0
detroit_lions_2006,0,29,33,30,30,0
detroit_lions_2007,2,29,35,36,35,1
detroit_lions_2008,1,21,22,26,25,1
detroit_lions_2009,0,21,28,25,25,0
detroit_lions_2010,0,25,30,35,35,0
detroit_lions_2011,1,24,29,54,54,0
detroit_lions_2012,0,32,36,38,38,0
detroit_lions_2013,2,19,24,43,42,1
detroit_lions_2014,2,21,26,21,21,0
detroit_lions_2015,0,22,24,39,36,1
detroit_lions_2016,0,31,36,33,31,1
green_bay_packers_1937,0,0,0,0,1,0
green_bay_packers_1938,0,0,0,3,2,0
green_bay_packers_1939,0,0,0,0,0,0
green_bay_packers_1940,0,0,1,2,1,0
green_bay_packers_1941,0,1,1,5,4,0
green_bay_packers_1942,0,0,0,0,0,0
green_bay_packers_1943,0,1,6,0,0,0
green_bay_packers_1945,0,0,0,0,0,0
green_bay_packers_1948,0,0,0,0,0,0
green_bay_packers_1949,0,0,0,0,0,0
green_bay_packers_1950,0,0,0,0,0,0
green_bay_packers_1951,0,0,0,0,0,0
green_bay_packers_1952,0,5,20,5,5,0
green_bay_packers_1961,0,1,2,8,8,0
green_bay_packers_1965,0,17,26,38,37,0
green_bay_packers_1966,0,12,28,43,41,0
green_bay_packers_1967,0,19,29,39,39,0
green_bay_packers_1968,0,0,3,4,4,0
green_bay_packers_1971,0,6,11,8,8,0
green_bay_packers_1972,0,33,48,29,29,0
green_bay_packers_1973,0,21,35,20,19,0
green_bay_packers_1974,0,25,39,19,19,0
green_bay_packers_1975,0,12,17,23,20,0
green_bay_packers_1976,0,10,19,27,24,0
green_bay_packers_1977,0,13,21,14,11,0
green_bay_packers_1978,0,11,19,30,30,0
green_bay_packers_1979,0,5,11,20,17,0
green_bay_packers_1980,0,2,3,7,7,0
green_bay_packers_1981,0,0,0,0,0,0
green_bay_packers_1982,0,0,0,0,0,0
green_bay_packers_1983,0,0,0,0,0,0
green_bay_packers_1984,0,12,21,49,48,0
green_bay_packers_1985,0,19,26,40,38,0
green_bay_packers_1986,0,17,27,29,29,0
green_bay_packers_1987,0,21,29,26,24,0
green_bay_packers_1988,0,12,21,21,18,0
green_bay_packers_1989,0,22,28,42,42,0
green_bay_packers_1990,0,23,30,29,28,0
green_bay_packers_1991,0,18,24,31,31,0
green_bay_packers_1992,0,22,29,30,30,0
green_bay_packers_1993,0,31,37,35,35,0
green_bay_packers_1994,1,19,26,43,41,1
green_bay_packers_1995,0,17,23,43,43,0
green_bay_packers_1996,0,21,27,53,51,0
green_bay_packers_1999,0,0,0,0,0,0
green_bay_packers_2006,2,26,35,32,31,0
green_bay_packers_2007,1,31,39,48,48,0
green_bay_packers_2008,2,27,34,46,46,0
green_bay_packers_2009,0,27,36,49,48,0
green_bay_packers_2010,2,22,28,46,46,0
green_bay_packers_2011,0,24,28,69,68,1
green_bay_packers_2012,0,21,33,50,50,0
green_bay_packers_2013,0,33,37,42,42,0
green_bay_packers_2014,3,27,33,55,53,2
green_bay_packers_2015,1,24,28,36,36,0
green_bay_packers_2016,1,26,30,47,44,0
houston_oilers_1968,0,8,16,26,26,0
houston_oilers_1969,0,19,40,29,29,0
houston_oilers_1970,0,18,32,23,23,0
houston_oilers_1971,0,1,2,2,1,0
houston_oilers_1977,0,4,6,11,8,0
houston_oilers_1980,0,1,1,3,1,0
houston_oilers_1982,0,4,6,18,16,0
houston_oilers_1983,0,17,21,34,33,0
houston_oilers_1984,0,4,6,14,14,0
houston_oilers_1985,0,21,27,31,29,0
houston_oilers_1986,0,22,27,29,28,0
houston_oilers_1987,0,26,32,38,37,0
houston_oilers_1988,0,22,34,50,48,0
houston_oilers_1989,0,25,37,40,40,0
houston_oilers_1990,0,21,32,49,46,0
houston_oilers_1991,0,10,13,16,16,0
houston_oilers_1992,0,21,27,41,41,0
houston_oilers_1993,0,29,34,40,39,0
houston_oilers_1994,0,16,20,18,18,0
houston_oilers_1995,0,27,31,33,33,0
houston_oilers_1996,1,32,38,35,35,0
houston_texans_2010,0,27,30,43,43,0
houston_texans_2011,0,32,38,40,39,1
houston_texans_2013,1,26,35,26,26,0
houston_texans_2014,2,30,35,40,40,0
houston_texans_2015,0,23,27,36,32,0
houston_texans_2016,0,35,41,25,22,1
indianapolis_colts_1984,0,11,18,14,14,0
indianapolis_colts_1985,0,16,26,39,36,0
indianapolis_colts_1988,0,0,0,0,0,0
indianapolis_colts_1998,1,27,31,23,23,0
indianapolis_colts_1999,2,34,38,43,43,0
indianapolis_colts_2000,1,25,27,46,46,0
indianapolis_colts_2001,2,28,34,42,41,0
indianapolis_colts_2002,1,23,31,34,34,0
indianapolis_colts_2003,0,37,37,46,46,0
indianapolis_colts_2004,0,20,26,65,64,1
indianapolis_colts_2005,1,23,26,52,52,0
indianapolis_colts_2006,0,25,28,38,38,0
indianapolis_colts_2007,1,23,29,51,49,2
indianapolis_colts_2008,1,20,25,43,43,0
indianapolis_colts_2009,0,7,9,18,17,1
indianapolis_colts_2010,1,26,28,51,51,0
indianapolis_colts_2011,1,23,27,24,24,0
indianapolis_colts_2012,2,26,33,37,37,0
indianapolis_colts_2013,1,35,40,34,34,0
indianapolis_colts_2014,0,30,31,50,50,0
indianapolis_colts_2015,0,25,27,35,32,1
indianapolis_colts_2016,0,27,31,44,44,0
jacksonville_jaguars_1999,0,0,0,0,0,0
jacksonville_jaguars_2000,0,5,7,5,5,0
jacksonville_jaguars_2002,0,13,21,24,24,0
jacksonville_jaguars_2003,3,20,33,30,30,0
jacksonville_jaguars_2004,0,24,31,21,21,0
jacksonville_jaguars_2005,0,23,30,39,38,0
jacksonville_jaguars_2006,0,26,32,41,41,0
jacksonville_jaguars_2007,0,21,24,48,46,1
jacksonville_jaguars_2008,1,19,25,33,33,0
jacksonville_jaguars_2009,1,18,28,31,30,1
jacksonville_jaguars_2010,1,22,28,41,41,0
jacksonville_jaguars_2011,0,23,25,24,24,0
jacksonville_jaguars_2012,0,25,28,19,18,1
jacksonville_jaguars_2013,1,23,25,23,22,1
jacksonville_jaguars_2014,3,20,26,23,23,0
jacksonville_jaguars_2015,1,26,30,39,32,0
jacksonville_jaguars_2016,2,27,34,32,29,0
kansas_city_chiefs_1963,0,0,0,0,0,0
kansas_city_chiefs_1964,0,0,0,0,0,0
kansas_city_chiefs_1965,0,0,0,0,0,0
kansas_city_chiefs_1966,0,0,0,0,0,0
kansas_city_chiefs_1967,0,0,0,0,0,0
kansas_city_chiefs_1968,0,0,0,0,0,0
kansas_city_chiefs_1969,0,0,0,0,0,0
kansas_city_chiefs_1970,0,0,0,0,0,0
kansas_city_chiefs_1971,0,0,0,0,0,0
kansas_city_chiefs_1972,0,0,0,0,0,0
kansas_city_chiefs_1973,0,0,0,0,0,0
kansas_city_chiefs_1974,0,0,0,0,0,0
kansas_city_chiefs_1975,0,0,0,0,0,0
kansas_city_chiefs_1987,0,2,2,4,4,0
kansas_city_chiefs_1994,1,25,30,30,30,0
kansas_city_chiefs_1995,0,24,30,37,34,0
kansas_city_chiefs_1996,0,0,0,0,0,0
kansas_city_chiefs_1997,0,0,0,0,0,0
kansas_city_chiefs_1998,0,0,0,0,0,0
kansas_city_chiefs_2000,1,15,20,25,25,0
kansas_city_chiefs_2001,0,27,35,28,27,1
kansas_city_chiefs_2002,0,22,26,51,51,0
kansas_city_chiefs_2003,1,16,20,59,58,0
kansas_city_chiefs_2007,1,18,25,21,21,0
kansas_city_chiefs_2008,0,16,22,31,31,0
kansas_city_chiefs_2009,1,25,29,29,29,0
kansas_city_chiefs_2010,1,20,26,42,42,0
kansas_city_chiefs_2011,2,24,30,20,20,0
kansas_city_chiefs_2012,0,28,34,17,17,0
kansas_city_chiefs_2013,1,22,28,52,52,0
kansas_city_chiefs_2014,0,25,30,38,38,0
kansas_city_chiefs_2015,1,30,37,41,39,0
kansas_city_chiefs_2016,0,31,35,39,36,1
los_angeles_chargers_1960,0,13,24,47,46,0
los_angeles_dons_1946,0,0,0,0,0,0
los_angeles_dons_1947,0,0,0,0,0,0
los_angeles_dons_1948,0,0,0,0,0,0
los_angeles_dons_1949,0,0,0,0,0,0
los_angeles_raiders_1982,0,10,16,33,32,0
los_angeles_raiders_1983,0,21,27,53,51,0
los_angeles_raiders_1984,0,20,27,42,40,0
los_angeles_raiders_1985,0,20,32,42,40,0
los_angeles_raiders_1986,0,21,28,36,36,0
los_angeles_raiders_1987,0,19,30,35,34,0
los_angeles_raiders_1988,0,18,29,39,37,0
los_angeles_raiders_1989,0,23,34,34,34,0
los_angeles_raiders_1990,0,15,20,42,40,0
los_angeles_raiders_1991,1,29,34,30,29,1
los_angeles_raiders_1992,3,15,26,28,28,0
los_angeles_raiders_1993,1,35,44,29,27,2
los_angeles_raiders_1994,1,22,28,31,31,0
los_angeles_rams_1946,0,6,9,37,37,0
los_angeles_rams_1947,0,8,17,34,31,0
los_angeles_rams_1948,0,6,11,45,39,0
los_angeles_rams_1949,0,9,17,48,45,0
los_angeles_rams_1950,0,7,14,58,54,0
los_angeles_rams_1951,0,13,23,50,47,0
los_angeles_rams_1952,0,11,19,45,44,0
los_angeles_rams_1953,0,11,25,43,41,0
los_angeles_rams_1954,0,9,16,41,41,0
los_angeles_rams_1955,0,13,27,31,30,0
los_angeles_rams_1956,0,8,15,38,36,0
los_angeles_rams_1957,0,0,0,0,0,0
los_angeles_rams_1958,0,0,0,0,0,0
los_angeles_rams_1959,0,0,1,0,0,0
los_angeles_rams_1960,0,12,19,30,30,0
los_angeles_rams_1961,0,13,27,32,32,0
los_angeles_rams_1962,0,10,20,27,26,0
los_angeles_rams_1963,0,9,17,26,25,0
los_angeles_rams_1964,0,18,24,33,31,0
los_angeles_rams_1965,0,15,26,32,30,0
los_angeles_rams_1966,0,28,49,29,29,0
los_angeles_rams_1967,0,20,43,48,48,0
los_angeles_rams_1968,0,17,31,37,37,0
los_angeles_rams_1969,0,22,34,36,36,0
los_angeles_rams_1970,0,29,45,34,34,0
los_angeles_rams_1971,0,18,29,37,37,0
los_angeles_rams_1972,0,24,41,31,31,0
los_angeles_rams_1973,0,30,47,42,40,0
los_angeles_rams_1974,0,9,16,31,25,0
los_angeles_rams_1975,0,21,26,36,31,0
los_angeles_rams_1976,0,17,26,44,36,0
los_angeles_rams_1977,0,18,30,35,32,0
los_angeles_rams_1982,0,9,15,24,23,0
los_angeles_rams_1983,0,11,20,46,42,0
los_angeles_rams_1984,0,25,33,38,37,0
los_angeles_rams_1985,0,22,29,39,38,0
los_angeles_rams_1986,0,17,24,35,34,0
los_angeles_rams_1987,0,17,21,38,36,0
los_angeles_rams_1988,0,24,32,48,45,0
los_angeles_rams_1989,0,23,30,51,51,0
los_angeles_rams_1990,0,15,24,43,42,0
los_angeles_rams_1991,0,17,17,26,25,0
los_angeles_rams_1992,1,15,20,38,38,0
los_angeles_rams_1993,2,16,23,25,23,1
los_angeles_rams_1994,2,18,23,28,28,0
los_angeles_rams_2016,0,19,22,23,23,0
miami_dolphins_1966,0,0,0,0,0,0
miami_dolphins_1968,0,7,16,30,30,0
miami_dolphins_1969,0,0,0,0,0,0
miami_dolphins_1970,0,22,29,31,31,0
miami_dolphins_1971,0,28,40,33,33,0
miami_dolphins_1972,0,24,37,45,43,0
miami_dolphins_1973,0,25,37,38,38,0
miami_dolphins_1974,0,8,15,43,43,0
miami_dolphins_1975,0,13,16,46,40,0
miami_dolphins_1976,0,16,23,31,29,0
miami_dolphins_1977,0,10,22,40,37,0
miami_dolphins_1978,0,19,23,45,41,0
miami_dolphins_1979,0,21,29,40,36,0
miami_dolphins_1980,0,14,23,32,32,0
miami_dolphins_1981,0,24,31,38,37,0
miami_dolphins_1982,0,15,20,22,21,0
miami_dolphins_1983,0,18,27,48,45,0
miami_dolphins_1984,0,9,19,70,66,0
miami_dolphins_1985,0,22,27,52,50,0
miami_dolphins_1986,0,14,22,55,52,0
miami_dolphins_1987,0,12,16,46,44,0
miami_dolphins_1988,0,12,23,39,37,0
miami_dolphins_1991,0,2,2,6,6,0
miami_dolphins_1996,0,18,29,36,35,0
miami_dolphins_1997,1,28,36,33,33,0
miami_dolphins_1998,0,22,27,34,33,1
miami_dolphins_1999,1,39,46,27,27,0
miami_dolphins_2000,0,28,31,34,33,0
miami_dolphins_2001,0,19,21,40,39,1
miami_dolphins_2002,0,24,31,43,42,1
miami_dolphins_2003,1,22,29,34,33,1
miami_dolphins_2004,0,16,20,26,26,0
miami_dolphins_2005,0,25,30,33,33,0
miami_dolphins_2006,2,26,36,22,22,0
miami_dolphins_2007,0,21,23,26,26,0
miami_dolphins_2008,1,21,25,40,40,0
miami_dolphins_2009,0,25,28,38,37,1
miami_dolphins_2010,2,30,41,25,25,0
miami_dolphins_2011,1,29,34,26,26,0
miami_dolphins_2012,1,23,30,29,29,0
miami_dolphins_2013,1,26,34,33,33,0
miami_dolphins_2014,2,29,37,41,41,0
miami_dolphins_2015,0,13,16,36,33,0
miami_dolphins_2016,2,16,21,42,41,0
miami_seahawks_1946,0,0,0,0,0,0
minnesota_vikings_1961,0,0,0,0,0,0
minnesota_vikings_1962,0,11,20,28,28,0
minnesota_vikings_1972,0,0,0,0,0,0
minnesota_vikings_1973,0,0,0,0,0,0
minnesota_vikings_1974,0,0,0,0,0,0
minnesota_vikings_1977,0,0,0,0,0,0
minnesota_vikings_1978,0,12,19,37,36,0
minnesota_vikings_1979,0,13,22,31,28,0
minnesota_vikings_1980,0,16,26,38,33,0
minnesota_vikings_1981,0,21,25,37,34,0
minnesota_vikings_1982,0,8,14,23,23,0
minnesota_vikings_1983,0,25,33,34,33,0
minnesota_vikings_1986,0,22,28,47,44,0
minnesota_vikings_1987,0,14,29,41,40,0
minnesota_vikings_1988,0,20,25,49,48,0
minnesota_vikings_1989,0,32,44,36,35,0
minnesota_vikings_1990,0,25,28,38,38,0
minnesota_vikings_1991,0,17,24,35,34,1
minnesota_vikings_1992,1,19,25,45,45,0
minnesota_vikings_1993,0,26,35,28,27,0
minnesota_vikings_1994,0,34,39,30,30,0
minnesota_vikings_1995,0,26,36,44,44,0
minnesota_vikings_1997,0,7,10,10,10,0
minnesota_vikings_1998,0,35,35,59,59,0
minnesota_vikings_1999,3,19,30,46,46,0
minnesota_vikings_2000,1,22,23,45,45,0
minnesota_vikings_2001,0,15,18,30,29,1
minnesota_vikings_2002,3,18,23,37,36,1
minnesota_vikings_2003,0,18,25,48,48,0
minnesota_vikings_2004,0,18,22,45,45,0
minnesota_vikings_2005,3,25,34,31,31,0
minnesota_vikings_2012,1,35,38,36,36,0
minnesota_vikings_2013,0,26,30,44,43,0
minnesota_vikings_2014,2,26,35,29,29,0
minnesota_vikings_2015,1,34,39,37,33,0
minnesota_vikings_2016,1,27,31,33,26,1
new_england_patriots_1971,0,12,21,28,28,0
new_england_patriots_1972,0,8,16,24,24,0
new_england_patriots_1973,0,1,4,5,4,0
new_england_patriots_1983,0,0,1,4,3,0
new_england_patriots_1984,0,22,28,42,42,0
new_england_patriots_1985,0,24,30,41,40,0
new_england_patriots_1986,0,32,41,45,44,0
new_england_patriots_1987,0,16,28,39,38,0
new_england_patriots_1988,0,6,13,16,11,0
new_england_patriots_1989,0,16,23,16,13,0
new_england_patriots_1991,2,7,10,10,9,1
new_england_patriots_1992,1,11,17,24,22,1
new_england_patriots_1993,0,5,5,10,10,0
new_england_patriots_1994,0,27,35,36,36,0
new_england_patriots_1995,1,23,33,27,27,0
new_england_patriots_1996,1,27,35,42,39,1
new_england_patriots_1997,0,25,29,40,40,0
new_england_patriots_1998,1,31,39,32,32,0
new_england_patriots_1999,0,26,33,30,29,1
new_england_patriots_2000,0,27,33,25,25,0
new_england_patriots_2001,0,24,30,42,41,1
new_england_patriots_2002,0,27,30,36,36,0
new_england_patriots_2003,1,25,34,38,37,1
new_england_patriots_2004,0,31,33,48,48,0
new_england_patriots_2005,0,20,25,41,40,1
new_england_patriots_2006,2,20,26,44,43,1
new_england_patriots_2007,0,21,24,74,74,0
new_england_patriots_2008,0,36,40,40,40,0
new_england_patriots_2009,0,26,31,47,47,0
new_england_patriots_2010,0,10,13,27,27,0
new_england_patriots_2011,0,28,33,59,59,0
new_england_patriots_2012,0,29,35,66,66,0
new_england_patriots_2013,0,38,41,44,44,0
new_england_patriots_2014,0,35,37,51,51,0
new_england_patriots_2015,0,33,36,52,52,0
new_england_patriots_2016,0,27,32,49,46,0
new_orleans_saints_1969,0,22,41,35,33,0
new_orleans_saints_1970,0,18,34,17,16,0
new_orleans_saints_1971,0,0,0,0,0,0
new_orleans_saints_1972,0,8,16,16,15,0
new_orleans_saints_1973,0,4,12,7,7,0
new_orleans_saints_1976,0,0,0,0,0,0
new_orleans_saints_1977,0,0,0,0,0,0
new_orleans_saints_1978,0,2,3,6,4,0
new_orleans_saints_1979,0,16,21,46,44,0
new_orleans_saints_1980,0,12,22,36,33,0
new_orleans_saints_1981,0,13,25,24,24,0
new_orleans_saints_1982,0,2,6,7,7,0
new_orleans_saints_1983,0,18,24,38,37,0
new_orleans_saints_1984,0,20,27,34,34,0
new_orleans_saints_1985,0,31,35,29,27,0
new_orleans_saints_1986,0,26,30,30,30,0
new_orleans_saints_1987,0,32,41,38,38,0
new_orleans_saints_1988,0,26,36,33,32,0
new_orleans_saints_1989,0,20,29,45,44,0
new_orleans_saints_1990,0,21,27,29,29,0
new_orleans_saints_1991,0,25,32,38,38,0
new_orleans_saints_1992,0,29,34,34,33,0
new_orleans_saints_1993,0,28,35,33,33,0
new_orleans_saints_1994,3,28,39,32,32,0
new_orleans_saints_2000,0,0,0,0,0,0
new_orleans_saints_2001,2,27,31,32,32,0
new_orleans_saints_2002,0,31,35,37,37,0
new_orleans_saints_2003,1,22,30,37,36,0
new_orleans_saints_2004,1,22,27,38,38,0
new_orleans_saints_2005,2,25,32,22,22,0
new_orleans_saints_2006,0,23,25,47,46,1
new_orleans_saints_2007,1,10,17,34,34,0
new_orleans_saints_2008,0,13,13,28,28,0
new_orleans_saints_2009,1,22,28,63,60,1
new_orleans_saints_2010,0,25,31,43,43,0
new_orleans_saints_2011,0,28,34,63,63,0
new_orleans_saints_2012,0,18,22,57,57,0
new_orleans_saints_2013,1,22,30,41,41,0
new_orleans_saints_2015,2,9,13,34,33,0
new_orleans_saints_2016,2,28,34,50,49,1
new_york_bulldogs_1949,0,3,10,21,18,0
new_york_giants_1936,0,0,0,0,15,0
new_york_giants_1937,0,5,0,0,12,0
new_york_giants_1938,0,0,2,2,0,0
new_york_giants_1939,0,3,7,3,3,0
new_york_giants_1940,0,1,4,7,6,0
new_york_giants_1941,0,4,6,6,6,0
new_york_giants_1942,0,0,3,0,0,0
new_york_giants_1949,0,8,13,36,35,0
new_york_giants_1952,0,0,0,0,0,0
new_york_giants_1953,0,1,5,2,2,0
new_york_giants_1954,0,13,25,35,35,0
new_york_giants_1955,0,10,15,33,32,0
new_york_giants_1956,0,6,15,35,34,0
new_york_giants_1957,0,10,18,32,32,0
new_york_giants_1958,0,0,0,0,0,0
new_york_giants_1959,0,0,1,2,2,0
new_york_giants_1960,0,0,0,0,0,0
new_york_giants_1961,0,0,0,0,0,0
new_york_giants_1962,0,19,28,48,47,0
new_york_giants_1963,0,18,29,56,52,0
new_york_giants_1964,0,9,20,29,27,0
new_york_giants_1965,0,1,15,22,21,0
new_york_giants_1966,0,16,28,31,29,0
new_york_giants_1967,0,6,11,31,30,0
new_york_giants_1968,0,14,24,36,36,0
new_york_giants_1969,0,11,21,33,33,0
new_york_giants_1970,0,25,41,32,32,0
new_york_giants_1971,0,6,17,30,30,0
new_york_giants_1972,0,21,31,38,34,0
new_york_giants_1973,0,17,28,25,25,0
new_york_giants_1974,0,10,19,23,21,0
new_york_giants_1976,0,8,21,21,20,0
new_york_giants_1977,0,14,23,20,19,0
new_york_giants_1978,0,21,29,29,27,0
new_york_giants_1979,0,9,20,29,28,0
new_york_giants_1980,0,16,24,28,27,0
new_york_giants_1981,0,24,38,31,31,0
new_york_giants_1982,0,12,21,18,18,0
new_york_giants_1983,0,35,42,23,22,0
new_york_giants_1984,0,17,33,35,32,0
new_york_giants_1985,0,22,33,47,45,0
new_york_giants_1986,0,24,33,37,37,0
new_york_giants_1987,0,17,27,26,25,0
new_york_giants_1988,0,10,11,14,14,0
new_york_giants_1989,0,29,38,37,35,0
new_york_giants_1990,0,21,28,39,38,0
new_york_giants_1991,1,24,31,30,29,0
new_york_giants_1992,0,16,21,29,29,0
new_york_giants_1993,0,1,3,0,0,0
new_york_giants_1994,0,11,11,5,5,0
new_york_giants_1995,3,20,28,28,28,0
new_york_giants_1996,0,24,27,22,22,0
new_york_giants_1997,0,22,32,29,27,1
new_york_giants_1998,1,21,27,32,32,0
new_york_giants_1999,0,7,9,9,9,0
new_york_giants_2000,3,17,23,34,34,0
new_york_giants_2001,0,23,28,30,29,1
new_york_giants_2002,1,26,32,32,30,0
new_york_giants_2003,1,11,15,17,17,0
new_york_giants_2004,2,22,28,33,33,0
new_york_giants_2005,1,35,42,43,43,0
new_york_giants_2006,0,23,27,38,38,0
new_york_giants_2007,0,0,0,0,0,0
new_york_giants_2008,2,35,38,38,38,0
new_york_giants_2009,0,0,0,0,0,0
new_york_giants_2016,0,10,10,26,22,0
new_york_jets_1963,0,0,0,0,0,0
new_york_jets_1964,0,0,0,0,0,0
new_york_jets_1965,0,0,0,0,0,0
new_york_jets_1966,0,0,0,0,0,0
new_york_jets_1967,0,0,0,0,0,0
new_york_jets_1968,0,0,0,0,0,0
new_york_jets_1974,0,6,11,19,18,0
new_york_jets_1975,0,13,21,30,27,0
new_york_jets_1976,0,11,16,20,16,0
new_york_jets_1977,0,15,25,21,18,0
new_york_jets_1978,0,22,30,42,41,0
new_york_jets_1979,0,16,28,40,33,0
new_york_jets_1980,0,14,22,36,36,0
new_york_jets_1981,0,25,36,39,38,0
new_york_jets_1982,0,11,17,31,26,0
new_york_jets_1983,0,16,24,37,36,0
new_york_jets_1984,0,17,24,39,38,0
new_york_jets_1985,0,26,34,45,43,0
new_york_jets_1986,0,16,19,44,44,0
new_york_jets_1987,0,20,26,38,38,0
new_york_jets_1988,0,23,28,43,43,0
new_york_jets_1989,0,14,21,30,29,0
new_york_jets_1990,0,23,26,32,32,0
new_york_jets_1991,0,30,43,32,32,0
new_york_jets_1992,0,0,0,0,0,0
new_york_jets_1993,0,0,0,0,0,0
new_york_jets_1995,0,0,0,0,0,0
new_york_jets_1997,1,28,41,36,36,0
new_york_jets_1998,3,25,35,46,45,1
new_york_jets_1999,0,27,33,29,27,0
new_york_jets_2000,1,21,32,30,30,0
new_york_jets_2001,1,24,31,32,32,0
new_york_jets_2002,4,24,31,37,35,2
new_york_jets_2004,0,0,0,0,0,0
new_york_jets_2008,0,24,28,39,39,0
new_york_jets_2009,1,30,36,32,32,0
new_york_jets_2010,1,30,39,37,37,0
new_york_jets_2011,0,19,25,44,44,0
new_york_jets_2012,3,21,27,30,30,0
new_york_jets_2013,0,33,36,27,27,0
new_york_jets_2014,2,32,39,23,23,0
new_york_jets_2015,0,27,33,39,38,0
new_york_jets_2016,3,27,31,26,24,0
new_york_titans_1961,0,0,0,0,0,0
new_york_titans_1962,0,0,0,0,0,0
new_york_yankees_1946,0,0,0,0,0,0
new_york_yankees_1947,0,0,0,0,0,0
new_york_yankees_1948,0,0,0,0,0,0
new_york_yankees_1949,0,0,0,0,0,0
new_york_yanks_1950,0,2,9,48,45,0
new_york_yanks_1951,0,6,14,31,31,0
oakland_raiders_1960,0,6,25,39,37,0
oakland_raiders_1961,0,11,28,25,24,0
oakland_raiders_1962,0,6,15,16,14,0
oakland_raiders_1963,0,0,0,0,0,0
oakland_raiders_1964,0,0,0,0,0,0
oakland_raiders_1965,0,0,0,0,0,0
oakland_raiders_1966,0,11,26,37,37,0
oakland_raiders_1967,0,0,0,0,0,0
oakland_raiders_1968,0,0,0,0,0,0
oakland_raiders_1969,0,0,0,0,0,0
oakland_raiders_1970,0,0,0,0,0,0
oakland_raiders_1971,0,0,0,0,0,0
oakland_raiders_1972,0,0,0,0,0,0
oakland_raiders_1974,0,0,0,0,0,0
oakland_raiders_1976,0,4,11,27,26,0
oakland_raiders_1977,0,20,28,42,39,0
oakland_raiders_1978,0,12,20,38,33,0
oakland_raiders_1980,0,19,37,44,41,0
oakland_raiders_1981,0,14,24,33,27,0
oakland_raiders_1995,0,21,27,40,39,1
oakland_raiders_1996,1,24,31,36,36,0
oakland_raiders_1997,2,13,22,35,33,0
oakland_raiders_1998,0,17,27,31,31,0
oakland_raiders_1999,0,5,7,13,13,0
oakland_raiders_2000,0,22,33,53,53,0
oakland_raiders_2001,1,26,32,44,43,0
oakland_raiders_2002,2,26,33,50,50,0
oakland_raiders_2003,1,22,25,29,28,0
oakland_raiders_2004,0,25,28,32,31,1
oakland_raiders_2005,1,20,30,30,30,0
oakland_raiders_2006,0,18,25,16,16,0
oakland_raiders_2007,1,23,32,28,28,0
oakland_raiders_2008,0,24,30,26,25,1
oakland_raiders_2009,0,26,29,17,17,0
oakland_raiders_2010,0,33,41,43,43,0
oakland_raiders_2011,2,31,35,36,36,0
oakland_raiders_2012,0,31,34,25,25,0
oakland_raiders_2013,0,21,30,37,37,0
oakland_raiders_2014,0,19,22,28,28,0
oakland_raiders_2015,1,21,26,39,38,0
oakland_raiders_2016,0,29,35,39,37,1
phil-pitt_combine_1943,0,1,7,28,26,0
philadelphia_eagles_1937,0,0,0,0,0,0
philadelphia_eagles_1938,0,0,1,3,3,0
philadelphia_eagles_1939,0,0,0,0,0,0
philadelphia_eagles_1940,0,0,0,0,0,0
philadelphia_eagles_1941,0,3,8,11,11,0
philadelphia_eagles_1942,0,3,7,8,7,0
philadelphia_eagles_1944,0,4,8,34,32,0
philadelphia_eagles_1945,0,4,8,33,29,0
philadelphia_eagles_1946,0,2,4,2,2,0
philadelphia_eagles_1951,0,6,11,31,28,0
philadelphia_eagles_1952,0,11,20,31,31,0
philadelphia_eagles_1953,0,4,13,48,45,0
philadelphia_eagles_1954,0,4,10,39,36,0
philadelphia_eagles_1955,0,2,3,7,6,0
philadelphia_eagles_1956,0,6,13,18,17,0
philadelphia_eagles_1957,0,9,12,21,20,0
philadelphia_eagles_1958,0,6,14,31,31,0
philadelphia_eagles_1959,0,0,1,34,33,0
philadelphia_eagles_1960,0,14,20,40,39,0
philadelphia_eagles_1961,0,14,25,45,43,0
philadelphia_eagles_1962,0,4,15,38,36,0
philadelphia_eagles_1964,0,16,26,37,36,0
philadelphia_eagles_1965,0,9,23,40,38,0
philadelphia_eagles_1966,0,18,25,39,38,0
philadelphia_eagles_1967,0,12,19,45,45,0
philadelphia_eagles_1968,0,19,30,21,17,0
philadelphia_eagles_1969,0,16,30,31,31,0
philadelphia_eagles_1971,0,18,37,24,23,0
philadelphia_eagles_1972,0,20,35,12,11,0
philadelphia_eagles_1973,0,24,40,34,34,0
philadelphia_eagles_1974,0,10,16,30,26,0
philadelphia_eagles_1977,0,1,4,3,1,0
philadelphia_eagles_1979,0,23,31,39,36,0
philadelphia_eagles_1980,0,16,31,48,48,0
philadelphia_eagles_1981,0,20,31,43,41,0
philadelphia_eagles_1982,0,6,9,25,23,0
philadelphia_eagles_1983,0,15,26,27,24,0
philadelphia_eagles_1987,0,3,5,4,2,0
philadelphia_eagles_1988,0,19,25,34,33,0
philadelphia_eagles_1989,0,12,22,26,26,0
philadelphia_eagles_1990,0,0,0,0,0,0
philadelphia_eagles_1991,0,0,0,0,0,0
philadelphia_eagles_1992,0,0,0,0,0,0
philadelphia_eagles_1993,0,8,13,19,18,1
philadelphia_eagles_1995,1,22,30,33,32,0
philadelphia_eagles_1996,1,25,29,40,40,0
philadelphia_eagles_1999,1,21,31,27,27,0
philadelphia_eagles_2000,0,29,33,36,34,1
philadelphia_eagles_2001,0,26,31,38,37,1
philadelphia_eagles_2002,0,30,34,43,43,0
philadelphia_eagles_2003,1,24,29,42,42,0
philadelphia_eagles_2004,0,27,32,42,41,1
philadelphia_eagles_2005,1,22,29,28,28,0
philadelphia_eagles_2006,0,18,23,48,48,0
philadelphia_eagles_2007,0,24,32,36,36,0
philadelphia_eagles_2008,3,33,40,45,45,0
philadelphia_eagles_2009,1,32,37,45,43,2
philadelphia_eagles_2010,1,32,38,47,47,0
philadelphia_eagles_2014,0,32,36,54,54,0
philadelphia_eagles_2015,0,21,26,44,42,0
philadelphia_eagles_2016,1,35,41,31,30,0
phoenix_cardinals_1988,0,12,21,44,42,0
phoenix_cardinals_1989,0,18,26,29,28,0
phoenix_cardinals_1990,0,17,27,31,31,0
phoenix_cardinals_1991,1,21,30,19,19,0
phoenix_cardinals_1992,1,13,26,28,28,0
phoenix_cardinals_1993,2,21,28,37,37,0
pittsburgh_pirates_1935,0,0,0,0,0,0
pittsburgh_pirates_1936,0,0,0,0,0,0
pittsburgh_pirates_1937,0,0,0,0,0,0
pittsburgh_pirates_1939,0,0,0,0,0,0
pittsburgh_pirates_1940,0,0,0,0,0,0
pittsburgh_steelers_1941,0,0,0,0,0,0
pittsburgh_steelers_1945,0,4,4,2,1,0
pittsburgh_steelers_1947,0,6,14,31,30,0
pittsburgh_steelers_1948,0,4,10,27,26,0
pittsburgh_steelers_1949,0,2,7,31,30,0
pittsburgh_steelers_1950,0,8,14,22,22,0
pittsburgh_steelers_1951,0,7,14,23,22,0
pittsburgh_steelers_1952,0,4,11,41,35,0
pittsburgh_steelers_1954,0,2,4,9,8,0
pittsburgh_steelers_1955,0,3,6,12,12,0
pittsburgh_steelers_1956,0,5,8,29,26,0
pittsburgh_steelers_1957,0,8,26,20,15,0
pittsburgh_steelers_1958,0,0,0,0,0,0
pittsburgh_steelers_1959,0,11,17,32,32,0
pittsburgh_steelers_1960,0,8,13,28,27,0
pittsburgh_steelers_1961,0,0,0,5,5,0
pittsburgh_steelers_1962,0,0,0,0,0,0
pittsburgh_steelers_1970,0,5,10,8,7,0
pittsburgh_steelers_1971,0,17,27,27,27,0
pittsburgh_steelers_1972,0,28,41,36,35,0
pittsburgh_steelers_1973,0,29,43,37,36,0
pittsburgh_steelers_1974,0,20,29,35,33,0
pittsburgh_steelers_1975,0,17,21,46,44,0
pittsburgh_steelers_1976,0,14,26,43,40,0
pittsburgh_steelers_1977,0,9,14,37,34,0
pittsburgh_steelers_1978,0,12,26,45,44,0
pittsburgh_steelers_1979,0,18,30,52,50,0
pittsburgh_steelers_1980,0,19,28,42,39,0
pittsburgh_steelers_1982,0,10,12,22,22,0
pittsburgh_steelers_1983,0,27,31,39,38,0
pittsburgh_steelers_1984,0,24,32,45,45,0
pittsburgh_steelers_1985,0,33,42,40,40,0
pittsburgh_steelers_1986,0,21,32,32,32,0
pittsburgh_steelers_1987,0,22,27,21,21,0
pittsburgh_steelers_1988,0,28,36,35,34,0
pittsburgh_steelers_1989,0,21,30,28,28,0
pittsburgh_steelers_1990,0,20,25,32,32,0
pittsburgh_steelers_1991,1,23,33,31,31,0
pittsburgh_steelers_1992,3,28,36,31,29,1
pittsburgh_steelers_1993,0,28,30,32,32,0
pittsburgh_steelers_1994,0,24,29,32,32,0
pittsburgh_steelers_1995,0,34,41,39,39,0
pittsburgh_steelers_1996,3,23,30,37,37,0
pittsburgh_steelers_1997,1,22,25,40,40,0
pittsburgh_steelers_1998,2,26,32,23,23,0
pittsburgh_steelers_2002,2,29,40,37,35,1
pittsburgh_steelers_2003,0,23,32,32,31,0
pittsburgh_steelers_2004,0,28,33,40,40,0
pittsburgh_steelers_2005,2,24,29,45,45,0
pittsburgh_steelers_2006,2,20,27,41,41,0
pittsburgh_steelers_2007,0,23,25,44,44,0
pittsburgh_steelers_2008,0,27,31,37,36,0
pittsburgh_steelers_2009,0,27,31,41,41,0
pittsburgh_steelers_2010,0,15,22,19,19,0
pittsburgh_steelers_2015,0,35,42,34,32,0
pittsburgh_steelers_2016,1,24,28,37,37,0
san_diego_chargers_1961,0,0,0,0,0,0
san_diego_chargers_1962,0,0,0,0,0,0
san_diego_chargers_1963,0,0,0,0,0,0
san_diego_chargers_1964,0,7,16,25,24,0
san_diego_chargers_1965,0,0,0,0,0,0
san_diego_chargers_1966,0,16,31,40,39,0
san_diego_chargers_1967,0,15,30,45,45,0
san_diego_chargers_1968,0,22,32,43,40,0
san_diego_chargers_1969,0,15,28,33,33,0
san_diego_chargers_1970,0,0,0,0,0,0
san_diego_chargers_1971,0,17,29,37,36,0
san_diego_chargers_1972,0,15,25,28,26,0
san_diego_chargers_1973,0,12,27,21,19,0
san_diego_chargers_1974,0,6,16,28,26,0
san_diego_chargers_1975,0,12,24,21,20,0
san_diego_chargers_1976,0,4,8,16,14,0
san_diego_chargers_1977,0,0,0,0,0,0
san_diego_chargers_1978,0,0,0,0,0,0
san_diego_chargers_1979,0,1,8,8,7,0
san_diego_chargers_1984,0,3,3,6,5,0
san_diego_chargers_1985,0,18,28,55,51,0
san_diego_chargers_1987,0,16,28,28,26,0
san_diego_chargers_1988,0,14,20,27,27,0
san_diego_chargers_1989,0,17,25,30,29,0
san_diego_chargers_1990,0,21,28,36,34,0
san_diego_chargers_1991,1,19,29,31,31,0
san_diego_chargers_1992,2,26,32,35,35,0
san_diego_chargers_1993,3,31,40,33,31,0
san_diego_chargers_1994,0,34,38,33,33,0
san_diego_chargers_1995,0,21,26,33,32,1
san_diego_chargers_1996,1,29,36,31,31,0
san_diego_chargers_1997,3,26,31,27,26,1
san_diego_chargers_1998,0,26,30,19,19,0
san_diego_chargers_1999,1,31,36,23,22,1
san_diego_chargers_2000,2,18,25,27,27,0
san_diego_chargers_2001,0,30,43,32,32,0
san_diego_chargers_2002,3,18,26,36,35,1
san_diego_chargers_2003,2,15,20,36,36,0
san_diego_chargers_2004,0,20,25,55,54,1
san_diego_chargers_2005,1,21,24,49,49,0
san_diego_chargers_2006,0,26,29,58,58,0
san_diego_chargers_2007,1,24,27,46,46,0
san_diego_chargers_2008,1,27,32,46,46,0
san_diego_chargers_2009,0,32,35,51,50,1
san_diego_chargers_2010,1,23,28,40,40,0
san_diego_chargers_2011,0,27,34,42,41,1
san_diego_chargers_2012,0,25,27,39,39,0
san_diego_chargers_2013,2,34,37,42,42,0
san_diego_chargers_2014,1,22,26,40,40,0
san_diego_chargers_2015,0,26,32,32,28,1
san_diego_chargers_2016,1,26,32,46,42,3
san_francisco_49ers_1948,0,0,0,0,0,0
san_francisco_49ers_1949,0,0,0,0,0,0
san_francisco_49ers_1950,0,0,0,0,0,0
san_francisco_49ers_1951,0,0,0,0,0,0
san_francisco_49ers_1952,0,0,0,0,0,0
san_francisco_49ers_1953,0,0,3,0,0,0
san_francisco_49ers_1954,0,1,3,7,6,0
san_francisco_49ers_1955,0,0,0,0,0,0
san_francisco_49ers_1956,0,0,0,0,0,0
san_francisco_49ers_1957,0,0,0,0,0,0
san_francisco_49ers_1958,0,0,0,0,0,0
san_francisco_49ers_1959,0,12,26,31,31,0
san_francisco_49ers_1960,0,19,32,21,21,0
san_francisco_49ers_1961,0,12,22,44,44,0
san_francisco_49ers_1962,0,10,23,36,36,0
san_francisco_49ers_1963,0,10,31,24,24,0
san_francisco_49ers_1964,0,8,25,30,30,0
san_francisco_49ers_1965,0,17,27,53,52,0
san_francisco_49ers_1966,0,16,31,39,38,0
san_francisco_49ers_1967,0,14,33,33,33,0
san_francisco_49ers_1968,0,11,24,39,36,0
san_francisco_49ers_1969,0,6,21,37,35,0
san_francisco_49ers_1970,0,21,31,41,39,0
san_francisco_49ers_1971,0,23,36,32,32,0
san_francisco_49ers_1972,0,18,29,42,41,0
san_francisco_49ers_1973,0,26,33,26,26,0
san_francisco_49ers_1974,0,11,24,27,25,0
san_francisco_49ers_1977,0,10,17,23,23,0
san_francisco_49ers_1978,0,15,23,25,24,0
san_francisco_49ers_1979,0,20,24,35,32,0
san_francisco_49ers_1980,0,15,19,39,33,0
san_francisco_49ers_1981,0,19,29,42,42,0
san_francisco_49ers_1982,0,12,17,25,23,0
san_francisco_49ers_1983,0,25,30,51,51,0
san_francisco_49ers_1984,0,25,35,56,56,0
san_francisco_49ers_1985,0,13,21,53,52,0
san_francisco_49ers_1986,0,25,35,42,41,0
san_francisco_49ers_1987,0,13,17,46,44,0
san_francisco_49ers_1995,1,1,3,6,5,1
san_francisco_49ers_1997,2,29,36,38,38,0
san_francisco_49ers_1998,1,18,27,51,49,2
san_francisco_49ers_1999,1,21,23,31,30,0
san_francisco_49ers_2000,1,15,22,45,43,0
san_francisco_49ers_2002,0,8,12,14,14,0
san_francisco_49ers_2003,0,18,22,31,29,1
san_francisco_49ers_2004,0,18,22,23,23,0
san_francisco_49ers_2005,0,26,28,19,19,0
san_francisco_49ers_2006,1,29,35,29,29,0
san_francisco_49ers_2007,0,17,19,22,22,0
san_francisco_49ers_2008,0,29,33,34,34,0
san_francisco_49ers_2009,1,19,24,39,39,0
san_francisco_49ers_2010,1,22,27,33,33,0
san_francisco_49ers_2011,3,44,52,34,34,0
san_francisco_49ers_2012,3,29,42,44,44,0
san_francisco_49ers_2013,0,32,36,44,44,0
san_francisco_49ers_2014,1,25,31,33,33,0
san_francisco_49ers_2015,2,24,27,21,20,1
san_francisco_49ers_2016,0,18,21,34,33,0
seattle_seahawks_1976,0,8,12,22,19,0
seattle_seahawks_1977,0,9,18,37,33,0
seattle_seahawks_1978,0,0,0,0,0,0
seattle_seahawks_1981,0,3,7,15,14,0
seattle_seahawks_1982,0,10,14,14,13,0
seattle_seahawks_1983,0,18,25,50,49,0
seattle_seahawks_1984,0,20,24,51,50,0
seattle_seahawks_1985,0,14,25,41,40,0
seattle_seahawks_1986,0,22,35,43,42,0
seattle_seahawks_1987,0,17,22,44,44,0
seattle_seahawks_1988,0,22,28,39,39,0
seattle_seahawks_1989,0,15,25,27,27,0
seattle_seahawks_1990,0,23,32,34,33,0
seattle_seahawks_1991,0,25,31,28,27,0
seattle_seahawks_1992,0,14,22,14,14,0
seattle_seahawks_1993,0,23,28,29,29,0
seattle_seahawks_1994,0,20,24,26,25,1
seattle_seahawks_1995,1,23,28,40,40,0
seattle_seahawks_1996,0,28,34,27,27,0
seattle_seahawks_1997,1,22,28,37,37,0
seattle_seahawks_1998,0,19,24,41,41,0
seattle_seahawks_1999,0,34,40,32,32,0
seattle_seahawks_2000,0,15,17,25,25,0
seattle_seahawks_2001,0,20,32,33,33,0
seattle_seahawks_2002,0,23,29,38,38,0
seattle_seahawks_2008,0,24,27,30,30,0
seattle_seahawks_2009,0,24,26,28,28,0
seattle_seahawks_2010,0,25,30,31,31,0
seattle_seahawks_2011,2,25,30,34,34,0
seattle_seahawks_2012,1,24,27,48,46,2
seattle_seahawks_2013,1,33,35,44,44,0
seattle_seahawks_2014,2,31,37,41,41,0
seattle_seahawks_2015,1,29,31,44,40,2
seattle_seahawks_2016,1,33,37,35,29,5
st_louis_cardinals_1960,0,13,20,5,5,0
st_louis_cardinals_1961,0,7,16,33,30,0
st_louis_cardinals_1962,0,5,13,39,38,0
st_louis_cardinals_1963,0,11,21,44,44,0
st_louis_cardinals_1964,0,25,38,40,40,0
st_louis_cardinals_1965,0,21,31,33,33,0
st_louis_cardinals_1966,0,23,40,28,27,0
st_louis_cardinals_1967,0,27,39,36,36,0
st_louis_cardinals_1968,0,15,24,40,40,0
st_louis_cardinals_1969,0,12,24,40,38,0
st_louis_cardinals_1970,0,20,32,38,37,0
st_louis_cardinals_1971,0,21,32,24,24,0
st_louis_cardinals_1972,0,14,22,21,19,0
st_louis_cardinals_1973,0,23,32,31,31,0
st_louis_cardinals_1974,0,13,22,36,30,0
st_louis_cardinals_1975,0,19,24,41,40,0
st_louis_cardinals_1976,0,20,27,35,33,0
st_louis_cardinals_1977,0,7,16,36,35,0
st_louis_cardinals_1978,0,11,22,30,27,0
st_louis_cardinals_1980,0,11,15,18,18,0
st_louis_cardinals_1981,0,19,32,37,36,0
st_louis_cardinals_1982,0,8,13,16,15,0
st_louis_cardinals_1983,0,15,28,47,45,0
st_louis_cardinals_1984,0,23,35,51,48,0
st_louis_cardinals_1985,0,10,21,22,22,0
st_louis_cardinals_1986,0,11,24,26,23,0
st_louis_cardinals_1987,0,13,24,40,38,0
st_louis_rams_2000,0,4,5,9,9,0
st_louis_rams_2004,0,0,0,0,0,0
st_louis_rams_2012,0,23,31,26,26,0
st_louis_rams_2013,0,26,28,34,34,0
st_louis_rams_2014,1,24,30,35,34,0
st_louis_rams_2015,3,20,30,28,26,1
tampa_bay_buccaneers_1977,0,5,10,5,5,0
tampa_bay_buccaneers_1978,0,13,23,29,25,0
tampa_bay_buccaneers_1979,0,11,19,35,30,0
tampa_bay_buccaneers_1980,0,16,23,32,31,0
tampa_bay_buccaneers_1981,0,17,28,38,36,0
tampa_bay_buccaneers_1982,0,18,23,14,14,0
tampa_bay_buccaneers_1983,0,10,24,28,24,0
tampa_bay_buccaneers_1984,0,19,26,40,38,0
tampa_bay_buccaneers_1985,0,22,32,32,30,0
tampa_bay_buccaneers_1986,0,17,24,27,26,0
tampa_bay_buccaneers_1987,0,19,24,33,31,0
tampa_bay_buccaneers_1988,0,21,30,27,27,0
tampa_bay_buccaneers_1989,0,22,28,35,33,0
tampa_bay_buccaneers_1990,0,23,27,27,27,0
tampa_bay_buccaneers_1991,1,15,20,22,22,0
tampa_bay_buccaneers_2004,0,4,5,11,11,0
tampa_bay_buccaneers_2005,1,22,27,32,32,0
tampa_bay_buccaneers_2006,0,17,22,23,22,1
tampa_bay_buccaneers_2007,0,28,33,34,34,0
tampa_bay_buccaneers_2008,0,32,38,36,35,1
tampa_bay_buccaneers_2009,0,14,20,18,18,0
tampa_bay_buccaneers_2010,2,23,28,36,36,0
tampa_bay_buccaneers_2011,0,26,28,23,23,0
tampa_bay_buccaneers_2012,1,28,33,39,39,0
tampa_bay_buccaneers_2013,0,23,29,31,31,0
tampa_bay_buccaneers_2014,0,0,0,0,0,0
tampa_bay_buccaneers_2015,0,23,28,26,25,0
tampa_bay_buccaneers_2016,1,22,31,34,32,0
tennessee_oilers_1997,0,27,35,32,32,0
tennessee_oilers_1998,0,36,39,28,28,0
tennessee_titans_1999,0,21,25,43,43,0
tennessee_titans_2000,0,27,33,38,37,0
tennessee_titans_2001,0,20,28,35,34,0
tennessee_titans_2002,0,25,31,36,36,0
tennessee_titans_2003,0,28,32,43,42,0
tennessee_titans_2004,3,18,24,39,39,0
tennessee_titans_2014,0,19,22,27,27,0
tennessee_titans_2015,0,14,16,31,29,1
tennessee_titans_2016,0,22,24,41,39,1
washington_redskins_1937,0,0,0,0,0,0
washington_redskins_1938,0,3,7,11,9,0
washington_redskins_1939,0,1,7,11,8,0
washington_redskins_1940,0,1,4,22,18,0
washington_redskins_1941,0,5,11,17,16,0
washington_redskins_1942,0,2,6,23,21,0
washington_redskins_1943,0,1,7,30,26,0
washington_redskins_1944,0,4,8,18,15,0
washington_redskins_1945,0,7,13,23,23,0
washington_redskins_1946,0,0,2,0,0,0
washington_redskins_1947,0,0,1,0,0,0
washington_redskins_1948,0,0,0,2,1,0
washington_redskins_1949,0,0,0,0,0,0
washington_redskins_1951,0,0,0,0,0,0
washington_redskins_1953,0,0,0,0,0,0
washington_redskins_1954,0,5,10,26,25,0
washington_redskins_1955,0,6,20,31,28,0
washington_redskins_1956,0,17,25,19,16,0
washington_redskins_1957,0,14,23,30,29,0
washington_redskins_1958,0,13,26,25,25,0
washington_redskins_1959,0,10,22,22,21,0
washington_redskins_1960,0,0,0,0,0,0
washington_redskins_1964,0,12,28,39,35,0
washington_redskins_1965,0,10,22,33,29,0
washington_redskins_1966,0,22,34,41,39,0
washington_redskins_1967,0,1,9,14,12,0
washington_redskins_1968,0,9,19,31,30,0
washington_redskins_1969,0,16,27,36,35,0
washington_redskins_1970,0,20,27,34,33,0
washington_redskins_1971,0,29,49,27,27,0
washington_redskins_1972,0,14,30,41,40,0
washington_redskins_1973,0,22,42,37,37,0
washington_redskins_1974,0,0,0,0,0,0
washington_redskins_1975,0,0,0,0,0,0
washington_redskins_1976,0,0,0,0,0,0
washington_redskins_1977,0,0,0,0,0,0
washington_redskins_1986,0,9,14,31,26,0
washington_redskins_1987,0,17,27,43,40,0
washington_redskins_1997,0,0,0,5,5,0
washington_redskins_1998,0,0,2,2,2,0
washington_redskins_2003,1,25,33,27,26,1
washington_redskins_2004,0,19,27,25,25,0
washington_redskins_2005,2,17,21,42,42,0
washington_redskins_2006,0,14,21,19,19,0
washington_redskins_2009,0,4,4,7,6,1
washington_redskins_2010,1,24,35,28,28,0
washington_redskins_2011,5,31,41,26,25,1
washington_redskins_2012,0,17,18,34,33,1
washington_redskins_2013,2,18,22,26,26,0
washington_redskins_2014,0,24,27,32,31,1
washington_redskins_2015,1,26,30,41,40,0
washington_redskins_2016,0,34,42,39,36,0
