team_year,fumbles_lost_fum,forced_fumbles_fum,own_fumble_return_yards_fum,opponent_fumble_return_yards_fum,fumble_return_tds_fum
arizona_cardinals_1994,6,0,27,2,0
arizona_cardinals_1995,3,0,0,0,0
arizona_cardinals_1996,8,0,0,0,0
arizona_cardinals_1997,7,0,0,0,0
arizona_cardinals_1998,5,0,0,0,0
arizona_cardinals_1999,4,0,0,0,0
arizona_cardinals_2000,6,0,0,0,0
arizona_cardinals_2001,7,4,0,0,0
arizona_cardinals_2002,1,1,0,21,0
arizona_cardinals_2003,7,2,0,0,0
arizona_cardinals_2004,7,7,0,1,0
arizona_cardinals_2005,11,3,0,0,0
arizona_cardinals_2006,11,5,0,0,0
arizona_cardinals_2007,10,5,0,4,0
arizona_cardinals_2008,15,3,0,0,0
arizona_cardinals_2009,16,6,-4,0,0
arizona_cardinals_2010,14,3,0,69,2
arizona_cardinals_2011,7,2,17,1,0
arizona_cardinals_2012,9,8,11,63,0
arizona_cardinals_2013,5,2,16,45,0
arizona_cardinals_2014,5,1,0,0,0
arizona_cardinals_2015,11,1,0,0,0
arizona_cardinals_2016,10,2,0,53,1
atlanta_falcons_1982,0,0,0,0,0
atlanta_falcons_1983,0,0,0,0,0
atlanta_falcons_1984,0,0,0,0,0
atlanta_falcons_1985,0,0,0,0,0
atlanta_falcons_1986,0,0,0,0,0
atlanta_falcons_1987,0,0,0,0,0
atlanta_falcons_1988,0,0,0,0,0
atlanta_falcons_1989,0,0,0,0,0
atlanta_falcons_1990,0,0,0,0,0
atlanta_falcons_1991,0,0,0,0,0
atlanta_falcons_1992,4,0,1,0,0
atlanta_falcons_1993,7,0,0,0,0
atlanta_falcons_1994,6,0,2,0,0
atlanta_falcons_1995,5,0,0,0,0
atlanta_falcons_1996,5,0,0,0,0
atlanta_falcons_1997,13,0,0,2,0
atlanta_falcons_1998,9,0,0,0,0
atlanta_falcons_1999,11,0,0,0,0
atlanta_falcons_2000,12,0,0,10,0
atlanta_falcons_2001,9,2,0,0,0
atlanta_falcons_2002,10,3,0,0,0
atlanta_falcons_2003,4,9,0,10,0
atlanta_falcons_2004,8,2,0,1,0
atlanta_falcons_2005,8,1,0,86,1
atlanta_falcons_2006,3,3,0,29,0
atlanta_falcons_2007,4,3,0,67,1
atlanta_falcons_2008,7,0,0,0,0
atlanta_falcons_2009,5,5,2,0,0
atlanta_falcons_2010,4,5,0,0,1
atlanta_falcons_2011,6,0,0,0,0
atlanta_falcons_2012,2,1,0,43,1
atlanta_falcons_2013,10,5,18,33,1
atlanta_falcons_2014,7,3,0,0,0
atlanta_falcons_2015,11,2,0,0,0
atlanta_falcons_2016,4,0,0,0,0
baltimore_colts_1982,0,0,0,0,0
baltimore_colts_1983,0,0,0,0,0
baltimore_ravens_1996,10,0,0,0,0
baltimore_ravens_1997,12,0,0,0,0
baltimore_ravens_1998,5,0,0,0,0
baltimore_ravens_1999,11,0,12,0,0
baltimore_ravens_2000,6,0,0,0,0
baltimore_ravens_2001,6,4,0,16,1
baltimore_ravens_2002,12,1,0,0,0
baltimore_ravens_2003,10,4,-2,1,0
baltimore_ravens_2004,5,6,62,45,1
baltimore_ravens_2005,10,2,-2,0,0
baltimore_ravens_2006,3,4,0,32,0
baltimore_ravens_2007,6,3,0,6,0
baltimore_ravens_2008,4,4,0,38,1
baltimore_ravens_2009,7,7,2,18,0
baltimore_ravens_2010,6,8,0,1,0
baltimore_ravens_2011,10,4,0,0,0
baltimore_ravens_2012,5,3,0,31,0
baltimore_ravens_2013,4,4,0,0,0
baltimore_ravens_2014,5,1,0,6,0
baltimore_ravens_2015,7,2,0,41,1
baltimore_ravens_2016,7,3,-2,1,1
buffalo_bills_1984,0,0,0,0,0
buffalo_bills_1985,0,0,0,0,0
buffalo_bills_1986,0,0,0,0,0
buffalo_bills_1987,0,0,0,0,0
buffalo_bills_1988,0,0,0,0,0
buffalo_bills_1989,0,0,0,0,0
buffalo_bills_1990,0,0,0,0,0
buffalo_bills_1991,0,0,0,0,0
buffalo_bills_1992,16,0,0,12,0
buffalo_bills_1993,16,0,0,30,1
buffalo_bills_1994,12,0,0,0,0
buffalo_bills_1995,8,0,0,2,0
buffalo_bills_1996,8,0,0,0,0
buffalo_bills_1997,7,0,0,0,0
buffalo_bills_1998,2,0,0,0,0
buffalo_bills_1999,7,0,0,0,0
buffalo_bills_2000,8,0,0,25,0
buffalo_bills_2001,7,3,0,0,0
buffalo_bills_2002,1,4,0,20,0
buffalo_bills_2003,2,0,0,3,0
buffalo_bills_2004,1,2,0,0,0
buffalo_bills_2005,1,2,0,0,0
buffalo_bills_2006,3,1,0,5,1
buffalo_bills_2007,1,3,0,0,0
buffalo_bills_2008,9,3,0,0,0
buffalo_bills_2009,11,4,-4,0,0
buffalo_bills_2010,16,4,4,44,1
buffalo_bills_2011,5,4,0,17,2
buffalo_bills_2012,16,4,0,8,0
buffalo_bills_2013,11,2,0,0,0
buffalo_bills_2014,9,1,0,0,0
buffalo_bills_2015,8,1,6,0,0
buffalo_bills_2016,5,6,-3,53,1
carolina_panthers_1995,2,0,0,0,0
carolina_panthers_1996,4,0,0,0,0
carolina_panthers_1997,7,0,0,2,0
carolina_panthers_1998,7,0,0,0,0
carolina_panthers_1999,6,0,0,0,0
carolina_panthers_2000,2,0,0,-3,0
carolina_panthers_2001,6,2,2,0,0
carolina_panthers_2002,10,2,0,0,1
carolina_panthers_2003,12,3,0,0,0
carolina_panthers_2004,7,3,0,0,0
carolina_panthers_2005,9,4,5,17,1
carolina_panthers_2006,8,2,2,25,0
carolina_panthers_2007,10,9,0,2,0
carolina_panthers_2008,6,4,0,56,2
carolina_panthers_2009,10,3,0,0,0
carolina_panthers_2010,13,1,0,0,0
carolina_panthers_2011,5,1,0,0,0
carolina_panthers_2012,10,0,0,4,0
carolina_panthers_2013,5,1,0,0,0
carolina_panthers_2014,10,5,-4,0,0
carolina_panthers_2015,9,5,57,26,0
carolina_panthers_2016,10,1,0,0,0
chicago_bears_1977,0,0,0,0,0
chicago_bears_1978,0,0,0,0,0
chicago_bears_1979,0,0,0,0,0
chicago_bears_1980,0,0,0,0,0
chicago_bears_1981,0,0,0,0,0
chicago_bears_1982,0,0,0,0,0
chicago_bears_1983,0,0,0,0,0
chicago_bears_1984,0,0,0,0,0
chicago_bears_1985,0,0,0,0,0
chicago_bears_1986,0,0,0,0,0
chicago_bears_1987,0,0,0,0,0
chicago_bears_1988,0,0,0,0,0
chicago_bears_1989,0,0,0,0,0
chicago_bears_1990,0,0,0,0,0
chicago_bears_1991,0,0,0,2,0
chicago_bears_1992,9,0,0,0,0
chicago_bears_1993,10,0,0,0,0
chicago_bears_1994,5,0,0,0,0
chicago_bears_1995,10,0,0,0,0
chicago_bears_1996,7,0,0,8,0
chicago_bears_1997,6,0,0,10,0
chicago_bears_1998,8,0,0,-2,0
chicago_bears_1999,8,0,0,0,0
chicago_bears_2000,6,0,0,0,0
chicago_bears_2001,2,4,0,35,0
chicago_bears_2002,7,2,0,0,0
chicago_bears_2003,3,3,0,0,0
chicago_bears_2004,3,4,4,0,0
chicago_bears_2005,9,7,0,49,0
chicago_bears_2006,5,8,0,57,1
chicago_bears_2007,4,7,-2,11,0
chicago_bears_2008,12,5,0,0,0
chicago_bears_2009,7,9,0,4,0
chicago_bears_2010,10,7,0,1,0
chicago_bears_2011,8,6,0,4,1
chicago_bears_2012,6,11,1,0,0
chicago_bears_2013,9,7,0,0,0
chicago_bears_2014,9,4,0,17,0
chicago_bears_2015,8,0,0,0,0
chicago_bears_2016,11,0,0,0,0
cincinnati_bengals_1984,0,0,0,0,0
cincinnati_bengals_1985,0,0,0,0,0
cincinnati_bengals_1986,0,0,0,0,0
cincinnati_bengals_1987,0,0,0,0,0
cincinnati_bengals_1988,0,0,0,0,0
cincinnati_bengals_1989,0,0,0,0,0
cincinnati_bengals_1990,0,0,0,0,0
cincinnati_bengals_1991,0,0,0,0,0
cincinnati_bengals_1992,7,0,0,0,0
cincinnati_bengals_1993,8,0,0,0,0
cincinnati_bengals_1994,11,0,0,0,0
cincinnati_bengals_1995,2,0,0,0,0
cincinnati_bengals_1996,2,0,-8,0,0
cincinnati_bengals_1997,5,0,4,0,0
cincinnati_bengals_1998,9,0,0,60,1
cincinnati_bengals_1999,6,0,0,0,0
cincinnati_bengals_2000,9,0,0,0,0
cincinnati_bengals_2001,9,0,0,0,0
cincinnati_bengals_2002,9,0,0,0,0
cincinnati_bengals_2003,5,0,0,0,0
cincinnati_bengals_2004,10,3,0,0,0
cincinnati_bengals_2005,4,2,0,26,0
cincinnati_bengals_2006,11,0,8,0,0
cincinnati_bengals_2007,7,3,0,19,0
cincinnati_bengals_2008,9,1,0,0,0
cincinnati_bengals_2009,9,0,0,0,0
cincinnati_bengals_2010,6,3,6,59,1
cincinnati_bengals_2011,5,4,0,19,1
cincinnati_bengals_2012,7,8,0,8,0
cincinnati_bengals_2013,8,2,58,55,0
cincinnati_bengals_2014,9,2,0,0,0
cincinnati_bengals_2015,8,3,6,25,0
cincinnati_bengals_2016,8,2,0,0,0
cleveland_browns_1983,0,0,0,0,0
cleveland_browns_1985,0,0,0,0,0
cleveland_browns_1986,0,0,0,0,0
cleveland_browns_1987,0,0,0,0,0
cleveland_browns_1988,0,0,0,0,0
cleveland_browns_1989,0,0,0,0,0
cleveland_browns_1990,0,0,0,0,0
cleveland_browns_1991,0,0,0,0,0
cleveland_browns_1992,7,0,0,0,0
cleveland_browns_1993,9,0,0,0,0
cleveland_browns_1994,3,0,2,10,0
cleveland_browns_1995,4,0,0,0,0
cleveland_browns_1999,4,0,0,0,0
cleveland_browns_2000,5,0,0,0,0
cleveland_browns_2001,7,2,0,0,0
cleveland_browns_2002,2,1,0,0,0
cleveland_browns_2003,6,0,0,0,0
cleveland_browns_2004,11,1,0,14,0
cleveland_browns_2005,7,2,0,0,0
cleveland_browns_2006,3,0,0,0,0
cleveland_browns_2007,6,1,0,0,0
cleveland_browns_2008,3,0,0,0,0
cleveland_browns_2009,9,0,0,0,0
cleveland_browns_2010,3,1,0,0,0
cleveland_browns_2011,4,1,0,0,0
cleveland_browns_2012,5,1,0,2,0
cleveland_browns_2013,7,0,0,0,0
cleveland_browns_2014,7,6,0,34,0
cleveland_browns_2015,17,3,0,4,0
cleveland_browns_2016,11,2,1,0,0
dallas_cowboys_1985,0,0,0,0,0
dallas_cowboys_1986,0,0,0,0,0
dallas_cowboys_1987,0,0,0,0,0
dallas_cowboys_1988,0,0,0,0,0
dallas_cowboys_1989,0,0,0,0,0
dallas_cowboys_1990,0,0,0,0,0
dallas_cowboys_1991,0,0,0,0,0
dallas_cowboys_1992,6,0,0,0,0
dallas_cowboys_1993,10,0,1,0,0
dallas_cowboys_1994,4,0,0,0,0
dallas_cowboys_1995,4,0,0,0,0
dallas_cowboys_1996,10,0,0,60,1
dallas_cowboys_1997,4,0,0,13,0
dallas_cowboys_1998,4,0,0,6,0
dallas_cowboys_1999,6,0,0,0,0
dallas_cowboys_2000,4,0,0,0,0
dallas_cowboys_2001,5,0,0,0,0
dallas_cowboys_2002,7,2,0,0,0
dallas_cowboys_2003,7,1,0,0,0
dallas_cowboys_2004,9,3,0,0,0
dallas_cowboys_2005,4,3,0,0,0
dallas_cowboys_2006,2,0,0,0,0
dallas_cowboys_2007,2,1,0,0,0
dallas_cowboys_2008,6,1,0,21,0
dallas_cowboys_2009,2,3,0,0,0
dallas_cowboys_2010,7,1,5,1,0
dallas_cowboys_2011,4,0,0,7,0
dallas_cowboys_2012,4,0,0,0,0
dallas_cowboys_2013,6,0,-7,0,0
dallas_cowboys_2014,11,1,0,11,0
dallas_cowboys_2015,10,0,0,0,0
dallas_cowboys_2016,9,2,0,1,0
denver_broncos_1981,0,0,0,0,0
denver_broncos_1982,0,0,0,0,0
denver_broncos_1983,0,0,0,0,0
denver_broncos_1984,0,0,0,0,0
denver_broncos_1985,0,0,0,0,0
denver_broncos_1986,0,0,0,0,0
denver_broncos_1987,0,0,0,0,0
denver_broncos_1988,0,0,0,0,0
denver_broncos_1989,0,0,0,0,0
denver_broncos_1990,0,0,0,0,0
denver_broncos_1991,0,0,1,0,0
denver_broncos_1992,12,0,0,1,0
denver_broncos_1993,6,0,0,0,0
denver_broncos_1994,10,0,0,17,0
denver_broncos_1995,10,0,0,38,0
denver_broncos_1996,9,0,0,0,0
denver_broncos_1997,8,0,0,0,0
denver_broncos_1998,5,0,0,0,0
denver_broncos_1999,4,0,0,0,0
denver_broncos_2000,5,0,0,6,0
denver_broncos_2001,2,3,0,0,0
denver_broncos_2002,2,0,0,0,0
denver_broncos_2003,2,1,0,0,0
denver_broncos_2004,1,2,0,5,0
denver_broncos_2005,5,1,0,0,0
denver_broncos_2006,7,1,0,4,0
denver_broncos_2007,10,1,0,0,0
denver_broncos_2008,12,2,0,0,0
denver_broncos_2009,2,1,0,30,1
denver_broncos_2010,11,3,0,0,0
denver_broncos_2011,12,1,0,0,0
denver_broncos_2012,7,0,0,0,0
denver_broncos_2013,13,3,0,0,0
denver_broncos_2014,5,2,0,0,0
denver_broncos_2015,8,0,0,0,0
denver_broncos_2016,14,0,0,0,0
detroit_lions_1983,0,0,0,0,0
detroit_lions_1984,0,0,0,0,0
detroit_lions_1985,0,0,0,0,0
detroit_lions_1986,0,0,0,0,0
detroit_lions_1987,0,0,0,0,0
detroit_lions_1988,0,0,0,0,0
detroit_lions_1989,0,0,0,0,0
detroit_lions_1990,0,0,0,0,0
detroit_lions_1991,0,0,15,0,0
detroit_lions_1992,11,0,0,0,0
detroit_lions_1993,6,0,0,17,0
detroit_lions_1994,1,0,0,0,0
detroit_lions_1995,5,0,11,0,0
detroit_lions_1996,3,0,0,0,0
detroit_lions_1997,5,0,0,0,0
detroit_lions_1998,10,0,0,0,0
detroit_lions_1999,6,0,0,62,2
detroit_lions_2000,8,0,0,2,0
detroit_lions_2001,8,0,0,0,0
detroit_lions_2002,4,2,0,20,0
detroit_lions_2003,1,3,0,35,1
detroit_lions_2004,3,2,0,0,0
detroit_lions_2005,5,2,15,0,0
detroit_lions_2006,9,1,0,3,0
detroit_lions_2007,9,2,0,0,0
detroit_lions_2008,6,5,0,0,0
detroit_lions_2009,6,6,0,1,0
detroit_lions_2010,5,0,0,0,0
detroit_lions_2011,2,2,0,0,0
detroit_lions_2012,12,0,0,0,0
detroit_lions_2013,13,0,1,0,0
detroit_lions_2014,8,3,0,0,0
detroit_lions_2015,9,3,0,0,0
detroit_lions_2016,5,0,0,0,0
green_bay_packers_1984,0,0,0,0,0
green_bay_packers_1985,0,0,0,0,0
green_bay_packers_1986,0,0,0,0,0
green_bay_packers_1987,0,0,0,0,0
green_bay_packers_1988,0,0,0,0,0
green_bay_packers_1989,0,0,0,0,0
green_bay_packers_1990,0,0,0,0,0
green_bay_packers_1991,0,0,0,0,0
green_bay_packers_1992,11,0,0,0,0
green_bay_packers_1993,7,0,0,0,0
green_bay_packers_1994,4,0,0,3,0
green_bay_packers_1995,5,0,0,0,0
green_bay_packers_1996,7,0,0,2,0
green_bay_packers_1997,12,0,0,34,2
green_bay_packers_1998,6,0,0,0,0
green_bay_packers_1999,11,0,0,9,0
green_bay_packers_2000,9,0,0,0,0
green_bay_packers_2001,8,4,0,15,0
green_bay_packers_2002,8,3,0,9,0
green_bay_packers_2003,5,4,0,0,0
green_bay_packers_2004,4,3,27,55,2
green_bay_packers_2005,14,1,0,0,0
green_bay_packers_2006,7,0,0,0,0
green_bay_packers_2007,5,0,0,0,1
green_bay_packers_2008,3,4,3,0,0
green_bay_packers_2009,6,0,2,0,0
green_bay_packers_2010,6,1,3,5,0
green_bay_packers_2011,5,2,0,5,1
green_bay_packers_2012,7,0,0,0,0
green_bay_packers_2013,8,4,0,12,0
green_bay_packers_2014,7,0,0,0,0
green_bay_packers_2015,9,2,0,0,0
green_bay_packers_2016,9,1,0,6,0
houston_oilers_1985,0,0,0,0,0
houston_oilers_1986,0,0,0,0,0
houston_oilers_1987,0,0,0,0,0
houston_oilers_1988,0,0,0,0,0
houston_oilers_1989,0,0,0,0,0
houston_oilers_1990,0,0,0,0,0
houston_oilers_1991,0,0,0,0,0
houston_oilers_1992,8,0,0,0,0
houston_oilers_1993,8,0,0,0,0
houston_oilers_1994,14,0,0,0,0
houston_oilers_1995,13,0,0,0,0
houston_oilers_1996,7,0,0,0,0
houston_texans_2002,12,0,0,2,0
houston_texans_2003,3,3,0,0,0
houston_texans_2004,5,4,0,38,1
houston_texans_2005,8,4,0,0,0
houston_texans_2006,7,0,0,0,0
houston_texans_2007,8,2,0,1,1
houston_texans_2008,2,0,3,0,0
houston_texans_2009,1,0,0,0,0
houston_texans_2010,2,2,1,0,0
houston_texans_2011,10,1,0,0,0
houston_texans_2012,4,3,0,1,0
houston_texans_2013,7,1,0,0,0
houston_texans_2014,9,0,0,0,0
houston_texans_2015,8,2,0,33,1
houston_texans_2016,8,2,0,0,0
indianapolis_colts_1984,0,0,0,0,0
indianapolis_colts_1985,0,0,0,0,0
indianapolis_colts_1986,0,0,0,0,0
indianapolis_colts_1987,0,0,0,0,0
indianapolis_colts_1988,0,0,0,0,0
indianapolis_colts_1989,0,0,0,0,0
indianapolis_colts_1990,0,0,0,0,0
indianapolis_colts_1991,0,0,0,0,0
indianapolis_colts_1992,9,0,0,0,0
indianapolis_colts_1993,10,0,0,0,0
indianapolis_colts_1994,11,0,0,0,0
indianapolis_colts_1995,9,0,0,0,0
indianapolis_colts_1996,11,0,0,0,0
indianapolis_colts_1997,6,0,5,0,0
indianapolis_colts_1998,4,0,13,0,0
indianapolis_colts_1999,8,0,0,0,0
indianapolis_colts_2000,10,0,0,0,0
indianapolis_colts_2001,14,2,0,0,0
indianapolis_colts_2002,9,2,0,21,0
indianapolis_colts_2003,6,3,0,0,0
indianapolis_colts_2004,5,1,0,15,0
indianapolis_colts_2005,7,0,0,12,0
indianapolis_colts_2006,8,2,0,5,0
indianapolis_colts_2007,5,2,0,21,0
indianapolis_colts_2008,4,3,0,-2,0
indianapolis_colts_2009,5,0,0,0,0
indianapolis_colts_2010,5,0,0,0,0
indianapolis_colts_2011,11,0,0,0,0
indianapolis_colts_2012,7,0,0,4,0
indianapolis_colts_2013,4,2,0,10,0
indianapolis_colts_2014,10,4,2,0,0
indianapolis_colts_2015,7,2,0,0,0
indianapolis_colts_2016,7,3,-5,0,0
jacksonville_jaguars_1995,7,0,4,0,0
jacksonville_jaguars_1996,0,0,0,0,0
jacksonville_jaguars_1997,4,0,0,0,0
jacksonville_jaguars_1998,4,0,9,83,1
jacksonville_jaguars_1999,2,0,0,0,0
jacksonville_jaguars_2000,6,0,3,0,0
jacksonville_jaguars_2001,6,1,0,60,1
jacksonville_jaguars_2002,4,2,0,0,0
jacksonville_jaguars_2003,11,2,0,0,0
jacksonville_jaguars_2004,7,3,0,0,0
jacksonville_jaguars_2005,6,1,0,0,0
jacksonville_jaguars_2006,6,0,0,0,0
jacksonville_jaguars_2007,6,2,0,0,0
jacksonville_jaguars_2008,5,4,17,25,0
jacksonville_jaguars_2009,9,0,0,0,0
jacksonville_jaguars_2010,9,0,0,0,0
jacksonville_jaguars_2011,7,1,-11,0,0
jacksonville_jaguars_2012,7,4,0,0,0
jacksonville_jaguars_2013,4,6,0,21,1
jacksonville_jaguars_2014,7,1,0,10,0
jacksonville_jaguars_2015,8,0,1,0,0
jacksonville_jaguars_2016,12,1,0,0,0
kansas_city_chiefs_1981,0,0,0,0,0
kansas_city_chiefs_1982,0,0,0,0,0
kansas_city_chiefs_1983,0,0,0,0,0
kansas_city_chiefs_1987,0,0,0,0,0
kansas_city_chiefs_1988,0,0,0,0,0
kansas_city_chiefs_1989,0,0,0,0,0
kansas_city_chiefs_1990,0,0,0,0,0
kansas_city_chiefs_1991,0,0,0,0,0
kansas_city_chiefs_1992,5,0,0,0,0
kansas_city_chiefs_1993,7,0,0,0,0
kansas_city_chiefs_1994,5,0,0,22,0
kansas_city_chiefs_1995,2,0,0,2,0
kansas_city_chiefs_1996,5,0,0,7,0
kansas_city_chiefs_1997,10,0,0,0,0
kansas_city_chiefs_1998,5,0,0,7,0
kansas_city_chiefs_1999,3,0,0,88,2
kansas_city_chiefs_2000,3,0,0,11,0
kansas_city_chiefs_2001,2,7,0,0,0
kansas_city_chiefs_2002,1,3,0,15,0
kansas_city_chiefs_2003,4,1,0,0,0
kansas_city_chiefs_2004,3,2,0,0,0
kansas_city_chiefs_2005,9,11,0,80,1
kansas_city_chiefs_2006,5,9,0,29,0
kansas_city_chiefs_2007,3,4,0,0,0
kansas_city_chiefs_2008,5,1,0,104,1
kansas_city_chiefs_2009,9,2,0,0,0
kansas_city_chiefs_2010,5,2,0,0,0
kansas_city_chiefs_2011,8,0,0,0,0
kansas_city_chiefs_2012,14,3,0,64,0
kansas_city_chiefs_2013,7,1,0,0,1
kansas_city_chiefs_2014,10,2,0,0,0
kansas_city_chiefs_2015,8,0,0,73,1
kansas_city_chiefs_2016,8,2,0,27,1
los_angeles_raiders_1982,0,0,0,0,0
los_angeles_raiders_1983,0,0,0,0,0
los_angeles_raiders_1984,0,0,0,0,0
los_angeles_raiders_1985,0,0,0,0,0
los_angeles_raiders_1986,0,0,0,0,0
los_angeles_raiders_1987,0,0,0,0,0
los_angeles_raiders_1988,0,0,0,0,0
los_angeles_raiders_1989,0,0,0,0,0
los_angeles_raiders_1990,0,0,0,0,0
los_angeles_raiders_1991,0,0,0,0,0
los_angeles_raiders_1992,9,0,0,0,0
los_angeles_raiders_1993,4,0,0,0,0
los_angeles_raiders_1994,1,0,15,0,0
los_angeles_rams_1981,0,0,0,0,0
los_angeles_rams_1982,0,0,0,0,0
los_angeles_rams_1983,0,0,0,0,0
los_angeles_rams_1984,0,0,0,0,0
los_angeles_rams_1985,0,0,0,0,0
los_angeles_rams_1986,0,0,0,0,0
los_angeles_rams_1987,0,0,0,0,0
los_angeles_rams_1988,0,0,0,0,0
los_angeles_rams_1989,0,0,0,0,0
los_angeles_rams_1990,0,0,0,0,0
los_angeles_rams_1991,0,0,0,0,0
los_angeles_rams_1992,14,0,0,0,0
los_angeles_rams_1993,5,0,0,10,0
los_angeles_rams_1994,7,0,7,0,0
los_angeles_rams_2016,9,1,0,0,0
miami_dolphins_1983,0,0,0,0,0
miami_dolphins_1984,0,0,0,0,0
miami_dolphins_1985,0,0,0,0,0
miami_dolphins_1986,0,0,0,0,0
miami_dolphins_1987,0,0,0,0,0
miami_dolphins_1988,0,0,0,0,0
miami_dolphins_1989,0,0,0,0,0
miami_dolphins_1990,0,0,0,0,0
miami_dolphins_1991,0,0,0,0,0
miami_dolphins_1992,7,0,0,0,0
miami_dolphins_1993,10,0,0,0,0
miami_dolphins_1994,9,0,15,5,0
miami_dolphins_1995,9,0,0,0,0
miami_dolphins_1996,6,0,0,7,0
miami_dolphins_1997,5,0,0,0,0
miami_dolphins_1998,6,0,0,2,0
miami_dolphins_1999,7,0,0,0,0
miami_dolphins_2000,6,0,0,20,1
miami_dolphins_2001,10,3,0,1,0
miami_dolphins_2002,3,1,0,0,0
miami_dolphins_2003,6,4,0,0,0
miami_dolphins_2004,14,6,12,0,0
miami_dolphins_2005,3,3,0,0,0
miami_dolphins_2006,2,1,5,64,0
miami_dolphins_2007,10,0,-9,0,0
miami_dolphins_2008,2,2,0,0,0
miami_dolphins_2009,4,0,0,0,0
miami_dolphins_2010,4,2,0,0,0
miami_dolphins_2011,9,1,0,0,0
miami_dolphins_2012,11,2,0,24,0
miami_dolphins_2013,7,0,0,0,0
miami_dolphins_2014,10,2,-6,0,0
miami_dolphins_2015,7,0,0,9,0
miami_dolphins_2016,8,0,0,0,0
minnesota_vikings_1981,0,0,0,0,0
minnesota_vikings_1982,0,0,0,0,0
minnesota_vikings_1983,0,0,0,0,0
minnesota_vikings_1984,0,0,0,0,0
minnesota_vikings_1985,0,0,0,0,0
minnesota_vikings_1986,0,0,0,0,0
minnesota_vikings_1987,0,0,0,0,0
minnesota_vikings_1988,0,0,0,0,0
minnesota_vikings_1989,0,0,0,0,0
minnesota_vikings_1990,0,0,0,0,0
minnesota_vikings_1991,0,0,0,0,0
minnesota_vikings_1992,14,0,4,58,1
minnesota_vikings_1993,4,0,0,0,0
minnesota_vikings_1994,9,0,27,36,2
minnesota_vikings_1995,6,0,3,19,1
minnesota_vikings_1996,5,0,0,0,0
minnesota_vikings_1997,4,0,0,26,1
minnesota_vikings_1998,1,0,0,0,0
minnesota_vikings_1999,9,0,0,0,0
minnesota_vikings_2000,3,0,0,0,0
minnesota_vikings_2001,7,1,-1,0,0
minnesota_vikings_2002,4,0,0,0,0
minnesota_vikings_2003,1,0,0,0,0
minnesota_vikings_2004,2,1,0,0,0
minnesota_vikings_2005,5,3,0,14,0
minnesota_vikings_2006,11,4,-1,0,1
minnesota_vikings_2007,13,7,0,10,0
minnesota_vikings_2008,11,9,0,30,0
minnesota_vikings_2009,10,10,0,54,1
minnesota_vikings_2010,10,4,0,0,0
minnesota_vikings_2011,7,7,5,6,0
minnesota_vikings_2012,10,4,0,-2,0
minnesota_vikings_2013,13,3,0,61,1
minnesota_vikings_2014,2,4,0,0,0
minnesota_vikings_2015,8,2,0,83,1
minnesota_vikings_2016,10,4,2,5,0
new_england_patriots_1981,0,0,0,0,0
new_england_patriots_1982,0,0,0,0,0
new_england_patriots_1983,0,0,0,0,0
new_england_patriots_1984,0,0,0,0,0
new_england_patriots_1985,0,0,0,0,0
new_england_patriots_1986,0,0,0,0,0
new_england_patriots_1987,0,0,0,0,0
new_england_patriots_1988,0,0,0,0,0
new_england_patriots_1989,0,0,0,0,0
new_england_patriots_1990,0,0,0,0,0
new_england_patriots_1991,0,0,0,0,0
new_england_patriots_1992,7,0,0,0,0
new_england_patriots_1993,1,0,0,0,0
new_england_patriots_1994,2,0,0,0,0
new_england_patriots_1995,6,0,0,0,0
new_england_patriots_1996,5,0,0,0,0
new_england_patriots_1997,5,0,9,0,0
new_england_patriots_1998,3,0,0,17,0
new_england_patriots_1999,8,0,0,0,0
new_england_patriots_2000,4,0,0,0,0
new_england_patriots_2001,8,3,0,0,0
new_england_patriots_2002,6,3,0,0,0
new_england_patriots_2003,10,4,0,20,0
new_england_patriots_2004,11,7,0,41,1
new_england_patriots_2005,9,0,0,0,0
new_england_patriots_2006,14,2,8,0,0
new_england_patriots_2007,4,3,0,15,1
new_england_patriots_2008,7,1,0,0,0
new_england_patriots_2009,7,1,0,0,0
new_england_patriots_2010,4,2,0,0,0
new_england_patriots_2011,4,1,0,0,0
new_england_patriots_2012,5,3,0,22,1
new_england_patriots_2013,5,2,0,44,0
new_england_patriots_2014,4,5,0,3,0
new_england_patriots_2015,7,6,0,26,1
new_england_patriots_2016,9,3,0,3,0
new_orleans_saints_1983,0,0,0,0,0
new_orleans_saints_1984,0,0,0,0,0
new_orleans_saints_1985,0,0,0,0,0
new_orleans_saints_1986,0,0,0,0,0
new_orleans_saints_1987,0,0,0,0,0
new_orleans_saints_1988,0,0,0,0,0
new_orleans_saints_1989,0,0,0,0,0
new_orleans_saints_1990,0,0,0,0,0
new_orleans_saints_1991,0,0,0,0,0
new_orleans_saints_1992,5,0,0,0,0
new_orleans_saints_1993,5,0,0,0,0
new_orleans_saints_1994,5,0,0,0,0
new_orleans_saints_1995,7,0,0,0,0
new_orleans_saints_1996,14,0,0,0,0
new_orleans_saints_1997,11,0,0,0,0
new_orleans_saints_1998,8,0,0,3,0
new_orleans_saints_1999,4,0,0,31,0
new_orleans_saints_2000,2,0,0,0,0
new_orleans_saints_2001,2,8,0,12,0
new_orleans_saints_2002,8,3,0,0,0
new_orleans_saints_2003,6,2,6,25,0
new_orleans_saints_2004,6,1,0,40,0
new_orleans_saints_2005,3,0,0,0,0
new_orleans_saints_2006,7,1,4,0,0
new_orleans_saints_2007,9,3,12,60,2
new_orleans_saints_2008,4,2,0,30,0
new_orleans_saints_2009,12,1,0,7,0
new_orleans_saints_2010,5,5,20,11,0
new_orleans_saints_2011,4,3,0,0,1
new_orleans_saints_2012,2,0,1,0,0
new_orleans_saints_2013,6,1,-2,0,0
new_orleans_saints_2014,11,2,0,0,0
new_orleans_saints_2015,8,0,0,4,0
new_orleans_saints_2016,9,0,10,0,0
new_york_giants_1985,0,0,0,0,0
new_york_giants_1986,0,0,0,0,0
new_york_giants_1987,0,0,0,0,0
new_york_giants_1988,0,0,0,0,0
new_york_giants_1989,0,0,0,0,0
new_york_giants_1990,0,0,0,0,0
new_york_giants_1991,0,0,0,0,0
new_york_giants_1992,2,0,0,4,0
new_york_giants_1993,4,0,0,13,0
new_york_giants_1994,2,0,0,5,0
new_york_giants_1995,9,0,0,87,0
new_york_giants_1996,6,0,7,0,0
new_york_giants_1997,4,0,0,2,0
new_york_giants_1998,4,0,0,0,0
new_york_giants_1999,2,0,0,0,0
new_york_giants_2000,7,0,0,8,0
new_york_giants_2001,5,3,2,35,0
new_york_giants_2002,7,0,0,0,0
new_york_giants_2003,8,3,0,0,1
new_york_giants_2004,9,1,0,0,0
new_york_giants_2005,4,0,0,0,0
new_york_giants_2006,6,2,0,0,0
new_york_giants_2007,12,1,0,6,0
new_york_giants_2008,3,2,0,0,0
new_york_giants_2009,12,2,0,0,0
new_york_giants_2010,8,1,0,0,0
new_york_giants_2011,6,1,0,0,0
new_york_giants_2012,1,0,0,0,0
new_york_giants_2013,7,3,0,0,0
new_york_giants_2014,14,5,0,0,0
new_york_giants_2015,7,3,2,57,1
new_york_giants_2016,11,2,4,0,0
new_york_jets_1983,0,0,0,0,0
new_york_jets_1984,0,0,0,0,0
new_york_jets_1985,0,0,0,0,0
new_york_jets_1986,0,0,0,0,0
new_york_jets_1987,0,0,0,0,0
new_york_jets_1988,0,0,0,0,0
new_york_jets_1989,0,0,0,0,0
new_york_jets_1990,0,0,0,0,0
new_york_jets_1991,0,0,0,0,0
new_york_jets_1992,14,0,0,22,0
new_york_jets_1993,13,0,0,0,0
new_york_jets_1994,7,0,0,11,0
new_york_jets_1995,11,0,8,20,0
new_york_jets_1996,11,0,0,0,0
new_york_jets_1997,10,0,0,26,0
new_york_jets_1998,6,0,0,0,0
new_york_jets_1999,1,0,0,0,0
new_york_jets_2000,9,0,0,2,0
new_york_jets_2001,6,8,0,17,1
new_york_jets_2002,5,5,0,0,0
new_york_jets_2003,4,2,0,0,0
new_york_jets_2004,4,4,0,0,0
new_york_jets_2005,11,8,0,34,0
new_york_jets_2006,7,7,0,16,0
new_york_jets_2007,4,3,-1,17,1
new_york_jets_2008,5,10,-5,90,2
new_york_jets_2009,6,8,0,45,0
new_york_jets_2010,2,2,0,-1,0
new_york_jets_2011,10,4,0,3,0
new_york_jets_2012,14,1,1,0,0
new_york_jets_2013,5,2,0,0,0
new_york_jets_2014,9,2,-1,0,0
new_york_jets_2015,8,3,0,8,0
new_york_jets_2016,9,3,0,0,0
oakland_raiders_1995,8,0,3,0,0
oakland_raiders_1996,3,0,0,0,0
oakland_raiders_1997,11,0,0,0,0
oakland_raiders_1998,5,0,4,4,0
oakland_raiders_1999,12,0,0,40,0
oakland_raiders_2000,9,0,0,74,1
oakland_raiders_2001,11,2,0,0,0
oakland_raiders_2002,7,0,1,0,0
oakland_raiders_2003,6,1,0,0,0
oakland_raiders_2004,7,0,0,28,0
oakland_raiders_2005,2,0,-1,0,0
oakland_raiders_2006,11,3,0,0,0
oakland_raiders_2007,6,0,0,0,0
oakland_raiders_2008,3,2,0,0,0
oakland_raiders_2009,3,3,0,0,0
oakland_raiders_2010,7,2,-5,76,1
oakland_raiders_2011,6,1,0,0,0
oakland_raiders_2012,10,0,-2,0,0
oakland_raiders_2013,10,1,0,49,1
oakland_raiders_2014,8,1,0,0,0
oakland_raiders_2015,10,1,0,0,0
oakland_raiders_2016,7,1,4,0,0
philadelphia_eagles_1987,0,0,0,0,0
philadelphia_eagles_1988,0,0,0,0,0
philadelphia_eagles_1989,0,0,0,0,0
philadelphia_eagles_1990,0,0,0,0,0
philadelphia_eagles_1991,0,0,3,0,0
philadelphia_eagles_1992,4,0,0,0,0
philadelphia_eagles_1993,5,0,0,30,1
philadelphia_eagles_1994,7,0,0,0,0
philadelphia_eagles_1995,12,0,0,45,1
philadelphia_eagles_1996,13,0,0,19,0
philadelphia_eagles_1997,8,0,0,39,0
philadelphia_eagles_1998,2,0,0,0,0
philadelphia_eagles_1999,7,0,0,0,0
philadelphia_eagles_2000,3,0,0,0,0
philadelphia_eagles_2001,2,3,0,0,0
philadelphia_eagles_2002,8,2,2,8,0
philadelphia_eagles_2003,3,0,0,0,0
philadelphia_eagles_2004,3,0,0,9,0
philadelphia_eagles_2005,4,1,1,0,0
philadelphia_eagles_2006,9,0,0,0,0
philadelphia_eagles_2007,4,0,0,0,0
philadelphia_eagles_2008,4,1,-1,0,0
philadelphia_eagles_2009,6,2,0,0,0
philadelphia_eagles_2010,11,1,0,1,0
philadelphia_eagles_2011,10,4,0,0,0
philadelphia_eagles_2012,18,3,0,0,0
philadelphia_eagles_2013,8,3,0,0,0
philadelphia_eagles_2014,13,2,0,49,1
philadelphia_eagles_2015,13,3,0,83,1
philadelphia_eagles_2016,6,0,0,0,0
phoenix_cardinals_1988,0,0,0,0,0
phoenix_cardinals_1989,0,0,0,0,0
phoenix_cardinals_1990,0,0,0,0,0
phoenix_cardinals_1991,0,0,0,2,0
phoenix_cardinals_1992,8,0,0,0,0
phoenix_cardinals_1993,5,0,0,16,0
pittsburgh_steelers_1984,0,0,0,0,0
pittsburgh_steelers_1985,0,0,0,0,0
pittsburgh_steelers_1986,0,0,0,0,0
pittsburgh_steelers_1987,0,0,0,0,0
pittsburgh_steelers_1988,0,0,0,0,0
pittsburgh_steelers_1989,0,0,0,0,0
pittsburgh_steelers_1990,0,0,0,0,0
pittsburgh_steelers_1991,0,0,1,0,0
pittsburgh_steelers_1992,9,0,0,12,0
pittsburgh_steelers_1993,10,0,0,6,0
pittsburgh_steelers_1994,3,0,0,0,0
pittsburgh_steelers_1995,9,0,0,1,0
pittsburgh_steelers_1996,9,0,0,85,1
pittsburgh_steelers_1997,1,0,12,58,1
pittsburgh_steelers_1998,3,0,0,-2,0
pittsburgh_steelers_1999,3,0,0,0,0
pittsburgh_steelers_2000,4,0,-1,22,1
pittsburgh_steelers_2001,4,5,0,122,3
pittsburgh_steelers_2002,9,4,0,4,0
pittsburgh_steelers_2003,5,1,0,0,0
pittsburgh_steelers_2004,6,3,0,18,1
pittsburgh_steelers_2005,7,2,0,8,0
pittsburgh_steelers_2006,9,2,0,0,0
pittsburgh_steelers_2007,8,10,0,0,0
pittsburgh_steelers_2008,7,8,0,0,0
pittsburgh_steelers_2009,6,7,0,2,0
pittsburgh_steelers_2010,5,10,0,8,0
pittsburgh_steelers_2011,9,2,0,2,0
pittsburgh_steelers_2012,12,2,0,0,0
pittsburgh_steelers_2013,8,2,0,0,0
pittsburgh_steelers_2014,9,1,0,0,0
pittsburgh_steelers_2015,6,3,0,0,0
pittsburgh_steelers_2016,3,4,4,0,0
san_diego_chargers_1985,0,0,0,0,0
san_diego_chargers_1986,0,0,0,0,0
san_diego_chargers_1987,0,0,0,0,0
san_diego_chargers_1988,0,0,0,0,0
san_diego_chargers_1989,0,0,0,0,0
san_diego_chargers_1990,0,0,0,0,0
san_diego_chargers_1991,0,0,2,0,0
san_diego_chargers_1992,3,0,0,14,0
san_diego_chargers_1993,2,0,0,19,0
san_diego_chargers_1994,1,0,0,15,0
san_diego_chargers_1995,6,0,0,31,1
san_diego_chargers_1996,5,0,0,4,0
san_diego_chargers_1997,7,0,0,46,1
san_diego_chargers_1998,13,0,21,0,0
san_diego_chargers_1999,8,0,0,42,1
san_diego_chargers_2000,13,0,0,29,0
san_diego_chargers_2001,8,5,0,6,1
san_diego_chargers_2002,5,6,0,82,1
san_diego_chargers_2003,9,1,0,0,0
san_diego_chargers_2004,9,3,-14,32,0
san_diego_chargers_2005,12,3,0,-1,0
san_diego_chargers_2006,5,3,4,0,0
san_diego_chargers_2007,7,0,0,7,0
san_diego_chargers_2008,8,1,-2,86,1
san_diego_chargers_2009,6,1,0,0,0
san_diego_chargers_2010,15,1,-6,0,0
san_diego_chargers_2011,8,0,0,0,0
san_diego_chargers_2012,10,4,0,0,0
san_diego_chargers_2013,10,2,0,27,0
san_diego_chargers_2014,5,2,0,0,0
san_diego_chargers_2015,10,0,0,0,0
san_diego_chargers_2016,13,0,0,0,0
san_francisco_49ers_1977,0,0,0,0,0
san_francisco_49ers_1978,0,0,0,0,0
san_francisco_49ers_1979,0,0,0,0,0
san_francisco_49ers_1980,0,0,0,0,0
san_francisco_49ers_1985,0,0,0,0,0
san_francisco_49ers_1986,0,0,0,0,0
san_francisco_49ers_1987,0,0,0,0,0
san_francisco_49ers_1988,0,0,0,0,0
san_francisco_49ers_1989,0,0,0,0,0
san_francisco_49ers_1990,0,0,0,0,0
san_francisco_49ers_1991,0,0,0,0,0
san_francisco_49ers_1992,8,0,0,0,0
san_francisco_49ers_1993,11,0,0,47,1
san_francisco_49ers_1994,8,0,0,0,0
san_francisco_49ers_1995,9,0,0,69,1
san_francisco_49ers_1996,7,0,0,0,0
san_francisco_49ers_1997,6,0,0,38,1
san_francisco_49ers_1998,10,0,0,13,0
san_francisco_49ers_1999,12,0,0,0,0
san_francisco_49ers_2000,8,0,0,0,0
san_francisco_49ers_2001,6,3,9,26,1
san_francisco_49ers_2002,3,3,0,13,0
san_francisco_49ers_2003,7,4,0,0,0
san_francisco_49ers_2004,11,2,0,8,0
san_francisco_49ers_2005,12,4,0,0,0
san_francisco_49ers_2006,14,4,0,0,0
san_francisco_49ers_2007,15,1,0,0,0
san_francisco_49ers_2008,14,1,2,0,0
san_francisco_49ers_2009,9,6,0,0,0
san_francisco_49ers_2010,6,0,0,0,0
san_francisco_49ers_2011,5,2,0,15,0
san_francisco_49ers_2012,7,5,15,0,0
san_francisco_49ers_2013,9,4,0,-5,0
san_francisco_49ers_2014,11,1,0,0,0
san_francisco_49ers_2015,4,0,0,8,0
san_francisco_49ers_2016,14,3,0,0,0
seattle_seahawks_1981,0,0,0,0,0
seattle_seahawks_1982,0,0,0,0,0
seattle_seahawks_1983,0,0,0,0,0
seattle_seahawks_1984,0,0,0,0,0
seattle_seahawks_1985,0,0,0,0,0
seattle_seahawks_1986,0,0,0,0,0
seattle_seahawks_1987,0,0,0,0,0
seattle_seahawks_1988,0,0,0,0,0
seattle_seahawks_1989,0,0,0,0,0
seattle_seahawks_1990,0,0,0,0,0
seattle_seahawks_1991,0,0,0,6,0
seattle_seahawks_1992,9,0,0,71,1
seattle_seahawks_1993,5,0,0,3,0
seattle_seahawks_1994,11,0,0,0,0
seattle_seahawks_1995,4,0,0,57,1
seattle_seahawks_1996,4,0,4,28,0
seattle_seahawks_1997,4,0,0,0,0
seattle_seahawks_1998,7,0,0,52,1
seattle_seahawks_1999,11,0,0,0,0
seattle_seahawks_2000,13,0,18,0,0
seattle_seahawks_2001,7,3,8,23,0
seattle_seahawks_2002,11,0,0,11,0
seattle_seahawks_2003,8,2,0,0,0
seattle_seahawks_2004,7,2,0,0,0
seattle_seahawks_2005,6,1,0,0,0
seattle_seahawks_2006,8,1,0,25,0
seattle_seahawks_2007,7,5,0,8,0
seattle_seahawks_2008,4,6,0,0,0
seattle_seahawks_2009,8,0,0,0,0
seattle_seahawks_2010,10,1,0,0,0
seattle_seahawks_2011,7,3,0,2,0
seattle_seahawks_2012,7,4,4,0,0
seattle_seahawks_2013,10,4,-11,-2,0
seattle_seahawks_2014,6,6,0,0,0
seattle_seahawks_2015,8,1,0,0,0
seattle_seahawks_2016,6,0,0,48,1
st_louis_cardinals_1983,0,0,0,0,0
st_louis_cardinals_1984,0,0,0,0,0
st_louis_cardinals_1985,0,0,0,0,0
st_louis_cardinals_1986,0,0,0,0,0
st_louis_cardinals_1987,0,0,0,0,0
st_louis_rams_1995,6,0,5,35,1
st_louis_rams_1996,19,0,0,22,0
st_louis_rams_1997,12,0,0,5,0
st_louis_rams_1998,9,0,0,0,0
st_louis_rams_1999,9,0,0,0,0
st_louis_rams_2000,5,0,0,0,0
st_louis_rams_2001,16,5,0,24,0
st_louis_rams_2002,12,3,8,0,0
st_louis_rams_2003,6,2,0,45,1
st_louis_rams_2004,4,1,0,93,1
st_louis_rams_2005,8,3,0,0,0
st_louis_rams_2006,3,0,0,0,0
st_louis_rams_2007,3,1,0,0,0
st_louis_rams_2008,5,0,0,0,0
st_louis_rams_2009,6,0,-2,0,0
st_louis_rams_2010,5,1,0,0,0
st_louis_rams_2011,11,0,0,3,0
st_louis_rams_2012,5,0,0,2,1
st_louis_rams_2013,8,0,0,0,0
st_louis_rams_2014,6,2,0,1,0
st_louis_rams_2015,8,4,0,0,0
tampa_bay_buccaneers_1984,0,0,0,0,0
tampa_bay_buccaneers_1985,0,0,0,0,0
tampa_bay_buccaneers_1986,0,0,0,0,0
tampa_bay_buccaneers_1987,0,0,0,0,0
tampa_bay_buccaneers_1988,0,0,0,0,0
tampa_bay_buccaneers_1989,0,0,0,0,0
tampa_bay_buccaneers_1990,0,0,0,0,0
tampa_bay_buccaneers_1991,0,0,0,0,0
tampa_bay_buccaneers_1992,5,0,0,0,0
tampa_bay_buccaneers_1993,5,0,0,0,0
tampa_bay_buccaneers_1994,6,0,0,0,0
tampa_bay_buccaneers_1995,12,0,0,0,0
tampa_bay_buccaneers_1996,13,0,0,0,0
tampa_bay_buccaneers_1997,5,0,0,0,0
tampa_bay_buccaneers_1998,11,0,0,15,0
tampa_bay_buccaneers_1999,15,0,0,0,0
tampa_bay_buccaneers_2000,8,0,0,24,1
tampa_bay_buccaneers_2001,5,5,0,0,0
tampa_bay_buccaneers_2002,9,2,2,0,0
tampa_bay_buccaneers_2003,6,5,0,57,1
tampa_bay_buccaneers_2004,10,3,0,59,2
tampa_bay_buccaneers_2005,0,1,0,4,0
tampa_bay_buccaneers_2006,3,3,0,0,0
tampa_bay_buccaneers_2007,6,3,0,31,1
tampa_bay_buccaneers_2008,2,1,0,2,0
tampa_bay_buccaneers_2009,1,2,0,0,0
tampa_bay_buccaneers_2010,4,0,0,0,0
tampa_bay_buccaneers_2011,7,1,-8,0,0
tampa_bay_buccaneers_2012,3,3,0,1,0
tampa_bay_buccaneers_2013,8,2,0,5,0
tampa_bay_buccaneers_2014,12,4,0,12,0
tampa_bay_buccaneers_2015,12,3,0,22,1
tampa_bay_buccaneers_2016,9,0,-2,0,0
tennessee_oilers_1997,8,0,0,68,0
tennessee_oilers_1998,5,0,0,0,1
tennessee_titans_1999,7,0,0,83,1
tennessee_titans_2000,6,0,0,0,0
tennessee_titans_2001,8,1,0,0,0
tennessee_titans_2002,2,1,0,0,0
tennessee_titans_2003,2,1,1,0,0
tennessee_titans_2004,3,2,33,0,0
tennessee_titans_2005,4,1,0,0,0
tennessee_titans_2006,5,1,1,0,0
tennessee_titans_2007,8,2,0,0,0
tennessee_titans_2008,4,2,0,0,0
tennessee_titans_2009,10,2,0,0,0
tennessee_titans_2010,10,4,2,20,0
tennessee_titans_2011,8,2,0,0,0
tennessee_titans_2012,8,3,-2,6,0
tennessee_titans_2013,6,3,0,0,0
tennessee_titans_2014,5,0,0,0,0
tennessee_titans_2015,13,1,0,0,0
tennessee_titans_2016,7,0,0,0,0
washington_redskins_1984,0,0,0,0,0
washington_redskins_1985,0,0,0,0,0
washington_redskins_1986,0,0,0,0,0
washington_redskins_1987,0,0,0,0,0
washington_redskins_1988,0,0,0,0,0
washington_redskins_1989,0,0,0,0,0
washington_redskins_1990,0,0,0,0,0
washington_redskins_1991,0,0,0,0,0
washington_redskins_1992,1,0,0,26,0
washington_redskins_1993,2,0,0,0,0
washington_redskins_1994,2,0,0,0,0
washington_redskins_1995,4,0,0,0,0
washington_redskins_1996,2,0,0,0,0
washington_redskins_1997,1,0,-3,2,0
washington_redskins_1998,5,0,0,0,0
washington_redskins_1999,8,0,0,0,0
washington_redskins_2000,12,0,0,1,0
washington_redskins_2001,10,4,0,0,0
washington_redskins_2002,15,3,0,1,0
washington_redskins_2003,11,3,0,4,0
washington_redskins_2004,1,3,0,0,0
washington_redskins_2005,2,4,0,39,1
washington_redskins_2006,2,4,0,0,0
washington_redskins_2007,8,5,0,6,0
washington_redskins_2008,3,1,-3,25,0
washington_redskins_2009,8,2,0,7,0
washington_redskins_2010,2,8,0,29,1
washington_redskins_2011,3,5,0,0,0
washington_redskins_2012,5,1,5,7,0
washington_redskins_2013,13,4,0,75,1
washington_redskins_2014,12,1,0,17,0
washington_redskins_2015,11,4,0,17,1
washington_redskins_2016,9,4,7,0,0
