team_year,receptions_rec,receiving_yards_rec,receiving_tds_rec,first_down_receptions_rec,fumbles_rec
arizona_cardinals_1994,133,1212,4,65,2
arizona_cardinals_1995,225,2647,11,121,2
arizona_cardinals_1996,243,2459,14,140,3
arizona_cardinals_1997,182,1938,10,95,4
arizona_cardinals_1998,182,1997,6,92,4
arizona_cardinals_1999,140,1476,2,82,3
arizona_cardinals_2000,188,1804,9,83,4
arizona_cardinals_2001,151,1618,8,80,3
arizona_cardinals_2002,119,1365,11,75,0
arizona_cardinals_2003,166,2151,11,101,3
arizona_cardinals_2004,195,2217,11,111,3
arizona_cardinals_2005,304,3776,19,180,2
arizona_cardinals_2006,261,3373,16,161,0
arizona_cardinals_2007,299,3637,26,185,6
arizona_cardinals_2008,309,3609,28,175,6
arizona_cardinals_2009,293,3080,20,164,4
arizona_cardinals_2010,172,1961,8,94,4
arizona_cardinals_2011,209,2688,13,120,2
arizona_cardinals_2012,254,2761,11,136,2
arizona_cardinals_2013,334,4073,24,198,3
arizona_cardinals_2014,303,3813,21,181,5
arizona_cardinals_2015,352,4765,35,236,4
arizona_cardinals_2016,383,4425,28,229,5
atlanta_falcons_1966,73,935,9,0,0
atlanta_falcons_1967,61,813,6,0,0
atlanta_falcons_1968,77,1115,4,0,0
atlanta_falcons_1969,72,1111,7,0,0
atlanta_falcons_1970,97,1013,7,0,0
atlanta_falcons_1971,77,920,3,0,0
atlanta_falcons_1972,94,1209,4,0,0
atlanta_falcons_1973,84,1054,7,0,0
atlanta_falcons_1974,76,588,1,0,0
atlanta_falcons_1975,91,1362,12,0,0
atlanta_falcons_1976,114,1388,9,0,0
atlanta_falcons_1977,89,1221,5,0,0
atlanta_falcons_1978,123,1648,7,0,0
atlanta_falcons_1979,216,2841,15,0,0
atlanta_falcons_1980,212,2980,22,0,0
atlanta_falcons_1981,276,3563,27,0,0
atlanta_falcons_1982,130,1521,6,0,0
atlanta_falcons_1983,194,2481,15,0,0
atlanta_falcons_1984,180,2306,8,0,0
atlanta_falcons_1985,124,1271,4,0,0
atlanta_falcons_1986,63,575,5,0,0
atlanta_falcons_1987,159,1928,11,0,0
atlanta_falcons_1988,165,1814,5,0,0
atlanta_falcons_1989,107,1104,4,0,0
atlanta_falcons_1990,105,1642,11,0,0
atlanta_falcons_1991,117,1430,14,70,0
atlanta_falcons_1992,108,1269,13,62,2
atlanta_falcons_1993,132,1723,16,80,3
atlanta_falcons_1994,330,3890,24,197,1
atlanta_falcons_1995,158,2144,14,100,3
atlanta_falcons_1996,200,2245,14,120,1
atlanta_falcons_1997,224,2830,24,143,6
atlanta_falcons_1998,217,3482,26,163,4
atlanta_falcons_1999,232,2878,13,143,2
atlanta_falcons_2000,243,2604,9,126,3
atlanta_falcons_2001,215,2811,13,134,0
atlanta_falcons_2002,155,2179,10,105,4
atlanta_falcons_2003,34,481,4,26,0
atlanta_falcons_2004,32,381,2,20,1
atlanta_falcons_2005,88,1123,5,60,0
atlanta_falcons_2006,81,969,8,47,1
atlanta_falcons_2007,88,875,5,46,0
atlanta_falcons_2008,150,1819,9,86,2
atlanta_falcons_2009,181,1964,12,109,1
atlanta_falcons_2010,177,1822,14,108,1
atlanta_falcons_2011,216,2689,18,122,1
atlanta_falcons_2012,274,2994,22,159,1
atlanta_falcons_2013,352,3602,20,178,6
atlanta_falcons_2014,335,3823,20,177,4
atlanta_falcons_2015,338,3711,16,181,4
atlanta_falcons_2016,374,4960,38,239,1
baltimore_colts_1947,0,0,0,0,0
baltimore_colts_1948,0,0,0,0,0
baltimore_colts_1949,0,0,0,0,0
baltimore_colts_1950,88,1019,2,0,0
baltimore_colts_1953,99,1393,12,0,0
baltimore_colts_1954,85,1084,6,0,0
baltimore_colts_1955,50,595,1,0,0
baltimore_colts_1956,38,367,1,0,0
baltimore_colts_1957,19,155,2,0,0
baltimore_colts_1958,23,152,2,0,0
baltimore_colts_1959,23,264,4,0,0
baltimore_colts_1960,26,302,1,0,0
baltimore_colts_1961,57,753,5,0,0
baltimore_colts_1962,135,1952,18,0,0
baltimore_colts_1963,142,2111,13,0,0
baltimore_colts_1964,77,1504,9,0,0
baltimore_colts_1965,98,1806,18,0,0
baltimore_colts_1966,124,2000,17,0,0
baltimore_colts_1967,173,2427,17,0,0
baltimore_colts_1968,153,2657,23,0,0
baltimore_colts_1969,177,2531,12,0,0
baltimore_colts_1970,119,1767,14,0,0
baltimore_colts_1971,92,1073,6,0,0
baltimore_colts_1972,80,892,5,0,0
baltimore_colts_1973,51,376,2,0,0
baltimore_colts_1974,115,1456,4,0,0
baltimore_colts_1975,112,1396,11,0,0
baltimore_colts_1976,115,2038,16,0,0
baltimore_colts_1977,125,1631,9,0,0
baltimore_colts_1978,171,2002,13,0,0
baltimore_colts_1979,257,2700,14,0,0
baltimore_colts_1980,206,2412,19,0,0
baltimore_colts_1981,139,1741,10,0,0
baltimore_colts_1982,36,340,1,0,0
baltimore_colts_1983,35,632,4,0,0
baltimore_ravens_1996,207,3011,25,141,0
baltimore_ravens_1997,204,2849,20,124,6
baltimore_ravens_1998,119,1634,7,69,2
baltimore_ravens_1999,249,3154,19,139,4
baltimore_ravens_2000,212,2445,17,123,3
baltimore_ravens_2001,224,2667,14,131,2
baltimore_ravens_2002,142,1614,10,72,1
baltimore_ravens_2003,109,1213,3,55,0
baltimore_ravens_2004,132,1234,2,63,3
baltimore_ravens_2005,169,1660,5,78,2
baltimore_ravens_2006,95,919,2,52,1
baltimore_ravens_2007,128,1479,8,78,1
baltimore_ravens_2008,122,1431,6,76,2
baltimore_ravens_2009,186,2165,10,110,1
baltimore_ravens_2010,200,2348,16,115,1
baltimore_ravens_2011,297,3500,21,173,1
baltimore_ravens_2012,297,3467,20,160,0
baltimore_ravens_2013,263,2696,14,128,1
baltimore_ravens_2014,335,3855,27,188,4
baltimore_ravens_2015,407,4103,20,198,3
baltimore_ravens_2016,439,4343,20,205,2
boston_braves_1932,7,102,1,0,0
boston_bulldogs_1929,0,0,0,0,0
boston_patriots_1960,64,850,7,0,0
boston_patriots_1961,90,1310,12,0,0
boston_patriots_1962,58,768,8,0,0
boston_patriots_1963,91,1509,10,0,0
boston_patriots_1964,142,2036,20,0,0
boston_patriots_1965,128,1847,12,0,0
boston_patriots_1966,168,2454,20,0,0
boston_patriots_1967,176,2517,20,0,0
boston_patriots_1968,133,1717,16,0,0
boston_patriots_1969,154,2106,19,0,0
boston_patriots_1970,128,1353,5,0,0
boston_redskins_1933,24,379,1,0,0
boston_redskins_1934,22,311,4,0,0
boston_redskins_1935,32,530,2,0,0
boston_redskins_1936,27,388,2,0,0
boston_yanks_1944,54,486,3,0,0
boston_yanks_1945,42,523,2,0,0
boston_yanks_1946,56,854,5,0,0
boston_yanks_1947,36,446,4,0,0
boston_yanks_1948,49,728,12,0,0
brooklyn_dodgers_1930,0,0,1,0,0
brooklyn_dodgers_1931,0,0,1,0,0
brooklyn_dodgers_1932,16,242,2,0,0
brooklyn_dodgers_1933,66,873,6,0,0
brooklyn_dodgers_1934,28,388,4,0,0
brooklyn_dodgers_1935,32,432,3,0,0
brooklyn_dodgers_1936,32,502,1,0,0
brooklyn_dodgers_1937,37,641,3,0,0
brooklyn_dodgers_1938,44,673,4,0,0
brooklyn_dodgers_1939,56,751,4,0,0
brooklyn_dodgers_1940,55,965,9,0,0
brooklyn_dodgers_1941,50,709,4,0,0
brooklyn_dodgers_1942,24,333,1,0,0
brooklyn_dodgers_1943,62,619,3,0,0
brooklyn_dodgers_1946,0,0,0,0,0
brooklyn_dodgers_1947,0,0,0,0,0
brooklyn_dodgers_1948,0,0,0,0,0
brooklyn_tigers_1944,65,831,2,0,0
buffalo_bills_1947,0,0,0,0,0
buffalo_bills_1948,0,0,0,0,0
buffalo_bills_1949,0,0,0,0,0
buffalo_bills_1960,57,860,8,0,0
buffalo_bills_1961,93,1332,6,0,0
buffalo_bills_1962,101,1422,8,0,0
buffalo_bills_1963,77,1204,8,0,0
buffalo_bills_1964,98,1743,7,0,0
buffalo_bills_1965,131,1625,11,0,0
buffalo_bills_1966,47,703,1,0,0
buffalo_bills_1967,79,1090,8,0,0
buffalo_bills_1968,54,435,3,0,0
buffalo_bills_1969,109,1020,3,0,0
buffalo_bills_1970,90,748,1,0,0
buffalo_bills_1971,41,387,0,0,0
buffalo_bills_1972,45,611,7,0,0
buffalo_bills_1973,55,643,4,0,0
buffalo_bills_1974,62,796,7,0,0
buffalo_bills_1975,85,1142,9,0,0
buffalo_bills_1976,111,1442,13,0,0
buffalo_bills_1977,130,1859,10,0,0
buffalo_bills_1978,141,1938,20,0,0
buffalo_bills_1979,106,1883,6,0,0
buffalo_bills_1980,74,1065,9,0,0
buffalo_bills_1981,103,1625,5,0,0
buffalo_bills_1982,58,717,2,0,0
buffalo_bills_1983,98,1272,8,0,0
buffalo_bills_1984,194,2270,14,0,0
buffalo_bills_1985,158,1837,6,0,0
buffalo_bills_1986,145,1643,12,0,0
buffalo_bills_1987,145,1531,10,0,0
buffalo_bills_1988,166,2060,11,0,0
buffalo_bills_1989,230,3116,24,0,0
buffalo_bills_1990,144,1831,14,0,0
buffalo_bills_1991,223,2570,24,135,0
buffalo_bills_1992,189,2428,8,120,8
buffalo_bills_1993,158,1916,10,83,2
buffalo_bills_1994,219,2467,14,114,3
buffalo_bills_1995,148,1626,12,68,3
buffalo_bills_1996,210,2916,13,116,3
buffalo_bills_1997,222,2607,14,114,3
buffalo_bills_1998,167,1841,18,104,0
buffalo_bills_1999,145,1494,9,76,0
buffalo_bills_2000,44,476,7,25,1
buffalo_bills_2001,146,1414,6,75,2
buffalo_bills_2002,115,1286,2,70,1
buffalo_bills_2003,165,1818,7,90,3
buffalo_bills_2004,115,1589,16,74,2
buffalo_bills_2005,122,1562,10,66,0
buffalo_bills_2006,171,2225,13,93,2
buffalo_bills_2007,228,2509,9,125,1
buffalo_bills_2008,274,2952,13,153,5
buffalo_bills_2009,243,2694,17,120,5
buffalo_bills_2010,252,2868,23,146,6
buffalo_bills_2011,290,3101,21,148,1
buffalo_bills_2012,222,2504,17,130,6
buffalo_bills_2013,268,2931,13,131,4
buffalo_bills_2014,334,3529,22,175,8
buffalo_bills_2015,277,3449,21,149,5
buffalo_bills_2016,281,3147,16,151,0
buffalo_bisons_1946,0,0,0,0,0
card-pitt_combine_1944,31,382,1,0,0
carolina_panthers_1995,135,1623,5,76,1
carolina_panthers_1996,172,2071,16,99,0
carolina_panthers_1997,211,2435,15,128,4
carolina_panthers_1998,205,2345,17,115,3
carolina_panthers_1999,204,2602,26,121,1
carolina_panthers_2000,81,880,4,46,0
carolina_panthers_2001,90,861,7,44,0
carolina_panthers_2002,116,1509,7,62,1
carolina_panthers_2003,164,1834,10,85,4
carolina_panthers_2004,115,1067,6,55,0
carolina_panthers_2005,205,2675,19,121,2
carolina_panthers_2006,296,3265,19,148,2
carolina_panthers_2007,230,2394,17,115,6
carolina_panthers_2008,155,2085,9,92,2
carolina_panthers_2009,169,2032,12,93,3
carolina_panthers_2010,206,2199,9,104,2
carolina_panthers_2011,272,3621,17,150,4
carolina_panthers_2012,259,3590,18,155,3
carolina_panthers_2013,284,3312,23,166,3
carolina_panthers_2014,253,3016,21,158,3
carolina_panthers_2015,261,3388,32,171,3
carolina_panthers_2016,306,3962,21,194,2
chicago_bears_1926,0,0,0,0,0
chicago_bears_1927,0,0,1,0,0
chicago_bears_1928,0,0,4,0,0
chicago_bears_1929,0,0,2,0,0
chicago_bears_1930,0,0,0,0,0
chicago_bears_1931,0,0,0,0,0
chicago_bears_1932,8,72,0,0,0
chicago_bears_1933,13,249,3,0,0
chicago_bears_1934,19,393,3,0,0
chicago_bears_1935,21,353,7,0,0
chicago_bears_1936,13,220,3,0,0
chicago_bears_1937,37,750,11,0,0
chicago_bears_1938,47,789,8,0,0
chicago_bears_1939,56,1288,11,0,0
chicago_bears_1940,47,879,7,0,0
chicago_bears_1941,65,1285,12,0,0
chicago_bears_1942,30,546,4,0,0
chicago_bears_1943,17,311,3,0,0
chicago_bears_1944,18,183,1,0,0
chicago_bears_1945,66,1156,10,0,0
chicago_bears_1946,81,1316,13,0,0
chicago_bears_1947,165,2742,28,0,0
chicago_bears_1948,95,1282,11,0,0
chicago_bears_1949,104,1691,16,0,0
chicago_bears_1950,63,909,3,0,0
chicago_bears_1951,43,747,5,0,0
chicago_bears_1952,55,758,7,0,0
chicago_bears_1953,23,194,2,0,0
chicago_bears_1954,42,400,1,0,0
chicago_bears_1955,49,564,3,0,0
chicago_bears_1956,52,604,4,0,0
chicago_bears_1957,49,606,3,0,0
chicago_bears_1958,72,903,7,0,0
chicago_bears_1959,57,818,7,0,0
chicago_bears_1960,56,883,5,0,0
chicago_bears_1961,123,2076,19,0,0
chicago_bears_1962,115,1653,11,0,0
chicago_bears_1963,141,1695,13,0,0
chicago_bears_1964,142,1577,12,0,0
chicago_bears_1965,95,1396,11,0,0
chicago_bears_1966,94,1105,5,0,0
chicago_bears_1967,72,876,6,0,0
chicago_bears_1968,114,1413,8,0,0
chicago_bears_1969,146,1529,11,0,0
chicago_bears_1970,138,1889,20,0,0
chicago_bears_1971,153,2031,12,0,0
chicago_bears_1972,65,1103,9,0,0
chicago_bears_1973,110,1295,8,0,0
chicago_bears_1974,123,1591,7,0,0
chicago_bears_1975,161,1772,7,0,0
chicago_bears_1976,118,1624,8,0,0
chicago_bears_1977,158,2057,11,0,0
chicago_bears_1978,185,2214,7,0,0
chicago_bears_1979,139,1931,11,0,0
chicago_bears_1980,173,2443,13,0,0
chicago_bears_1981,163,2371,12,0,0
chicago_bears_1982,74,1046,5,0,0
chicago_bears_1983,135,1989,12,0,0
chicago_bears_1984,112,1263,7,0,0
chicago_bears_1985,113,1552,6,0,0
chicago_bears_1986,135,2038,11,0,0
chicago_bears_1987,146,1737,13,0,0
chicago_bears_1988,111,1306,3,0,0
chicago_bears_1989,143,1722,12,0,0
chicago_bears_1990,126,1667,9,0,0
chicago_bears_1991,204,2448,13,130,0
chicago_bears_1992,196,2376,13,119,1
chicago_bears_1993,168,1742,5,89,2
chicago_bears_1994,131,1105,9,59,1
chicago_bears_1995,141,1232,13,74,0
chicago_bears_1996,220,2217,10,121,6
chicago_bears_1997,217,1977,6,114,4
chicago_bears_1998,189,2185,11,103,7
chicago_bears_1999,209,1880,9,93,3
chicago_bears_2000,137,1228,4,66,1
chicago_bears_2001,129,1199,9,59,0
chicago_bears_2002,71,682,6,34,0
chicago_bears_2003,93,969,3,48,2
chicago_bears_2004,130,1564,3,76,2
chicago_bears_2005,67,576,5,34,2
chicago_bears_2006,42,534,4,25,2
chicago_bears_2007,130,1289,4,54,1
chicago_bears_2008,210,2218,14,106,3
chicago_bears_2009,260,2790,23,130,2
chicago_bears_2010,228,2820,20,135,6
chicago_bears_2011,184,2251,13,99,4
chicago_bears_2012,238,2787,18,133,3
chicago_bears_2013,335,4147,27,199,4
chicago_bears_2014,361,3774,29,181,2
chicago_bears_2015,334,3843,21,177,4
chicago_bears_2016,345,4125,19,211,5
chicago_cardinals_1928,0,0,0,0,0
chicago_cardinals_1929,0,0,2,0,0
chicago_cardinals_1930,0,0,0,0,0
chicago_cardinals_1931,0,0,2,0,0
chicago_cardinals_1932,15,290,2,0,0
chicago_cardinals_1933,11,153,0,0,0
chicago_cardinals_1934,1,1,0,0,0
chicago_cardinals_1935,11,160,0,0,0
chicago_cardinals_1936,38,612,2,0,0
chicago_cardinals_1937,51,853,6,0,0
chicago_cardinals_1938,86,924,2,0,0
chicago_cardinals_1939,55,668,1,0,0
chicago_cardinals_1940,43,606,5,0,0
chicago_cardinals_1941,106,1540,6,0,0
chicago_cardinals_1942,109,1215,6,0,0
chicago_cardinals_1943,30,320,2,0,0
chicago_cardinals_1945,59,787,1,0,0
chicago_cardinals_1946,75,1147,11,0,0
chicago_cardinals_1947,85,1282,9,0,0
chicago_cardinals_1948,71,963,6,0,0
chicago_cardinals_1949,67,779,9,0,0
chicago_cardinals_1950,42,388,2,0,0
chicago_cardinals_1951,48,756,4,0,0
chicago_cardinals_1952,46,579,8,0,0
chicago_cardinals_1953,93,1113,9,0,0
chicago_cardinals_1954,90,1158,5,0,0
chicago_cardinals_1955,65,909,7,0,0
chicago_cardinals_1956,66,976,8,0,0
chicago_cardinals_1957,95,1749,12,0,0
chicago_cardinals_1958,175,2330,19,0,0
chicago_cardinals_1959,66,1027,7,0,0
chicago_hornets_1949,0,0,0,0,0
chicago_rockets_1946,0,0,0,0,0
chicago_rockets_1947,0,0,0,0,0
chicago_rockets_1948,0,0,0,0,0
cincinnati_bengals_1968,26,307,1,0,0
cincinnati_bengals_1969,49,627,3,0,0
cincinnati_bengals_1970,67,571,5,0,0
cincinnati_bengals_1971,61,737,5,0,0
cincinnati_bengals_1972,56,641,3,0,0
cincinnati_bengals_1973,31,396,4,0,0
cincinnati_bengals_1974,47,474,2,0,0
cincinnati_bengals_1975,47,426,4,0,0
cincinnati_bengals_1976,26,217,3,0,0
cincinnati_bengals_1977,44,383,1,0,0
cincinnati_bengals_1978,89,1013,6,0,0
cincinnati_bengals_1979,94,983,5,0,0
cincinnati_bengals_1980,101,940,7,0,0
cincinnati_bengals_1981,94,924,9,0,0
cincinnati_bengals_1982,59,553,5,0,0
cincinnati_bengals_1983,84,632,2,0,0
cincinnati_bengals_1984,152,1769,6,0,0
cincinnati_bengals_1985,73,708,5,0,0
cincinnati_bengals_1986,33,389,2,0,0
cincinnati_bengals_1987,82,1002,7,0,0
cincinnati_bengals_1988,18,187,1,0,0
cincinnati_bengals_1989,55,563,5,0,0
cincinnati_bengals_1990,45,547,5,0,0
cincinnati_bengals_1991,87,819,4,45,0
cincinnati_bengals_1992,106,1195,9,55,2
cincinnati_bengals_1993,184,1962,11,96,2
cincinnati_bengals_1994,171,2365,17,99,1
cincinnati_bengals_1995,158,2128,22,100,1
cincinnati_bengals_1996,191,2276,18,113,0
cincinnati_bengals_1997,166,2057,11,91,4
cincinnati_bengals_1998,203,2513,17,105,3
cincinnati_bengals_1999,223,2787,16,124,1
cincinnati_bengals_2000,125,1424,4,73,1
cincinnati_bengals_2001,237,2499,9,132,3
cincinnati_bengals_2002,236,2658,16,132,0
cincinnati_bengals_2003,278,3203,25,162,2
cincinnati_bengals_2004,240,2473,18,120,2
cincinnati_bengals_2005,249,2531,19,131,6
cincinnati_bengals_2006,186,2257,9,110,1
cincinnati_bengals_2007,205,2328,11,110,3
cincinnati_bengals_2008,153,1194,4,67,2
cincinnati_bengals_2009,143,1636,11,80,4
cincinnati_bengals_2010,233,2535,18,132,2
cincinnati_bengals_2011,190,2279,13,102,1
cincinnati_bengals_2012,287,3439,26,158,5
cincinnati_bengals_2013,357,4284,32,203,5
cincinnati_bengals_2014,312,3461,20,159,7
cincinnati_bengals_2015,333,4073,31,190,3
cincinnati_bengals_2016,363,4194,18,204,3
cincinnati_reds_1933,4,56,0,0,0
cincinnati_reds_1934,10,112,0,0,0
cleveland_browns_1946,0,0,0,0,0
cleveland_browns_1947,0,0,0,0,0
cleveland_browns_1948,0,0,0,0,0
cleveland_browns_1949,0,0,0,0,0
cleveland_browns_1950,45,692,6,0,0
cleveland_browns_1951,68,971,9,0,0
cleveland_browns_1952,51,728,7,0,0
cleveland_browns_1953,129,2007,12,0,0
cleveland_browns_1954,101,1453,8,0,0
cleveland_browns_1955,69,1178,12,0,0
cleveland_browns_1956,61,885,6,0,0
cleveland_browns_1957,58,1127,9,0,0
cleveland_browns_1958,58,1094,7,0,0
cleveland_browns_1959,54,900,8,0,0
cleveland_browns_1960,66,986,7,0,0
cleveland_browns_1961,73,1209,9,0,0
cleveland_browns_1962,39,705,4,0,0
cleveland_browns_1963,7,97,1,0,0
cleveland_browns_1964,53,944,10,0,0
cleveland_browns_1965,29,473,4,0,0
cleveland_browns_1966,71,1138,6,0,0
cleveland_browns_1967,59,1043,10,0,0
cleveland_browns_1968,105,1711,18,0,0
cleveland_browns_1969,98,1424,13,0,0
cleveland_browns_1970,83,1065,8,0,0
cleveland_browns_1971,83,976,8,0,0
cleveland_browns_1972,88,1064,9,0,0
cleveland_browns_1973,71,793,6,0,0
cleveland_browns_1974,24,380,2,0,0
cleveland_browns_1975,43,489,3,0,0
cleveland_browns_1976,58,860,10,0,0
cleveland_browns_1977,52,600,9,0,0
cleveland_browns_1978,43,669,2,0,0
cleveland_browns_1979,66,918,10,0,0
cleveland_browns_1980,72,1021,7,0,0
cleveland_browns_1981,100,1686,9,0,0
cleveland_browns_1982,91,1259,7,0,0
cleveland_browns_1983,165,2028,14,0,0
cleveland_browns_1984,182,2444,10,0,0
cleveland_browns_1985,133,1823,14,0,0
cleveland_browns_1986,173,2125,5,0,0
cleveland_browns_1987,141,1540,10,0,0
cleveland_browns_1988,172,1992,12,0,0
cleveland_browns_1989,136,1458,9,0,0
cleveland_browns_1990,124,1381,6,0,0
cleveland_browns_1991,125,1370,6,57,0
cleveland_browns_1992,130,1878,10,82,2
cleveland_browns_1993,151,2307,20,108,3
cleveland_browns_1994,160,2224,13,113,3
cleveland_browns_1995,207,2755,18,134,5
cleveland_browns_1999,206,2382,17,102,1
cleveland_browns_2000,195,2115,6,88,4
cleveland_browns_2001,177,2096,14,94,4
cleveland_browns_2002,179,1982,19,108,0
cleveland_browns_2003,183,2012,10,105,1
cleveland_browns_2004,98,1486,4,51,0
cleveland_browns_2005,100,1256,6,57,0
cleveland_browns_2006,100,1233,7,53,0
cleveland_browns_2007,134,1772,21,81,3
cleveland_browns_2008,110,1317,5,61,1
cleveland_browns_2009,117,1281,7,63,2
cleveland_browns_2010,121,1394,5,72,1
cleveland_browns_2011,141,1429,5,74,1
cleveland_browns_2012,246,2811,12,139,4
cleveland_browns_2013,276,3438,22,147,2
cleveland_browns_2014,227,3110,10,145,0
cleveland_browns_2015,358,4015,19,183,6
cleveland_browns_2016,338,3693,15,181,2
cleveland_bulldogs_1927,0,0,0,0,0
cleveland_indians_1931,0,0,0,0,0
cleveland_rams_1937,28,429,1,0,0
cleveland_rams_1938,40,607,4,0,0
cleveland_rams_1939,29,258,1,0,0
cleveland_rams_1940,18,200,2,0,0
cleveland_rams_1941,51,465,2,0,0
cleveland_rams_1942,50,569,7,0,0
cleveland_rams_1944,18,328,3,0,0
cleveland_rams_1945,20,197,1,0,0
dallas_cowboys_1960,31,346,2,0,0
dallas_cowboys_1961,53,487,3,0,0
dallas_cowboys_1962,91,1172,8,0,0
dallas_cowboys_1963,104,1251,7,0,0
dallas_cowboys_1964,70,816,2,0,0
dallas_cowboys_1965,67,978,7,0,0
dallas_cowboys_1966,123,1741,10,0,0
dallas_cowboys_1967,149,1940,17,0,0
dallas_cowboys_1968,149,2174,13,0,0
dallas_cowboys_1969,104,1784,19,0,0
dallas_cowboys_1970,86,1156,7,0,0
dallas_cowboys_1971,133,1643,9,0,0
dallas_cowboys_1972,119,1742,12,0,0
dallas_cowboys_1973,63,839,6,0,0
dallas_cowboys_1974,145,2007,8,0,0
dallas_cowboys_1975,159,2188,15,0,0
dallas_cowboys_1976,180,2287,15,0,0
dallas_cowboys_1977,156,2048,14,0,0
dallas_cowboys_1978,134,1695,8,0,0
dallas_cowboys_1979,120,1759,12,0,0
dallas_cowboys_1980,119,1473,13,0,0
dallas_cowboys_1981,72,1269,9,0,0
dallas_cowboys_1982,45,777,7,0,0
dallas_cowboys_1983,106,1356,12,0,0
dallas_cowboys_1984,64,868,2,0,0
dallas_cowboys_1985,115,1376,9,0,0
dallas_cowboys_1986,175,1892,11,0,0
dallas_cowboys_1987,215,2727,13,0,0
dallas_cowboys_1988,275,3437,20,0,0
dallas_cowboys_1989,186,2039,8,0,0
dallas_cowboys_1990,173,2074,10,0,0
dallas_cowboys_1991,212,2929,14,157,0
dallas_cowboys_1992,222,3009,20,157,2
dallas_cowboys_1993,184,2627,14,134,4
dallas_cowboys_1994,166,2571,16,125,2
dallas_cowboys_1995,182,2424,15,134,2
dallas_cowboys_1996,135,1921,4,97,4
dallas_cowboys_1997,112,1500,13,75,1
dallas_cowboys_1998,179,2483,9,110,2
dallas_cowboys_1999,187,2051,16,86,1
dallas_cowboys_2000,134,1246,11,62,0
dallas_cowboys_2001,142,1890,10,84,1
dallas_cowboys_2002,147,1668,7,66,2
dallas_cowboys_2003,246,2711,13,117,3
dallas_cowboys_2004,230,2735,15,126,4
dallas_cowboys_2005,227,2907,20,144,3
dallas_cowboys_2006,256,3303,22,158,0
dallas_cowboys_2007,241,2980,25,150,3
dallas_cowboys_2008,245,2896,21,123,5
dallas_cowboys_2009,165,1705,2,79,1
dallas_cowboys_2010,204,2021,15,97,3
dallas_cowboys_2011,234,2613,15,133,3
dallas_cowboys_2012,342,3788,21,179,3
dallas_cowboys_2013,350,3978,33,199,7
dallas_cowboys_2014,327,4007,37,205,4
dallas_cowboys_2015,333,3673,16,175,4
dallas_cowboys_2016,325,3799,25,191,4
dallas_texans_1952,82,1020,9,0,0
dallas_texans_1960,14,211,1,0,0
dallas_texans_1961,28,393,4,0,0
dallas_texans_1962,44,710,7,0,0
denver_broncos_1960,182,2492,19,0,0
denver_broncos_1961,158,2018,10,0,0
denver_broncos_1962,204,2701,18,0,0
denver_broncos_1963,116,1737,17,0,0
denver_broncos_1964,152,1678,12,0,0
denver_broncos_1965,146,1983,12,0,0
denver_broncos_1966,96,1547,9,0,0
denver_broncos_1967,66,1075,11,0,0
denver_broncos_1968,123,1930,13,0,0
denver_broncos_1969,169,2622,21,0,0
denver_broncos_1970,150,2161,10,0,0
denver_broncos_1971,132,1643,4,0,0
denver_broncos_1972,119,1596,9,0,0
denver_broncos_1973,154,1941,13,0,0
denver_broncos_1974,137,1918,13,0,0
denver_broncos_1975,145,1858,9,0,0
denver_broncos_1976,123,1659,7,0,0
denver_broncos_1977,92,1060,6,0,0
denver_broncos_1978,125,1450,11,0,0
denver_broncos_1979,169,2178,10,0,0
denver_broncos_1980,169,1920,10,0,0
denver_broncos_1981,212,3160,24,0,0
denver_broncos_1982,120,1445,7,0,0
denver_broncos_1983,160,2589,14,0,0
denver_broncos_1984,171,2319,19,0,0
denver_broncos_1985,183,2478,18,0,0
denver_broncos_1986,161,2371,9,0,0
denver_broncos_1987,152,2359,12,0,0
denver_broncos_1988,170,2364,16,0,0
denver_broncos_1989,117,1741,10,0,0
denver_broncos_1990,168,2270,11,0,0
denver_broncos_1991,191,2707,9,119,0
denver_broncos_1992,208,2789,14,109,3
denver_broncos_1993,187,2152,15,98,3
denver_broncos_1994,151,1770,8,88,2
denver_broncos_1995,167,1767,8,90,4
denver_broncos_1996,178,2080,19,110,1
denver_broncos_1997,164,2026,11,94,1
denver_broncos_1998,162,2186,22,105,2
denver_broncos_1999,150,1915,9,80,0
denver_broncos_2000,153,1802,10,89,0
denver_broncos_2001,79,670,5,33,1
denver_broncos_2002,207,2455,11,115,0
denver_broncos_2003,137,1690,12,84,0
denver_broncos_2004,116,1794,14,73,2
denver_broncos_2005,153,1762,9,75,3
denver_broncos_2006,202,2460,17,117,3
denver_broncos_2007,246,2728,14,135,5
denver_broncos_2008,288,3425,16,157,5
denver_broncos_2009,223,2613,14,134,0
denver_broncos_2010,165,2017,9,99,4
denver_broncos_2011,150,1889,17,91,4
denver_broncos_2012,254,3240,27,153,4
denver_broncos_2013,378,4777,48,250,4
denver_broncos_2014,394,4732,40,223,4
denver_broncos_2015,358,4144,17,197,4
denver_broncos_2016,339,3914,20,181,8
detroit_lions_1934,24,492,3,0,0
detroit_lions_1935,36,638,6,0,0
detroit_lions_1936,51,669,6,0,0
detroit_lions_1937,26,363,2,0,0
detroit_lions_1938,28,413,2,0,0
detroit_lions_1939,38,727,4,0,0
detroit_lions_1940,62,887,1,0,0
detroit_lions_1941,33,378,3,0,0
detroit_lions_1942,55,692,1,0,0
detroit_lions_1943,62,869,7,0,0
detroit_lions_1944,87,1448,16,0,0
detroit_lions_1945,50,776,7,0,0
detroit_lions_1946,50,702,5,0,0
detroit_lions_1947,26,466,5,0,0
detroit_lions_1948,83,1177,8,0,0
detroit_lions_1949,70,1060,4,0,0
detroit_lions_1950,81,1168,8,0,0
detroit_lions_1951,109,1814,24,0,0
detroit_lions_1952,82,1009,7,0,0
detroit_lions_1953,88,1412,13,0,0
detroit_lions_1954,145,2275,18,0,0
detroit_lions_1955,112,1274,10,0,0
detroit_lions_1956,77,1034,5,0,0
detroit_lions_1957,84,992,6,0,0
detroit_lions_1958,88,1126,13,0,0
detroit_lions_1959,103,1495,7,0,0
detroit_lions_1960,112,1274,5,0,0
detroit_lions_1961,135,1810,8,0,0
detroit_lions_1962,122,1357,8,0,0
detroit_lions_1963,152,2011,16,0,0
detroit_lions_1964,144,2062,19,0,0
detroit_lions_1965,84,992,8,0,0
detroit_lions_1966,75,485,2,0,0
detroit_lions_1967,111,1162,11,0,0
detroit_lions_1968,133,1792,12,0,0
detroit_lions_1969,107,1158,4,0,0
detroit_lions_1970,134,1593,15,0,0
detroit_lions_1971,129,1781,14,0,0
detroit_lions_1972,137,1925,16,0,0
detroit_lions_1973,154,1846,10,0,0
detroit_lions_1974,195,2338,11,0,0
detroit_lions_1975,130,1496,7,0,0
detroit_lions_1976,153,2161,15,0,0
detroit_lions_1977,109,999,2,0,0
detroit_lions_1978,132,1488,12,0,0
detroit_lions_1979,133,1885,10,0,0
detroit_lions_1980,108,1711,8,0,0
detroit_lions_1981,145,2388,11,0,0
detroit_lions_1982,54,873,8,0,0
detroit_lions_1983,157,2281,16,0,0
detroit_lions_1984,167,2635,13,0,0
detroit_lions_1985,164,2539,15,0,0
detroit_lions_1986,148,1926,14,0,0
detroit_lions_1987,157,2010,8,0,0
detroit_lions_1988,153,1842,11,0,0
detroit_lions_1989,135,1858,9,0,0
detroit_lions_1990,169,2074,12,0,0
detroit_lions_1991,150,1558,3,74,0
detroit_lions_1992,140,1543,7,69,2
detroit_lions_1993,114,1048,4,52,2
detroit_lions_1994,154,1681,11,93,3
detroit_lions_1995,173,2015,10,99,2
detroit_lions_1996,123,1237,5,67,0
detroit_lions_1997,57,619,5,27,1
detroit_lions_1998,76,645,5,30,1
detroit_lions_1999,78,623,3,27,1
detroit_lions_2000,65,575,2,25,1
detroit_lions_2001,156,1555,2,65,2
detroit_lions_2002,202,2605,16,124,1
detroit_lions_2003,224,2228,14,118,2
detroit_lions_2004,109,1295,8,61,0
detroit_lions_2005,100,829,2,43,0
detroit_lions_2006,84,796,4,33,0
detroit_lions_2007,101,1188,6,57,2
detroit_lions_2008,151,1937,16,81,5
detroit_lions_2009,171,2052,9,100,4
detroit_lions_2010,148,1762,13,95,2
detroit_lions_2011,175,2701,28,134,2
detroit_lions_2012,290,3587,11,182,3
detroit_lions_2013,245,3198,24,150,1
detroit_lions_2014,348,4150,21,202,3
detroit_lions_2015,384,4059,28,212,2
detroit_lions_2016,388,4327,24,217,1
detroit_wolverines_1928,0,0,1,0,0
duluth_eskimos_1926,0,0,0,0,0
frankford_yellow_jackets_1927,0,0,1,0,0
frankford_yellow_jackets_1928,0,0,1,0,0
frankford_yellow_jackets_1930,0,0,1,0,0
frankford_yellow_jackets_1931,0,0,0,0,0
green_bay_packers_1924,0,0,0,0,0
green_bay_packers_1925,0,0,3,0,0
green_bay_packers_1926,0,0,3,0,0
green_bay_packers_1927,0,0,1,0,0
green_bay_packers_1928,0,0,3,0,0
green_bay_packers_1929,0,0,5,0,0
green_bay_packers_1930,0,0,8,0,0
green_bay_packers_1931,0,0,7,0,0
green_bay_packers_1932,16,318,1,0,0
green_bay_packers_1933,23,423,1,0,0
green_bay_packers_1934,33,623,3,0,0
green_bay_packers_1935,24,336,1,0,0
green_bay_packers_1936,41,610,5,0,0
green_bay_packers_1937,35,621,6,0,0
green_bay_packers_1938,36,566,3,0,0
green_bay_packers_1939,43,610,6,0,0
green_bay_packers_1940,41,635,4,0,0
green_bay_packers_1941,21,281,2,0,0
green_bay_packers_1942,69,997,10,0,0
green_bay_packers_1943,61,1021,9,0,0
green_bay_packers_1944,26,311,1,0,0
green_bay_packers_1945,12,360,3,0,0
green_bay_packers_1946,33,560,1,0,0
green_bay_packers_1947,61,928,9,0,0
green_bay_packers_1948,61,788,6,0,0
green_bay_packers_1949,38,471,1,0,0
green_bay_packers_1950,62,944,6,0,0
green_bay_packers_1951,167,2066,22,0,0
green_bay_packers_1952,99,1331,11,0,0
green_bay_packers_1953,83,964,3,0,0
green_bay_packers_1954,86,887,1,0,0
green_bay_packers_1955,100,1197,11,0,0
green_bay_packers_1956,97,1100,7,0,0
green_bay_packers_1957,44,530,4,0,0
green_bay_packers_1958,40,526,4,0,0
green_bay_packers_1959,41,502,6,0,0
green_bay_packers_1960,30,306,0,0,0
green_bay_packers_1961,32,241,1,0,0
green_bay_packers_1962,32,254,0,0,0
green_bay_packers_1963,31,268,4,0,0
green_bay_packers_1964,49,451,3,0,0
green_bay_packers_1965,73,1017,6,0,0
green_bay_packers_1966,143,2088,14,0,0
green_bay_packers_1967,94,1576,10,0,0
green_bay_packers_1968,135,1929,15,0,0
green_bay_packers_1969,113,1774,13,0,0
green_bay_packers_1970,111,1334,2,0,0
green_bay_packers_1971,66,1000,6,0,0
green_bay_packers_1972,70,1120,3,0,0
green_bay_packers_1973,40,393,1,0,0
green_bay_packers_1974,59,646,4,0,0
green_bay_packers_1975,119,1446,7,0,0
green_bay_packers_1976,78,1178,8,0,0
green_bay_packers_1977,67,1014,4,0,0
green_bay_packers_1978,30,587,3,0,0
green_bay_packers_1979,52,687,4,0,0
green_bay_packers_1980,160,1859,8,0,0
green_bay_packers_1981,120,1286,7,0,0
green_bay_packers_1982,79,1067,6,0,0
green_bay_packers_1983,154,2089,11,0,0
green_bay_packers_1984,124,1366,10,0,0
green_bay_packers_1985,119,1451,8,0,0
green_bay_packers_1986,179,1874,11,0,0
green_bay_packers_1987,143,1796,9,0,0
green_bay_packers_1988,228,2643,10,0,0
green_bay_packers_1989,263,3407,26,0,0
green_bay_packers_1990,264,3381,19,0,0
green_bay_packers_1991,185,2352,12,113,0
green_bay_packers_1992,213,2545,18,121,4
green_bay_packers_1993,203,2305,15,121,1
green_bay_packers_1994,167,2025,20,108,2
green_bay_packers_1995,157,1756,15,106,0
green_bay_packers_1996,160,2026,22,101,1
green_bay_packers_1997,124,1263,14,65,2
green_bay_packers_1998,181,2002,15,98,4
green_bay_packers_1999,191,2071,10,104,3
green_bay_packers_2000,157,1889,7,96,4
green_bay_packers_2001,132,1589,21,80,1
green_bay_packers_2002,198,2140,15,117,3
green_bay_packers_2003,169,2022,22,93,1
green_bay_packers_2004,218,2766,23,133,3
green_bay_packers_2005,242,2277,15,118,3
green_bay_packers_2006,130,1622,7,84,3
green_bay_packers_2007,161,2055,25,99,3
green_bay_packers_2008,214,2428,21,109,1
green_bay_packers_2009,217,2648,15,118,1
green_bay_packers_2010,220,2740,21,124,4
green_bay_packers_2011,270,3720,36,165,0
green_bay_packers_2012,249,2938,21,143,1
green_bay_packers_2013,219,2608,16,114,1
green_bay_packers_2014,314,4094,34,200,1
green_bay_packers_2015,283,2802,22,128,3
green_bay_packers_2016,399,4410,40,221,6
houston_oilers_1960,71,893,10,0,0
houston_oilers_1961,83,1108,15,0,0
houston_oilers_1962,102,1433,13,0,0
houston_oilers_1963,143,1627,9,0,0
houston_oilers_1964,105,1232,5,0,0
houston_oilers_1965,65,898,6,0,0
houston_oilers_1966,99,1630,15,0,0
houston_oilers_1967,82,882,7,0,0
houston_oilers_1968,145,2252,17,0,0
houston_oilers_1969,171,2374,13,0,0
houston_oilers_1970,185,2092,9,0,0
houston_oilers_1971,102,1243,3,0,0
houston_oilers_1972,42,470,2,0,0
houston_oilers_1973,73,871,6,0,0
houston_oilers_1974,70,836,6,0,0
houston_oilers_1975,34,364,5,0,0
houston_oilers_1976,56,490,2,0,0
houston_oilers_1977,76,657,2,0,0
houston_oilers_1978,107,1366,10,0,0
houston_oilers_1979,94,1164,7,0,0
houston_oilers_1980,209,2431,12,0,0
houston_oilers_1981,163,1727,12,0,0
houston_oilers_1982,125,1536,10,0,0
houston_oilers_1983,83,1110,5,0,0
houston_oilers_1984,45,538,1,0,0
houston_oilers_1985,12,129,0,0,0
houston_oilers_1986,125,1623,6,0,0
houston_oilers_1987,102,1496,7,0,0
houston_oilers_1988,84,1275,8,0,0
houston_oilers_1989,154,1933,8,0,0
houston_oilers_1990,180,2382,21,0,0
houston_oilers_1991,207,2506,13,123,0
houston_oilers_1992,192,2135,21,117,4
houston_oilers_1993,171,2141,13,110,7
houston_oilers_1994,134,1574,8,75,1
houston_oilers_1995,181,2182,20,101,4
houston_oilers_1996,182,2339,13,107,1
houston_texans_2002,126,1201,2,58,1
houston_texans_2003,126,1560,7,75,1
houston_texans_2004,165,2284,11,113,1
houston_texans_2005,179,1711,6,97,0
houston_texans_2006,195,1949,11,101,2
houston_texans_2007,299,3519,21,172,9
houston_texans_2008,289,3893,20,190,3
houston_texans_2009,272,3440,17,168,3
houston_texans_2010,275,3279,17,166,1
houston_texans_2011,227,2801,12,135,1
houston_texans_2012,319,3702,19,186,0
houston_texans_2013,301,3437,14,165,3
houston_texans_2014,275,3228,21,160,6
houston_texans_2015,273,3132,23,164,3
houston_texans_2016,337,3349,15,171,2
indianapolis_colts_1984,28,299,2,0,0
indianapolis_colts_1985,80,1030,10,0,0
indianapolis_colts_1986,62,663,1,0,0
indianapolis_colts_1987,69,640,2,0,0
indianapolis_colts_1988,87,1113,5,0,0
indianapolis_colts_1989,122,1561,8,0,0
indianapolis_colts_1990,49,426,4,0,0
indianapolis_colts_1991,121,1021,1,52,0
indianapolis_colts_1992,176,2048,8,96,1
indianapolis_colts_1993,227,2428,8,122,8
indianapolis_colts_1994,136,1656,8,77,2
indianapolis_colts_1995,202,2573,15,111,2
indianapolis_colts_1996,256,2994,13,143,4
indianapolis_colts_1997,261,3042,15,144,1
indianapolis_colts_1998,239,2560,14,131,0
indianapolis_colts_1999,235,2907,18,138,5
indianapolis_colts_2000,266,3204,26,155,3
indianapolis_colts_2001,264,3124,19,153,4
indianapolis_colts_2002,332,3590,20,186,7
indianapolis_colts_2003,259,2941,21,147,2
indianapolis_colts_2004,221,2868,27,144,1
indianapolis_colts_2005,259,3057,26,159,1
indianapolis_colts_2006,313,3833,25,210,4
indianapolis_colts_2007,289,3491,21,171,5
indianapolis_colts_2008,293,3138,21,173,2
indianapolis_colts_2009,218,2589,17,135,2
indianapolis_colts_2010,296,3132,16,165,2
indianapolis_colts_2011,196,2261,11,110,2
indianapolis_colts_2012,250,3232,18,158,3
indianapolis_colts_2013,244,2889,14,142,1
indianapolis_colts_2014,347,4557,35,220,5
indianapolis_colts_2015,314,3599,22,176,1
indianapolis_colts_2016,370,4491,32,220,4
jacksonville_jaguars_1995,142,1520,11,76,2
jacksonville_jaguars_1996,159,2132,8,99,1
jacksonville_jaguars_1997,126,1597,8,78,0
jacksonville_jaguars_1998,123,1501,9,66,1
jacksonville_jaguars_1999,118,1313,5,70,2
jacksonville_jaguars_2000,143,1628,7,76,5
jacksonville_jaguars_2001,145,1571,7,77,3
jacksonville_jaguars_2002,114,1204,3,59,1
jacksonville_jaguars_2003,190,2037,10,95,1
jacksonville_jaguars_2004,148,1313,5,68,3
jacksonville_jaguars_2005,51,355,0,16,2
jacksonville_jaguars_2006,43,428,2,20,1
jacksonville_jaguars_2007,108,1271,7,62,0
jacksonville_jaguars_2008,124,1351,5,58,3
jacksonville_jaguars_2009,123,1390,5,67,1
jacksonville_jaguars_2010,187,2140,16,104,2
jacksonville_jaguars_2011,153,1570,6,77,1
jacksonville_jaguars_2012,231,2874,16,123,2
jacksonville_jaguars_2013,265,2906,14,138,4
jacksonville_jaguars_2014,315,3339,14,147,1
jacksonville_jaguars_2015,321,4050,34,195,2
jacksonville_jaguars_2016,344,3685,22,192,2
kansas_city_chiefs_1963,86,1175,15,0,0
kansas_city_chiefs_1964,99,1683,18,0,0
kansas_city_chiefs_1965,85,1380,10,0,0
kansas_city_chiefs_1966,103,1942,16,0,0
kansas_city_chiefs_1967,156,2082,22,0,0
kansas_city_chiefs_1968,118,2143,19,0,0
kansas_city_chiefs_1969,154,2237,13,0,0
kansas_city_chiefs_1970,69,1198,10,0,0
kansas_city_chiefs_1971,71,1197,10,0,0
kansas_city_chiefs_1972,100,1227,8,0,0
kansas_city_chiefs_1973,61,849,4,0,0
kansas_city_chiefs_1974,76,956,4,0,0
kansas_city_chiefs_1975,108,1264,6,0,0
kansas_city_chiefs_1976,123,1546,7,0,0
kansas_city_chiefs_1977,61,884,5,0,0
kansas_city_chiefs_1978,132,1393,3,0,0
kansas_city_chiefs_1979,95,1084,2,0,0
kansas_city_chiefs_1980,143,1800,11,0,0
kansas_city_chiefs_1981,130,1719,9,0,0
kansas_city_chiefs_1982,132,1666,9,0,0
kansas_city_chiefs_1983,315,4181,27,0,0
kansas_city_chiefs_1984,234,3341,21,0,0
kansas_city_chiefs_1985,170,2963,17,0,0
kansas_city_chiefs_1986,153,2421,18,0,0
kansas_city_chiefs_1987,157,2235,11,0,0
kansas_city_chiefs_1988,233,3016,15,0,0
kansas_city_chiefs_1989,168,2168,9,0,0
kansas_city_chiefs_1990,170,2329,11,0,0
kansas_city_chiefs_1991,139,1720,9,95,0
kansas_city_chiefs_1992,100,1632,9,74,1
kansas_city_chiefs_1993,171,1930,16,103,1
kansas_city_chiefs_1994,280,3156,13,156,4
kansas_city_chiefs_1995,243,2503,15,124,1
kansas_city_chiefs_1996,239,2634,15,141,4
kansas_city_chiefs_1997,217,2513,16,132,1
kansas_city_chiefs_1998,219,2630,13,111,8
kansas_city_chiefs_1999,188,2158,14,102,2
kansas_city_chiefs_2000,247,3179,22,142,2
kansas_city_chiefs_2001,198,2672,13,130,1
kansas_city_chiefs_2002,159,2159,15,103,0
kansas_city_chiefs_2003,184,2309,16,111,1
kansas_city_chiefs_2004,239,3107,18,155,1
kansas_city_chiefs_2005,258,3387,15,155,3
kansas_city_chiefs_2006,239,2975,15,167,1
kansas_city_chiefs_2007,200,2115,11,105,2
kansas_city_chiefs_2008,169,1822,13,95,1
kansas_city_chiefs_2009,146,1511,9,65,0
kansas_city_chiefs_2010,103,975,6,51,1
kansas_city_chiefs_2011,97,769,4,38,1
kansas_city_chiefs_2012,145,1332,3,62,1
kansas_city_chiefs_2013,213,2085,15,106,2
kansas_city_chiefs_2014,214,2174,16,112,6
kansas_city_chiefs_2015,295,3374,20,150,5
kansas_city_chiefs_2016,365,3919,19,197,4
los_angeles_buccaneers_1926,0,0,0,0,0
los_angeles_chargers_1960,147,2053,15,0,0
los_angeles_dons_1946,0,0,0,0,0
los_angeles_dons_1947,0,0,0,0,0
los_angeles_dons_1948,0,0,0,0,0
los_angeles_dons_1949,0,0,0,0,0
los_angeles_raiders_1982,112,1355,7,0,0
los_angeles_raiders_1983,212,2518,19,0,0
los_angeles_raiders_1984,208,2745,17,0,0
los_angeles_raiders_1985,152,1591,9,0,0
los_angeles_raiders_1986,176,2163,13,0,0
los_angeles_raiders_1987,153,1815,8,0,0
los_angeles_raiders_1988,109,1802,7,0,0
los_angeles_raiders_1989,129,2314,14,0,0
los_angeles_raiders_1990,125,2135,10,0,0
los_angeles_raiders_1991,99,1507,9,65,0
los_angeles_raiders_1992,109,1427,8,69,1
los_angeles_raiders_1993,84,1359,5,61,2
los_angeles_raiders_1994,108,1331,7,58,0
los_angeles_rams_1946,49,555,5,0,0
los_angeles_rams_1947,53,685,3,0,0
los_angeles_rams_1948,107,1438,13,0,0
los_angeles_rams_1949,102,1413,11,0,0
los_angeles_rams_1950,145,1972,14,0,0
los_angeles_rams_1951,65,952,5,0,0
los_angeles_rams_1952,113,1525,10,0,0
los_angeles_rams_1953,60,797,7,0,0
los_angeles_rams_1954,69,1014,5,0,0
los_angeles_rams_1955,119,1339,4,0,0
los_angeles_rams_1956,52,547,1,0,0
los_angeles_rams_1957,47,594,4,0,0
los_angeles_rams_1958,83,1180,3,0,0
los_angeles_rams_1959,104,1177,6,0,0
los_angeles_rams_1960,154,1942,15,0,0
los_angeles_rams_1961,197,2696,13,0,0
los_angeles_rams_1962,189,2524,14,0,0
los_angeles_rams_1963,166,2233,10,0,0
los_angeles_rams_1964,70,997,5,0,0
los_angeles_rams_1965,43,440,4,0,0
los_angeles_rams_1966,31,274,0,0,0
los_angeles_rams_1967,96,1173,10,0,0
los_angeles_rams_1968,103,1227,9,0,0
los_angeles_rams_1969,17,233,3,0,0
los_angeles_rams_1970,25,242,3,0,0
los_angeles_rams_1971,87,1014,10,0,0
los_angeles_rams_1972,93,960,4,0,0
los_angeles_rams_1973,63,1170,15,0,0
los_angeles_rams_1974,84,1374,11,0,0
los_angeles_rams_1975,105,1613,12,0,0
los_angeles_rams_1976,135,2260,15,0,0
los_angeles_rams_1977,152,1948,14,0,0
los_angeles_rams_1978,163,2158,6,0,0
los_angeles_rams_1979,128,1855,14,0,0
los_angeles_rams_1980,112,1606,14,0,0
los_angeles_rams_1981,117,1675,7,0,0
los_angeles_rams_1982,75,1013,6,0,0
los_angeles_rams_1983,200,2390,15,0,0
los_angeles_rams_1984,74,923,6,0,0
los_angeles_rams_1985,110,1309,5,0,0
los_angeles_rams_1986,108,1126,8,0,0
los_angeles_rams_1987,97,1225,9,0,0
los_angeles_rams_1988,195,2546,20,0,0
los_angeles_rams_1989,194,3108,19,0,0
los_angeles_rams_1990,195,2864,17,0,0
los_angeles_rams_1991,207,2685,10,136,0
los_angeles_rams_1992,228,2716,21,139,4
los_angeles_rams_1993,180,2311,9,111,1
los_angeles_rams_1994,136,1874,8,75,1
los_angeles_rams_2016,312,3313,14,151,4
miami_dolphins_1966,122,1675,10,0,0
miami_dolphins_1967,44,642,5,0,0
miami_dolphins_1968,111,1276,12,0,0
miami_dolphins_1969,101,1348,9,0,0
miami_dolphins_1970,108,1675,9,0,0
miami_dolphins_1971,110,1702,14,0,0
miami_dolphins_1972,75,1100,8,0,0
miami_dolphins_1973,90,1125,15,0,0
miami_dolphins_1974,90,1258,12,0,0
miami_dolphins_1975,50,495,4,0,0
miami_dolphins_1976,82,1044,7,0,0
miami_dolphins_1977,91,1128,8,0,0
miami_dolphins_1978,137,1704,12,0,0
miami_dolphins_1979,135,1835,11,0,0
miami_dolphins_1980,148,1826,11,0,0
miami_dolphins_1981,190,2449,12,0,0
miami_dolphins_1982,96,1083,4,0,0
miami_dolphins_1983,122,1174,8,0,0
miami_dolphins_1984,162,1639,14,0,0
miami_dolphins_1985,152,1426,11,0,0
miami_dolphins_1986,208,1736,16,0,0
miami_dolphins_1987,169,1614,8,0,0
miami_dolphins_1988,178,2322,13,0,0
miami_dolphins_1989,144,1699,11,0,0
miami_dolphins_1990,162,1666,9,0,0
miami_dolphins_1991,145,1592,9,77,0
miami_dolphins_1992,169,2016,13,100,4
miami_dolphins_1993,185,2646,19,110,9
miami_dolphins_1994,182,1763,15,87,3
miami_dolphins_1995,106,957,4,45,1
miami_dolphins_1996,72,967,6,45,2
miami_dolphins_1997,111,1314,6,71,2
miami_dolphins_1998,145,1914,12,93,4
miami_dolphins_1999,180,2300,13,109,4
miami_dolphins_2000,161,1916,9,88,2
miami_dolphins_2001,161,2154,14,103,2
miami_dolphins_2002,154,1651,11,97,3
miami_dolphins_2003,119,1701,12,89,1
miami_dolphins_2004,148,1751,14,86,3
miami_dolphins_2005,128,1728,12,84,3
miami_dolphins_2006,166,1723,7,88,0
miami_dolphins_2007,199,2119,10,103,2
miami_dolphins_2008,179,2358,14,116,4
miami_dolphins_2009,150,1851,6,101,2
miami_dolphins_2010,174,2219,8,114,3
miami_dolphins_2011,210,2770,16,134,1
miami_dolphins_2012,205,2308,11,106,3
miami_dolphins_2013,336,3847,22,195,0
miami_dolphins_2014,376,3902,27,215,7
miami_dolphins_2015,359,4159,24,192,2
miami_dolphins_2016,315,3710,27,167,2
miami_seahawks_1946,0,0,0,0,0
milwaukee_badgers_1926,0,0,0,0,0
minneapolis_red_jackets_1930,0,0,0,0,0
minnesota_vikings_1961,83,1104,12,0,0
minnesota_vikings_1962,107,1716,17,0,0
minnesota_vikings_1963,139,1848,9,0,0
minnesota_vikings_1964,117,1629,13,0,0
minnesota_vikings_1965,126,1927,15,0,0
minnesota_vikings_1966,179,2573,18,0,0
minnesota_vikings_1967,108,1396,10,0,0
minnesota_vikings_1968,114,1567,8,0,0
minnesota_vikings_1969,106,1547,17,0,0
minnesota_vikings_1970,94,1288,8,0,0
minnesota_vikings_1971,85,868,2,0,0
minnesota_vikings_1972,180,2193,13,0,0
minnesota_vikings_1973,173,2211,15,0,0
minnesota_vikings_1974,209,2579,18,0,0
minnesota_vikings_1975,251,2852,26,0,0
minnesota_vikings_1976,144,1637,5,0,0
minnesota_vikings_1977,113,1222,6,0,0
minnesota_vikings_1978,223,1940,15,0,0
minnesota_vikings_1979,193,2082,17,0,0
minnesota_vikings_1980,190,2227,14,0,0
minnesota_vikings_1981,226,2834,19,0,0
minnesota_vikings_1982,104,1120,6,0,0
minnesota_vikings_1983,164,1780,4,0,0
minnesota_vikings_1984,112,1287,7,0,0
minnesota_vikings_1985,146,1932,14,0,0
minnesota_vikings_1986,173,2474,17,0,0
minnesota_vikings_1987,142,1965,10,0,0
minnesota_vikings_1988,173,2246,8,0,0
minnesota_vikings_1989,165,1962,11,0,0
minnesota_vikings_1990,167,1983,15,0,0
minnesota_vikings_1991,193,1986,11,94,0
minnesota_vikings_1992,181,2232,12,108,2
minnesota_vikings_1993,195,2323,16,136,2
minnesota_vikings_1994,323,3742,18,177,7
minnesota_vikings_1995,343,4038,31,202,3
minnesota_vikings_1996,285,3528,23,171,3
minnesota_vikings_1997,266,3237,25,167,5
minnesota_vikings_1998,206,2629,21,138,0
minnesota_vikings_1999,184,2456,19,119,2
minnesota_vikings_2000,159,1958,12,109,3
minnesota_vikings_2001,206,2232,11,103,4
minnesota_vikings_2002,167,2002,11,99,2
minnesota_vikings_2003,91,1108,9,51,1
minnesota_vikings_2004,30,466,1,20,0
minnesota_vikings_2005,75,804,4,42,1
minnesota_vikings_2006,143,1365,4,65,4
minnesota_vikings_2007,189,2244,10,114,3
minnesota_vikings_2008,170,1580,8,82,5
minnesota_vikings_2009,260,3167,17,144,3
minnesota_vikings_2010,208,2309,10,108,2
minnesota_vikings_2011,233,2635,17,125,5
minnesota_vikings_2012,269,2626,17,146,1
minnesota_vikings_2013,277,2919,17,138,2
minnesota_vikings_2014,322,3566,17,171,3
minnesota_vikings_2015,294,3246,14,153,4
minnesota_vikings_2016,414,4119,20,209,1
new_england_patriots_1971,124,1711,16,0,0
new_england_patriots_1972,121,1515,6,0,0
new_england_patriots_1973,63,742,2,0,0
new_england_patriots_1974,63,1050,6,0,0
new_england_patriots_1975,114,1800,12,0,0
new_england_patriots_1976,89,1072,12,0,0
new_england_patriots_1977,53,613,8,0,0
new_england_patriots_1978,131,1889,10,0,0
new_england_patriots_1979,162,2327,18,0,0
new_england_patriots_1980,195,2404,21,0,0
new_england_patriots_1981,170,2524,11,0,0
new_england_patriots_1982,35,419,5,0,0
new_england_patriots_1983,96,1216,11,0,0
new_england_patriots_1984,151,1652,13,0,0
new_england_patriots_1985,76,827,3,0,0
new_england_patriots_1986,79,660,5,0,0
new_england_patriots_1987,70,669,5,0,0
new_england_patriots_1988,64,694,2,0,0
new_england_patriots_1989,64,579,0,0,0
new_england_patriots_1990,50,467,2,0,0
new_england_patriots_1991,38,614,2,27,0
new_england_patriots_1992,39,399,1,22,1
new_england_patriots_1993,56,747,2,35,1
new_england_patriots_1994,151,1493,8,78,1
new_england_patriots_1995,64,610,2,30,0
new_england_patriots_1996,221,2518,16,128,4
new_england_patriots_1997,145,1731,8,78,3
new_england_patriots_1998,143,2152,8,91,0
new_england_patriots_1999,191,2505,14,114,3
new_england_patriots_2000,178,1817,9,92,3
new_england_patriots_2001,160,1681,11,83,3
new_england_patriots_2002,160,1750,17,84,3
new_england_patriots_2003,165,1817,12,90,1
new_england_patriots_2004,211,2748,17,135,4
new_england_patriots_2005,199,2290,14,105,3
new_england_patriots_2006,262,2971,19,141,5
new_england_patriots_2007,243,2573,22,136,4
new_england_patriots_2008,250,2584,10,132,2
new_england_patriots_2009,283,3063,15,149,2
new_england_patriots_2010,201,2359,21,111,2
new_england_patriots_2011,260,3473,27,172,0
new_england_patriots_2012,253,3179,24,165,5
new_england_patriots_2013,332,3752,21,196,1
new_england_patriots_2014,376,4129,33,222,4
new_england_patriots_2015,404,4812,36,229,3
new_england_patriots_2016,368,4456,32,203,3
new_orleans_saints_1967,178,2260,11,0,0
new_orleans_saints_1968,151,1760,10,0,0
new_orleans_saints_1969,150,1916,12,0,0
new_orleans_saints_1970,154,1795,7,0,0
new_orleans_saints_1971,107,1635,11,0,0
new_orleans_saints_1972,128,1900,15,0,0
new_orleans_saints_1973,90,1000,5,0,0
new_orleans_saints_1974,163,1861,10,0,0
new_orleans_saints_1975,103,1193,3,0,0
new_orleans_saints_1976,115,1215,6,0,0
new_orleans_saints_1977,104,1205,11,0,0
new_orleans_saints_1978,256,3158,17,0,0
new_orleans_saints_1979,209,2933,16,0,0
new_orleans_saints_1980,209,2840,20,0,0
new_orleans_saints_1981,65,872,2,0,0
new_orleans_saints_1982,40,536,2,0,0
new_orleans_saints_1983,100,1068,6,0,0
new_orleans_saints_1984,129,1662,11,0,0
new_orleans_saints_1985,160,2063,11,0,0
new_orleans_saints_1986,133,1700,10,0,0
new_orleans_saints_1987,116,1530,15,0,0
new_orleans_saints_1988,141,1726,11,0,0
new_orleans_saints_1989,108,1658,9,0,0
new_orleans_saints_1990,152,1858,8,0,0
new_orleans_saints_1991,172,2060,9,96,0
new_orleans_saints_1992,130,2080,12,97,2
new_orleans_saints_1993,129,1798,10,86,2
new_orleans_saints_1994,143,1457,8,76,0
new_orleans_saints_1995,189,2204,13,109,4
new_orleans_saints_1996,88,680,5,31,2
new_orleans_saints_1997,118,1429,6,59,0
new_orleans_saints_1998,130,1706,7,78,2
new_orleans_saints_1999,136,1775,7,76,0
new_orleans_saints_2000,80,1050,11,56,2
new_orleans_saints_2001,98,1227,6,63,1
new_orleans_saints_2002,127,1479,10,62,3
new_orleans_saints_2003,137,1427,5,66,1
new_orleans_saints_2004,84,1005,2,39,1
new_orleans_saints_2005,69,711,2,33,0
new_orleans_saints_2006,156,1261,4,57,1
new_orleans_saints_2007,212,1845,8,92,3
new_orleans_saints_2008,135,1170,11,59,1
new_orleans_saints_2009,148,1155,9,59,1
new_orleans_saints_2010,140,1128,9,59,1
new_orleans_saints_2011,256,2558,20,133,1
new_orleans_saints_2012,227,2221,21,123,1
new_orleans_saints_2013,304,3384,30,152,1
new_orleans_saints_2014,377,3817,27,201,7
new_orleans_saints_2015,411,4661,28,220,6
new_orleans_saints_2016,472,5258,38,265,7
new_york_bulldogs_1949,106,1173,6,0,0
new_york_giants_1928,0,0,0,0,0
new_york_giants_1929,0,0,10,0,0
new_york_giants_1930,0,0,5,0,0
new_york_giants_1931,0,0,3,0,0
new_york_giants_1932,50,719,7,0,0
new_york_giants_1933,42,809,7,0,0
new_york_giants_1934,36,404,3,0,0
new_york_giants_1935,53,700,4,0,0
new_york_giants_1936,32,432,5,0,0
new_york_giants_1937,43,516,3,0,0
new_york_giants_1938,35,437,5,0,0
new_york_giants_1939,33,457,4,0,0
new_york_giants_1940,33,347,2,0,0
new_york_giants_1941,34,566,6,0,0
new_york_giants_1942,39,542,8,0,0
new_york_giants_1943,48,640,8,0,0
new_york_giants_1944,35,710,6,0,0
new_york_giants_1945,49,915,14,0,0
new_york_giants_1946,59,902,10,0,0
new_york_giants_1947,50,889,7,0,0
new_york_giants_1948,73,1004,9,0,0
new_york_giants_1949,57,876,10,0,0
new_york_giants_1950,21,400,2,0,0
new_york_giants_1951,23,356,2,0,0
new_york_giants_1952,23,335,1,0,0
new_york_giants_1953,52,793,7,0,0
new_york_giants_1954,89,1341,20,0,0
new_york_giants_1955,96,1210,8,0,0
new_york_giants_1956,99,1148,12,0,0
new_york_giants_1957,116,1685,12,0,0
new_york_giants_1958,99,1337,12,0,0
new_york_giants_1959,114,1973,13,0,0
new_york_giants_1960,75,1114,5,0,0
new_york_giants_1961,83,1038,8,0,0
new_york_giants_1962,141,1979,20,0,0
new_york_giants_1963,137,2002,21,0,0
new_york_giants_1964,139,1773,14,0,0
new_york_giants_1965,44,744,6,0,0
new_york_giants_1966,59,839,4,0,0
new_york_giants_1967,52,895,9,0,0
new_york_giants_1968,29,449,4,0,0
new_york_giants_1969,23,350,4,0,0
new_york_giants_1970,54,579,5,0,0
new_york_giants_1971,50,519,2,0,0
new_york_giants_1972,75,639,7,0,0
new_york_giants_1973,53,548,3,0,0
new_york_giants_1974,121,1187,8,0,0
new_york_giants_1975,150,1856,10,0,0
new_york_giants_1976,103,1259,6,0,0
new_york_giants_1977,72,786,0,0,0
new_york_giants_1978,109,1470,9,0,0
new_york_giants_1979,108,1196,9,0,0
new_york_giants_1980,107,1013,6,0,0
new_york_giants_1981,119,1408,8,0,0
new_york_giants_1982,50,767,2,0,0
new_york_giants_1983,65,861,3,0,0
new_york_giants_1984,144,1980,12,0,0
new_york_giants_1985,213,2933,21,0,0
new_york_giants_1986,167,2110,13,0,0
new_york_giants_1987,176,2382,17,0,0
new_york_giants_1988,226,2940,17,0,0
new_york_giants_1989,132,1800,8,0,0
new_york_giants_1990,168,2184,16,0,0
new_york_giants_1991,163,1888,7,92,0
new_york_giants_1992,149,1916,9,88,2
new_york_giants_1993,152,2002,9,102,3
new_york_giants_1994,107,1345,6,65,0
new_york_giants_1995,194,2057,7,108,0
new_york_giants_1996,211,2453,12,132,1
new_york_giants_1997,226,2571,14,115,1
new_york_giants_1998,176,1814,16,87,1
new_york_giants_1999,178,2059,10,96,1
new_york_giants_2000,161,1910,11,97,3
new_york_giants_2001,175,1916,8,100,3
new_york_giants_2002,188,2226,10,96,4
new_york_giants_2003,196,2152,6,103,3
new_york_giants_2004,142,1808,4,79,1
new_york_giants_2005,139,1511,9,70,1
new_york_giants_2006,136,1330,5,67,1
new_york_giants_2007,114,1141,6,56,1
new_york_giants_2008,105,1098,6,52,1
new_york_giants_2009,147,2015,13,89,4
new_york_giants_2010,196,2529,23,117,2
new_york_giants_2011,296,4390,26,190,1
new_york_giants_2012,230,2950,21,148,0
new_york_giants_2013,262,3502,17,160,2
new_york_giants_2014,361,4272,28,209,6
new_york_giants_2015,390,4502,36,208,5
new_york_giants_2016,377,4027,26,190,7
new_york_jets_1963,87,1293,13,0,0
new_york_jets_1964,71,1155,8,0,0
new_york_jets_1965,133,2046,19,0,0
new_york_jets_1966,177,2888,16,0,0
new_york_jets_1967,224,3652,21,0,0
new_york_jets_1968,173,3087,17,0,0
new_york_jets_1969,143,2266,17,0,0
new_york_jets_1970,146,2138,12,0,0
new_york_jets_1971,108,1436,14,0,0
new_york_jets_1972,149,2620,17,0,0
new_york_jets_1973,151,2156,13,0,0
new_york_jets_1974,162,2282,18,0,0
new_york_jets_1975,170,2445,15,0,0
new_york_jets_1976,164,1887,7,0,0
new_york_jets_1977,163,2264,13,0,0
new_york_jets_1978,154,2670,16,0,0
new_york_jets_1979,144,2136,12,0,0
new_york_jets_1980,184,2297,12,0,0
new_york_jets_1981,198,2317,18,0,0
new_york_jets_1982,96,1273,10,0,0
new_york_jets_1983,205,2298,11,0,0
new_york_jets_1984,100,1259,10,0,0
new_york_jets_1985,115,1736,12,0,0
new_york_jets_1986,172,2499,20,0,0
new_york_jets_1987,133,1746,7,0,0
new_york_jets_1988,138,1738,12,0,0
new_york_jets_1989,156,1675,5,0,0
new_york_jets_1990,114,1404,7,0,0
new_york_jets_1991,152,1710,2,78,0
new_york_jets_1992,87,956,6,43,0
new_york_jets_1993,146,1476,5,72,6
new_york_jets_1994,121,907,5,46,0
new_york_jets_1995,138,1379,7,65,1
new_york_jets_1996,221,2441,12,122,2
new_york_jets_1997,210,2493,16,120,2
new_york_jets_1998,237,3158,23,164,0
new_york_jets_1999,262,2949,19,135,1
new_york_jets_2000,310,3331,19,162,2
new_york_jets_2001,190,1697,9,92,1
new_york_jets_2002,175,1567,15,84,2
new_york_jets_2003,127,1137,6,61,1
new_york_jets_2004,171,1879,13,103,2
new_york_jets_2005,103,1290,3,55,0
new_york_jets_2006,95,988,5,41,2
new_york_jets_2007,102,875,4,58,1
new_york_jets_2008,125,1142,5,62,1
new_york_jets_2009,108,1295,7,63,2
new_york_jets_2010,167,2000,12,94,2
new_york_jets_2011,160,1820,9,81,1
new_york_jets_2012,191,2337,9,114,5
new_york_jets_2013,170,1857,9,91,0
new_york_jets_2014,269,2832,14,141,3
new_york_jets_2015,331,3947,33,199,6
new_york_jets_2016,303,3582,16,164,3
new_york_titans_1960,102,1477,7,0,0
new_york_titans_1961,112,1583,11,0,0
new_york_titans_1962,166,1909,11,0,0
new_york_yankees_1927,0,0,5,0,0
new_york_yankees_1928,0,0,1,0,0
new_york_yankees_1946,0,0,0,0,0
new_york_yankees_1947,0,0,0,0,0
new_york_yankees_1948,0,0,0,0,0
new_york_yankees_1949,0,0,0,0,0
new_york_yanks_1950,133,2168,18,0,0
new_york_yanks_1951,137,2045,13,0,0
newark_tornadoes_1930,0,0,0,0,0
oakland_raiders_1960,127,1616,10,0,0
oakland_raiders_1961,94,1147,6,0,0
oakland_raiders_1962,66,1034,4,0,0
oakland_raiders_1963,58,1165,9,0,0
oakland_raiders_1964,151,2126,14,0,0
oakland_raiders_1965,79,1148,7,0,0
oakland_raiders_1966,90,1481,7,0,0
oakland_raiders_1967,93,1505,20,0,0
oakland_raiders_1968,107,1877,20,0,0
oakland_raiders_1969,107,1874,21,0,0
oakland_raiders_1970,91,1544,18,0,0
oakland_raiders_1971,60,745,8,0,0
oakland_raiders_1972,51,721,8,0,0
oakland_raiders_1973,13,107,0,0,0
oakland_raiders_1974,32,295,4,0,0
oakland_raiders_1975,52,415,4,0,0
oakland_raiders_1976,127,1320,11,0,0
oakland_raiders_1977,89,918,8,0,0
oakland_raiders_1978,114,1392,11,0,0
oakland_raiders_1979,210,2400,19,0,0
oakland_raiders_1980,166,2099,15,0,0
oakland_raiders_1981,170,2077,12,0,0
oakland_raiders_1995,136,1458,12,74,4
oakland_raiders_1996,117,1181,10,62,1
oakland_raiders_1997,105,1366,14,53,3
oakland_raiders_1998,100,1297,6,45,2
oakland_raiders_1999,131,1405,8,73,1
oakland_raiders_2000,123,1437,10,70,0
oakland_raiders_2001,197,2013,14,100,2
oakland_raiders_2002,225,2430,13,109,3
oakland_raiders_2003,146,1597,4,73,2
oakland_raiders_2004,157,1587,5,67,1
oakland_raiders_2005,68,903,6,52,1
oakland_raiders_2006,75,753,3,34,1
oakland_raiders_2007,43,361,1,17,0
oakland_raiders_2008,86,986,5,49,0
oakland_raiders_2009,97,1007,3,47,1
oakland_raiders_2010,143,1823,10,78,1
oakland_raiders_2011,189,2314,10,110,4
oakland_raiders_2012,294,3246,16,150,4
oakland_raiders_2013,247,2896,12,130,2
oakland_raiders_2014,230,2229,14,105,3
oakland_raiders_2015,363,4051,33,187,5
oakland_raiders_2016,378,4136,28,197,4
phil-pitt_combine_1943,30,403,3,0,0
philadelphia_eagles_1933,32,549,4,0,0
philadelphia_eagles_1934,42,535,6,0,0
philadelphia_eagles_1935,42,761,6,0,0
philadelphia_eagles_1936,35,535,3,0,0
philadelphia_eagles_1937,39,590,3,0,0
philadelphia_eagles_1938,38,582,10,0,0
philadelphia_eagles_1939,86,1071,5,0,0
philadelphia_eagles_1940,64,702,2,0,0
philadelphia_eagles_1941,61,728,5,0,0
philadelphia_eagles_1942,44,617,4,0,0
philadelphia_eagles_1944,30,394,3,0,0
philadelphia_eagles_1945,60,928,9,0,0
philadelphia_eagles_1946,61,787,5,0,0
philadelphia_eagles_1947,71,1031,13,0,0
philadelphia_eagles_1948,108,1631,21,0,0
philadelphia_eagles_1949,112,1565,16,0,0
philadelphia_eagles_1950,106,1593,15,0,0
philadelphia_eagles_1951,109,1565,17,0,0
philadelphia_eagles_1952,58,982,6,0,0
philadelphia_eagles_1953,182,2843,24,0,0
philadelphia_eagles_1954,133,1900,28,0,0
philadelphia_eagles_1955,152,2080,13,0,0
philadelphia_eagles_1956,88,1062,3,0,0
philadelphia_eagles_1957,55,728,2,0,0
philadelphia_eagles_1958,155,1871,7,0,0
philadelphia_eagles_1959,132,1534,6,0,0
philadelphia_eagles_1960,126,1875,14,0,0
philadelphia_eagles_1961,155,2349,14,0,0
philadelphia_eagles_1962,93,1242,5,0,0
philadelphia_eagles_1963,109,1380,9,0,0
philadelphia_eagles_1964,109,1728,13,0,0
philadelphia_eagles_1965,104,1729,12,0,0
philadelphia_eagles_1966,74,1002,8,0,0
philadelphia_eagles_1967,115,1409,15,0,0
philadelphia_eagles_1968,78,826,8,0,0
philadelphia_eagles_1969,138,1971,11,0,0
philadelphia_eagles_1970,128,1588,9,0,0
philadelphia_eagles_1971,111,1464,5,0,0
philadelphia_eagles_1972,139,1822,8,0,0
philadelphia_eagles_1973,173,2379,19,0,0
philadelphia_eagles_1974,190,1987,13,0,0
philadelphia_eagles_1975,172,1833,13,0,0
philadelphia_eagles_1976,107,1028,5,0,0
philadelphia_eagles_1977,48,686,7,0,0
philadelphia_eagles_1978,103,1602,9,0,0
philadelphia_eagles_1979,100,1207,12,0,0
philadelphia_eagles_1980,125,1823,16,0,0
philadelphia_eagles_1981,130,1640,12,0,0
philadelphia_eagles_1982,88,1054,7,0,0
philadelphia_eagles_1983,209,3038,20,0,0
philadelphia_eagles_1984,163,1947,13,0,0
philadelphia_eagles_1985,198,2859,13,0,0
philadelphia_eagles_1986,211,2706,18,0,0
philadelphia_eagles_1987,176,2380,20,0,0
philadelphia_eagles_1988,237,3222,21,0,0
philadelphia_eagles_1989,194,2428,22,0,0
philadelphia_eagles_1990,117,1765,19,0,0
philadelphia_eagles_1991,130,1706,11,75,0
philadelphia_eagles_1992,115,1452,10,67,1
philadelphia_eagles_1993,201,2078,12,108,3
philadelphia_eagles_1994,194,2431,13,104,2
philadelphia_eagles_1995,197,1899,9,97,5
philadelphia_eagles_1996,101,1047,0,46,1
philadelphia_eagles_1997,153,1607,8,86,1
philadelphia_eagles_1998,33,302,0,14,0
philadelphia_eagles_1999,75,804,6,39,1
philadelphia_eagles_2000,179,1852,15,96,0
philadelphia_eagles_2001,180,2042,21,88,2
philadelphia_eagles_2002,209,2360,20,110,6
philadelphia_eagles_2003,169,1944,11,93,1
philadelphia_eagles_2004,275,3415,25,148,4
philadelphia_eagles_2005,204,2333,13,108,1
philadelphia_eagles_2006,158,1833,11,80,3
philadelphia_eagles_2007,155,1525,11,65,1
philadelphia_eagles_2008,203,2365,12,114,3
philadelphia_eagles_2009,275,3535,24,142,2
philadelphia_eagles_2010,285,3494,25,150,5
philadelphia_eagles_2011,251,3158,19,146,1
philadelphia_eagles_2012,271,3080,15,140,4
philadelphia_eagles_2013,211,2952,22,136,2
philadelphia_eagles_2014,326,3977,24,191,4
philadelphia_eagles_2015,371,3790,20,169,6
philadelphia_eagles_2016,380,3798,16,192,3
phoenix_cardinals_1988,76,884,6,0,0
phoenix_cardinals_1989,45,378,1,0,0
phoenix_cardinals_1990,58,508,1,0,0
phoenix_cardinals_1991,79,691,2,31,0
phoenix_cardinals_1992,119,1044,5,53,1
phoenix_cardinals_1993,123,1284,5,63,1
pittsburgh_pirates_1933,34,559,1,0,0
pittsburgh_pirates_1934,14,230,0,0,0
pittsburgh_pirates_1935,39,482,5,0,0
pittsburgh_pirates_1936,25,297,0,0,0
pittsburgh_pirates_1937,22,425,3,0,0
pittsburgh_pirates_1938,42,538,1,0,0
pittsburgh_pirates_1939,22,285,3,0,0
pittsburgh_pirates_1940,41,684,3,0,0
pittsburgh_steelers_1941,20,263,2,0,0
pittsburgh_steelers_1942,33,440,1,0,0
pittsburgh_steelers_1945,22,262,0,0,0
pittsburgh_steelers_1946,21,304,3,0,0
pittsburgh_steelers_1947,67,1049,8,0,0
pittsburgh_steelers_1948,97,1419,8,0,0
pittsburgh_steelers_1949,74,1226,10,0,0
pittsburgh_steelers_1950,74,1407,9,0,0
pittsburgh_steelers_1951,81,1253,9,0,0
pittsburgh_steelers_1952,118,1801,16,0,0
pittsburgh_steelers_1953,156,1730,9,0,0
pittsburgh_steelers_1954,137,1761,13,0,0
pittsburgh_steelers_1955,142,2039,11,0,0
pittsburgh_steelers_1956,106,1608,13,0,0
pittsburgh_steelers_1957,72,1148,9,0,0
pittsburgh_steelers_1958,88,1765,11,0,0
pittsburgh_steelers_1959,89,1519,14,0,0
pittsburgh_steelers_1960,111,2118,16,0,0
pittsburgh_steelers_1961,143,2271,22,0,0
pittsburgh_steelers_1962,127,1908,14,0,0
pittsburgh_steelers_1963,155,2831,19,0,0
pittsburgh_steelers_1964,114,1858,11,0,0
pittsburgh_steelers_1965,127,2110,8,0,0
pittsburgh_steelers_1966,94,1681,11,0,0
pittsburgh_steelers_1967,41,668,6,0,0
pittsburgh_steelers_1968,68,1175,13,0,0
pittsburgh_steelers_1969,83,1215,9,0,0
pittsburgh_steelers_1970,46,828,4,0,0
pittsburgh_steelers_1971,109,1250,8,0,0
pittsburgh_steelers_1972,105,1415,9,0,0
pittsburgh_steelers_1973,105,1724,19,0,0
pittsburgh_steelers_1974,95,1161,7,0,0
pittsburgh_steelers_1975,59,704,4,0,0
pittsburgh_steelers_1976,46,522,2,0,0
pittsburgh_steelers_1977,31,411,1,0,0
pittsburgh_steelers_1978,33,263,2,0,0
pittsburgh_steelers_1979,55,583,5,0,0
pittsburgh_steelers_1980,74,1075,5,0,0
pittsburgh_steelers_1981,50,452,2,0,0
pittsburgh_steelers_1982,34,278,0,0,0
pittsburgh_steelers_1983,89,1133,7,0,0
pittsburgh_steelers_1984,133,1849,13,0,0
pittsburgh_steelers_1985,130,1890,18,0,0
pittsburgh_steelers_1986,171,1831,14,0,0
pittsburgh_steelers_1987,97,1172,8,0,0
pittsburgh_steelers_1988,119,1911,9,0,0
pittsburgh_steelers_1989,93,1293,8,0,0
pittsburgh_steelers_1990,74,958,5,0,0
pittsburgh_steelers_1991,100,1250,5,66,0
pittsburgh_steelers_1992,71,799,0,31,2
pittsburgh_steelers_1993,81,725,4,37,1
pittsburgh_steelers_1994,115,1530,9,70,0
pittsburgh_steelers_1995,215,2583,7,128,4
pittsburgh_steelers_1996,179,2270,11,113,2
pittsburgh_steelers_1997,141,2126,9,99,1
pittsburgh_steelers_1998,98,1134,7,56,0
pittsburgh_steelers_1999,154,1779,15,94,2
pittsburgh_steelers_2000,109,1625,8,75,3
pittsburgh_steelers_2001,150,1849,7,87,2
pittsburgh_steelers_2002,224,2377,16,116,3
pittsburgh_steelers_2003,184,1992,12,102,0
pittsburgh_steelers_2004,142,1840,9,93,4
pittsburgh_steelers_2005,122,1751,13,85,2
pittsburgh_steelers_2006,122,1422,10,73,3
pittsburgh_steelers_2007,128,1183,9,64,0
pittsburgh_steelers_2008,91,1082,7,56,2
pittsburgh_steelers_2009,142,1996,13,86,3
pittsburgh_steelers_2010,198,2926,19,131,2
pittsburgh_steelers_2011,243,3168,16,162,2
pittsburgh_steelers_2012,233,2772,15,129,11
pittsburgh_steelers_2013,251,2942,15,133,2
pittsburgh_steelers_2014,308,3875,27,184,3
pittsburgh_steelers_2015,328,4261,24,176,3
pittsburgh_steelers_2016,381,4377,33,210,1
portsmouth_spartans_1930,0,0,0,0,0
portsmouth_spartans_1931,0,0,1,0,0
portsmouth_spartans_1932,16,186,1,0,0
portsmouth_spartans_1933,29,524,6,0,0
pottsville_maroons_1926,0,0,0,0,0
pottsville_maroons_1927,0,0,1,0,0
pottsville_maroons_1928,0,0,1,0,0
san_diego_chargers_1961,148,2556,14,0,0
san_diego_chargers_1962,138,2199,20,0,0
san_diego_chargers_1963,148,2517,24,0,0
san_diego_chargers_1964,190,2997,26,0,0
san_diego_chargers_1965,186,3253,22,0,0
san_diego_chargers_1966,203,3162,27,0,0
san_diego_chargers_1967,119,2072,13,0,0
san_diego_chargers_1968,178,3307,26,0,0
san_diego_chargers_1969,144,2261,13,0,0
san_diego_chargers_1970,123,2133,18,0,0
san_diego_chargers_1971,212,2916,21,0,0
san_diego_chargers_1972,175,2181,12,0,0
san_diego_chargers_1973,111,1486,9,0,0
san_diego_chargers_1974,106,1695,7,0,0
san_diego_chargers_1975,75,758,4,0,0
san_diego_chargers_1976,78,730,4,0,0
san_diego_chargers_1977,105,980,2,0,0
san_diego_chargers_1978,123,1768,16,0,0
san_diego_chargers_1979,162,2270,17,0,0
san_diego_chargers_1980,125,1701,14,0,0
san_diego_chargers_1981,82,1416,8,0,0
san_diego_chargers_1982,66,1232,11,0,0
san_diego_chargers_1983,67,951,5,0,0
san_diego_chargers_1984,128,1235,7,0,0
san_diego_chargers_1985,190,2672,18,0,0
san_diego_chargers_1986,164,1955,12,0,0
san_diego_chargers_1987,154,1894,7,0,0
san_diego_chargers_1988,116,1055,7,0,0
san_diego_chargers_1989,81,974,2,0,0
san_diego_chargers_1990,104,1231,6,0,0
san_diego_chargers_1991,161,1631,5,83,0
san_diego_chargers_1992,180,2309,9,103,2
san_diego_chargers_1993,178,1915,11,96,0
san_diego_chargers_1994,229,3017,18,153,0
san_diego_chargers_1995,259,3177,16,158,3
san_diego_chargers_1996,169,1853,16,93,1
san_diego_chargers_1997,125,1459,7,75,2
san_diego_chargers_1998,82,957,3,45,1
san_diego_chargers_1999,117,1192,2,63,2
san_diego_chargers_2000,84,716,2,28,0
san_diego_chargers_2001,100,800,0,33,4
san_diego_chargers_2002,195,1797,7,86,3
san_diego_chargers_2003,213,2153,14,92,1
san_diego_chargers_2004,277,3386,27,153,4
san_diego_chargers_2005,338,3738,27,191,3
san_diego_chargers_2006,284,3365,24,167,2
san_diego_chargers_2007,277,3159,22,157,2
san_diego_chargers_2008,300,3918,33,187,4
san_diego_chargers_2009,319,4389,28,218,3
san_diego_chargers_2010,279,3720,26,183,4
san_diego_chargers_2011,271,3628,23,181,1
san_diego_chargers_2012,226,2705,21,140,0
san_diego_chargers_2013,327,3962,31,199,4
san_diego_chargers_2014,347,4046,31,206,3
san_diego_chargers_2015,409,4550,30,219,6
san_diego_chargers_2016,347,4364,33,213,6
san_francisco_49ers_1946,0,0,0,0,0
san_francisco_49ers_1947,0,0,0,0,0
san_francisco_49ers_1948,0,0,0,0,0
san_francisco_49ers_1949,0,0,0,0,0
san_francisco_49ers_1950,90,1052,10,0,0
san_francisco_49ers_1951,60,699,4,0,0
san_francisco_49ers_1952,33,279,3,0,0
san_francisco_49ers_1953,46,459,4,0,0
san_francisco_49ers_1954,97,1136,3,0,0
san_francisco_49ers_1955,57,739,7,0,0
san_francisco_49ers_1956,42,427,1,0,0
san_francisco_49ers_1957,66,706,5,0,0
san_francisco_49ers_1958,78,963,3,0,0
san_francisco_49ers_1959,30,404,3,0,0
san_francisco_49ers_1960,61,737,6,0,0
san_francisco_49ers_1961,90,1601,8,0,0
san_francisco_49ers_1962,111,1632,11,0,0
san_francisco_49ers_1963,99,1356,11,0,0
san_francisco_49ers_1964,175,2158,15,0,0
san_francisco_49ers_1965,163,2330,21,0,0
san_francisco_49ers_1966,134,1817,9,0,0
san_francisco_49ers_1967,83,1046,7,0,0
san_francisco_49ers_1968,32,311,4,0,0
san_francisco_49ers_1969,74,1118,8,0,0
san_francisco_49ers_1970,80,1615,16,0,0
san_francisco_49ers_1971,91,1352,9,0,0
san_francisco_49ers_1972,150,1984,16,0,0
san_francisco_49ers_1973,148,1625,3,0,0
san_francisco_49ers_1974,135,1750,13,0,0
san_francisco_49ers_1975,149,1690,10,0,0
san_francisco_49ers_1976,91,1126,7,0,0
san_francisco_49ers_1977,89,1304,7,0,0
san_francisco_49ers_1978,85,1149,3,0,0
san_francisco_49ers_1979,147,1242,4,0,0
san_francisco_49ers_1980,89,945,5,0,0
san_francisco_49ers_1981,94,825,7,0,0
san_francisco_49ers_1982,70,761,3,0,0
san_francisco_49ers_1983,90,900,6,0,0
san_francisco_49ers_1984,52,714,5,0,0
san_francisco_49ers_1985,116,1592,7,0,0
san_francisco_49ers_1986,160,2355,18,0,0
san_francisco_49ers_1987,163,2183,28,0,0
san_francisco_49ers_1988,145,2327,14,0,0
san_francisco_49ers_1989,225,3243,29,0,0
san_francisco_49ers_1990,232,2865,20,0,0
san_francisco_49ers_1991,209,2826,24,128,0
san_francisco_49ers_1992,217,2522,22,124,1
san_francisco_49ers_1993,222,3075,24,145,4
san_francisco_49ers_1994,258,3134,25,151,2
san_francisco_49ers_1995,219,2762,18,121,5
san_francisco_49ers_1996,261,2707,15,134,3
san_francisco_49ers_1997,162,2026,11,96,3
san_francisco_49ers_1998,208,2815,25,134,3
san_francisco_49ers_1999,249,2671,11,124,3
san_francisco_49ers_2000,276,3184,27,156,4
san_francisco_49ers_2001,183,2211,22,113,2
san_francisco_49ers_2002,172,1909,15,88,1
san_francisco_49ers_2003,178,2152,13,102,2
san_francisco_49ers_2004,168,1488,2,70,2
san_francisco_49ers_2005,103,992,3,39,3
san_francisco_49ers_2006,193,1973,12,91,3
san_francisco_49ers_2007,248,2520,15,133,6
san_francisco_49ers_2008,179,2039,9,92,4
san_francisco_49ers_2009,212,2294,18,94,2
san_francisco_49ers_2010,232,2880,17,122,2
san_francisco_49ers_2011,211,2404,13,108,3
san_francisco_49ers_2012,226,2761,19,133,3
san_francisco_49ers_2013,203,2821,21,130,2
san_francisco_49ers_2014,257,2913,17,143,2
san_francisco_49ers_2015,292,3357,15,140,4
san_francisco_49ers_2016,285,3153,21,151,7
seattle_seahawks_1976,95,1159,6,0,0
seattle_seahawks_1977,98,1420,16,0,0
seattle_seahawks_1978,131,1858,9,0,0
seattle_seahawks_1979,116,1853,11,0,0
seattle_seahawks_1980,145,1909,7,0,0
seattle_seahawks_1981,121,1796,10,0,0
seattle_seahawks_1982,97,1351,8,0,0
seattle_seahawks_1983,206,2797,21,0,0
seattle_seahawks_1984,168,2268,19,0,0
seattle_seahawks_1985,204,2549,11,0,0
seattle_seahawks_1986,162,2115,12,0,0
seattle_seahawks_1987,123,1660,16,0,0
seattle_seahawks_1988,99,1106,4,0,0
seattle_seahawks_1989,73,798,4,0,0
seattle_seahawks_1990,96,1397,9,0,0
seattle_seahawks_1991,102,1234,9,60,0
seattle_seahawks_1992,69,836,3,39,3
seattle_seahawks_1993,115,1304,7,68,2
seattle_seahawks_1994,114,1234,5,53,3
seattle_seahawks_1995,131,1706,10,82,2
seattle_seahawks_1996,117,1500,8,68,2
seattle_seahawks_1997,135,1566,12,79,0
seattle_seahawks_1998,157,1804,13,78,2
seattle_seahawks_1999,217,2919,20,147,4
seattle_seahawks_2000,247,2661,17,136,3
seattle_seahawks_2001,180,2164,11,101,1
seattle_seahawks_2002,180,2013,7,103,4
seattle_seahawks_2003,167,2164,18,109,2
seattle_seahawks_2004,189,2479,17,120,4
seattle_seahawks_2005,180,2170,10,113,2
seattle_seahawks_2006,145,1915,15,95,2
seattle_seahawks_2007,199,2186,11,111,1
seattle_seahawks_2008,140,1504,7,75,2
seattle_seahawks_2009,115,1083,9,50,1
seattle_seahawks_2010,161,1782,7,64,2
seattle_seahawks_2011,216,2478,12,107,1
seattle_seahawks_2012,189,2415,19,113,2
seattle_seahawks_2013,227,3012,22,138,4
seattle_seahawks_2014,256,3030,17,143,3
seattle_seahawks_2015,322,3920,32,183,3
seattle_seahawks_2016,366,4413,23,203,6
st_louis_cardinals_1960,78,1141,17,0,0
st_louis_cardinals_1961,87,1252,14,0,0
st_louis_cardinals_1962,134,2178,11,0,0
st_louis_cardinals_1963,96,1595,15,0,0
st_louis_cardinals_1964,84,1293,10,0,0
st_louis_cardinals_1965,73,1177,11,0,0
st_louis_cardinals_1966,57,741,8,0,0
st_louis_cardinals_1967,44,609,3,0,0
st_louis_cardinals_1968,5,37,0,0,0
st_louis_cardinals_1969,86,1379,9,0,0
st_louis_cardinals_1970,98,1498,8,0,0
st_louis_cardinals_1971,83,1257,3,0,0
st_louis_cardinals_1972,91,1358,7,0,0
st_louis_cardinals_1973,98,1138,7,0,0
st_louis_cardinals_1974,83,904,9,0,0
st_louis_cardinals_1975,64,875,4,0,0
st_louis_cardinals_1976,111,1644,7,0,0
st_louis_cardinals_1977,81,1046,5,0,0
st_louis_cardinals_1978,123,1483,10,0,0
st_louis_cardinals_1979,136,1628,10,0,0
st_louis_cardinals_1980,145,1737,10,0,0
st_louis_cardinals_1981,154,1860,7,0,0
st_louis_cardinals_1982,73,864,3,0,0
st_louis_cardinals_1983,150,1750,14,0,0
st_louis_cardinals_1984,236,2728,13,0,0
st_louis_cardinals_1985,145,1722,9,0,0
st_louis_cardinals_1986,101,958,4,0,0
st_louis_cardinals_1987,48,555,3,0,0
st_louis_gunners_1934,13,180,0,0,0
st_louis_rams_1995,80,739,4,39,3
st_louis_rams_1996,86,1131,10,45,2
st_louis_rams_1997,109,1367,4,60,0
st_louis_rams_1998,139,1546,6,78,3
st_louis_rams_1999,128,1765,14,67,0
st_louis_rams_2000,145,1624,12,75,2
st_louis_rams_2001,140,1294,13,69,4
st_louis_rams_2002,140,1109,7,51,3
st_louis_rams_2003,98,695,3,27,0
st_louis_rams_2004,99,788,2,29,3
st_louis_rams_2005,106,798,4,38,2
st_louis_rams_2006,142,1359,5,55,2
st_louis_rams_2007,90,660,2,31,2
st_louis_rams_2008,114,1041,1,45,2
st_louis_rams_2009,193,1629,5,88,4
st_louis_rams_2010,295,2833,14,144,2
st_louis_rams_2011,180,2002,4,102,2
st_louis_rams_2012,269,2903,19,156,4
st_louis_rams_2013,212,2341,21,119,2
st_louis_rams_2014,252,2801,17,148,1
st_louis_rams_2015,242,2654,10,116,3
staten_island_stapletons_1930,0,0,0,0,0
staten_island_stapletons_1931,0,0,0,0,0
staten_island_stapletons_1932,12,210,1,0,0
tampa_bay_buccaneers_1976,88,903,8,0,0
tampa_bay_buccaneers_1977,93,1314,3,0,0
tampa_bay_buccaneers_1978,118,1588,11,0,0
tampa_bay_buccaneers_1979,160,2312,13,0,0
tampa_bay_buccaneers_1980,177,2096,9,0,0
tampa_bay_buccaneers_1981,115,1606,9,0,0
tampa_bay_buccaneers_1982,68,957,5,0,0
tampa_bay_buccaneers_1983,187,2240,11,0,0
tampa_bay_buccaneers_1984,168,2148,17,0,0
tampa_bay_buccaneers_1985,166,2207,17,0,0
tampa_bay_buccaneers_1986,126,1601,9,0,0
tampa_bay_buccaneers_1987,122,1673,12,0,0
tampa_bay_buccaneers_1988,138,2000,7,0,0
tampa_bay_buccaneers_1989,149,2110,13,0,0
tampa_bay_buccaneers_1990,157,2160,12,0,0
tampa_bay_buccaneers_1991,172,2163,7,105,0
tampa_bay_buccaneers_1992,207,2354,11,116,2
tampa_bay_buccaneers_1993,70,880,5,35,0
tampa_bay_buccaneers_1994,126,1520,5,69,2
tampa_bay_buccaneers_1995,177,2093,3,100,3
tampa_bay_buccaneers_1996,176,1904,8,88,4
tampa_bay_buccaneers_1997,98,1017,9,58,1
tampa_bay_buccaneers_1998,127,1612,13,79,2
tampa_bay_buccaneers_1999,88,803,6,43,1
tampa_bay_buccaneers_2000,108,1253,12,67,2
tampa_bay_buccaneers_2001,160,1733,2,87,4
tampa_bay_buccaneers_2002,270,2855,15,130,4
tampa_bay_buccaneers_2003,284,3268,21,150,5
tampa_bay_buccaneers_2004,175,1801,12,81,3
tampa_bay_buccaneers_2005,160,1921,12,85,1
tampa_bay_buccaneers_2006,153,1725,8,71,1
tampa_bay_buccaneers_2007,108,1416,8,58,1
tampa_bay_buccaneers_2008,41,351,1,17,0
tampa_bay_buccaneers_2009,25,176,2,7,0
tampa_bay_buccaneers_2010,47,611,3,29,2
tampa_bay_buccaneers_2011,111,1347,6,54,2
tampa_bay_buccaneers_2012,185,2598,12,112,0
tampa_bay_buccaneers_2013,248,2835,18,137,1
tampa_bay_buccaneers_2014,264,3185,18,145,4
tampa_bay_buccaneers_2015,302,3844,22,195,4
tampa_bay_buccaneers_2016,355,4165,29,220,1
tennessee_oilers_1997,144,1813,9,89,2
tennessee_oilers_1998,208,2380,12,117,0
tennessee_titans_1999,167,2062,15,92,1
tennessee_titans_2000,210,2690,13,125,3
tennessee_titans_2001,146,1877,10,84,0
tennessee_titans_2002,147,1741,9,89,1
tennessee_titans_2003,223,2957,22,152,2
tennessee_titans_2004,145,1576,12,91,0
tennessee_titans_2005,138,1186,5,58,1
tennessee_titans_2006,94,1178,4,57,2
tennessee_titans_2007,130,1426,3,83,4
tennessee_titans_2008,186,2096,11,100,2
tennessee_titans_2009,186,2180,9,106,3
tennessee_titans_2010,193,2109,16,98,4
tennessee_titans_2011,172,1785,6,77,4
tennessee_titans_2012,209,2111,12,98,6
tennessee_titans_2013,234,2498,17,115,4
tennessee_titans_2014,241,2907,17,123,3
tennessee_titans_2015,302,3533,23,179,2
tennessee_titans_2016,306,3710,28,174,2
washington_redskins_1937,55,757,6,0,0
washington_redskins_1938,69,803,3,0,0
washington_redskins_1939,64,1063,12,0,0
washington_redskins_1940,63,950,8,0,0
washington_redskins_1941,75,767,7,0,0
washington_redskins_1942,101,1213,12,0,0
washington_redskins_1943,109,1300,17,0,0
washington_redskins_1944,95,1064,8,0,0
washington_redskins_1945,74,1107,6,0,0
washington_redskins_1946,92,1310,10,0,0
washington_redskins_1947,154,2255,15,0,0
washington_redskins_1948,138,1875,17,0,0
washington_redskins_1949,128,1860,12,0,0
washington_redskins_1950,99,1498,13,0,0
washington_redskins_1951,49,808,7,0,0
washington_redskins_1952,63,1200,14,0,0
washington_redskins_1953,60,985,9,0,0
washington_redskins_1954,104,1556,13,0,0
washington_redskins_1955,80,1318,10,0,0
washington_redskins_1956,74,884,5,0,0
washington_redskins_1957,45,764,4,0,0
washington_redskins_1958,85,1395,10,0,0
washington_redskins_1959,88,1432,11,0,0
washington_redskins_1960,110,1380,8,0,0
washington_redskins_1961,82,1232,4,0,0
washington_redskins_1962,66,1232,8,0,0
washington_redskins_1963,71,1229,7,0,0
washington_redskins_1964,96,1364,8,0,0
washington_redskins_1965,108,1365,7,0,0
washington_redskins_1966,111,1475,12,0,0
washington_redskins_1967,101,1263,10,0,0
washington_redskins_1968,136,1786,16,0,0
washington_redskins_1969,137,1503,11,0,0
washington_redskins_1970,103,1200,9,0,0
washington_redskins_1971,108,1388,8,0,0
washington_redskins_1972,101,1381,10,0,0
washington_redskins_1973,148,1854,13,0,0
washington_redskins_1974,139,1677,13,0,0
washington_redskins_1975,130,1667,15,0,0
washington_redskins_1976,77,838,7,0,0
washington_redskins_1977,63,617,5,0,0
washington_redskins_1978,104,1233,4,0,0
washington_redskins_1979,154,1723,14,0,0
washington_redskins_1980,207,2158,13,0,0
washington_redskins_1981,198,2240,13,0,0
washington_redskins_1982,91,916,3,0,0
washington_redskins_1983,152,1788,16,0,0
washington_redskins_1984,84,834,7,0,0
washington_redskins_1985,67,661,5,0,0
washington_redskins_1986,71,1186,8,0,0
washington_redskins_1987,83,1353,7,0,0
washington_redskins_1988,118,1656,15,0,0
washington_redskins_1989,110,1538,5,0,0
washington_redskins_1990,96,1164,6,0,0
washington_redskins_1991,80,1025,12,54,0
washington_redskins_1992,109,1340,6,68,1
washington_redskins_1993,74,761,4,38,1
washington_redskins_1994,133,1722,11,88,0
washington_redskins_1995,160,2179,10,113,2
washington_redskins_1996,172,2313,9,114,2
washington_redskins_1997,172,2049,12,118,1
washington_redskins_1998,176,2187,13,110,3
washington_redskins_1999,197,2349,17,108,6
washington_redskins_2000,242,2446,10,125,4
washington_redskins_2001,194,2292,13,102,1
washington_redskins_2002,253,2941,20,137,5
washington_redskins_2003,158,1623,14,83,3
washington_redskins_2004,95,1168,5,58,0
washington_redskins_2005,63,638,7,36,0
washington_redskins_2006,66,653,6,38,2
washington_redskins_2007,121,1446,6,77,2
washington_redskins_2008,105,989,7,55,0
washington_redskins_2009,211,2295,15,120,2
washington_redskins_2010,124,1777,10,71,1
washington_redskins_2011,187,2353,12,121,2
washington_redskins_2012,139,1856,11,85,1
washington_redskins_2013,231,2762,15,127,3
washington_redskins_2014,304,3761,16,159,4
washington_redskins_2015,386,4294,30,208,7
washington_redskins_2016,407,4948,25,226,4
