team_year,rushing_attempts_rush,rushing_yards_rush,rushing_tds_rush,rushing_first_downs_rush,fumbles_rush
arizona_cardinals_1994,140,413,6,26,7
arizona_cardinals_1995,83,264,2,11,2
arizona_cardinals_1996,276,1099,6,48,7
arizona_cardinals_1997,133,385,2,24,2
arizona_cardinals_1998,124,366,6,30,2
arizona_cardinals_1999,145,502,11,35,3
arizona_cardinals_2000,188,723,4,35,3
arizona_cardinals_2001,245,869,5,44,5
arizona_cardinals_2002,39,166,0,8,0
arizona_cardinals_2003,53,262,1,15,3
arizona_cardinals_2004,147,527,3,32,3
arizona_cardinals_2005,181,641,2,31,6
arizona_cardinals_2006,393,1260,8,71,11
arizona_cardinals_2007,382,1375,8,62,13
arizona_cardinals_2008,338,1170,14,72,5
arizona_cardinals_2009,352,1407,16,74,11
arizona_cardinals_2010,276,1158,8,51,6
arizona_cardinals_2011,288,1228,11,60,6
arizona_cardinals_2012,118,453,6,25,3
arizona_cardinals_2013,187,799,3,36,1
arizona_cardinals_2014,359,1205,4,58,4
arizona_cardinals_2015,452,1917,16,92,8
arizona_cardinals_2016,398,1732,20,97,10
atlanta_falcons_1966,177,696,7,0,0
atlanta_falcons_1967,74,354,2,0,0
atlanta_falcons_1968,160,556,2,0,0
atlanta_falcons_1969,155,790,5,0,0
atlanta_falcons_1970,246,872,3,0,0
atlanta_falcons_1971,215,792,7,0,0
atlanta_falcons_1972,419,1824,14,0,0
atlanta_falcons_1973,487,1914,16,0,0
atlanta_falcons_1974,328,1187,5,0,0
atlanta_falcons_1975,349,1319,7,0,0
atlanta_falcons_1976,246,911,5,0,0
atlanta_falcons_1977,288,882,2,0,0
atlanta_falcons_1978,305,976,6,0,0
atlanta_falcons_1979,453,1941,9,0,0
atlanta_falcons_1980,551,2365,14,0,0
atlanta_falcons_1981,479,1919,15,0,0
atlanta_falcons_1982,285,1053,12,0,0
atlanta_falcons_1983,470,2113,17,0,0
atlanta_falcons_1984,452,1834,16,0,0
atlanta_falcons_1985,526,2285,13,0,0
atlanta_falcons_1986,463,1899,11,0,0
atlanta_falcons_1987,293,1199,5,0,0
atlanta_falcons_1988,400,1704,9,0,0
atlanta_falcons_1989,248,921,5,0,0
atlanta_falcons_1990,27,78,0,0,0
atlanta_falcons_1991,140,473,2,19,0
atlanta_falcons_1992,26,100,0,7,0
atlanta_falcons_1993,327,1317,3,71,5
atlanta_falcons_1994,138,427,1,19,10
atlanta_falcons_1995,67,178,1,12,3
atlanta_falcons_1996,237,1065,5,46,5
atlanta_falcons_1997,403,1546,7,80,16
atlanta_falcons_1998,481,2022,18,109,7
atlanta_falcons_1999,359,1157,8,66,12
atlanta_falcons_2000,326,1137,6,60,11
atlanta_falcons_2001,200,991,4,50,6
atlanta_falcons_2002,163,934,12,56,7
atlanta_falcons_2003,71,325,3,21,1
atlanta_falcons_2004,122,916,3,50,3
atlanta_falcons_2005,102,597,6,41,5
atlanta_falcons_2006,225,1672,4,82,4
atlanta_falcons_2007,137,715,1,30,3
atlanta_falcons_2008,162,662,6,37,5
atlanta_falcons_2009,120,358,1,23,0
atlanta_falcons_2010,62,157,0,12,1
atlanta_falcons_2011,106,342,3,30,1
atlanta_falcons_2012,138,534,2,27,1
atlanta_falcons_2013,277,1083,10,55,1
atlanta_falcons_2014,372,1498,11,75,4
atlanta_falcons_2015,419,1610,13,94,9
atlanta_falcons_2016,416,1923,20,107,3
baltimore_colts_1947,0,0,0,0,0
baltimore_colts_1948,0,0,0,0,0
baltimore_colts_1949,0,0,0,0,0
baltimore_colts_1950,58,202,4,0,0
baltimore_colts_1953,201,773,3,0,0
baltimore_colts_1954,197,766,3,0,0
baltimore_colts_1955,340,1421,14,0,0
baltimore_colts_1956,277,1299,11,0,0
baltimore_colts_1957,225,835,7,0,0
baltimore_colts_1958,246,1081,12,0,0
baltimore_colts_1959,211,826,9,0,0
baltimore_colts_1960,130,492,3,0,0
baltimore_colts_1961,236,979,6,0,0
baltimore_colts_1962,219,736,2,0,0
baltimore_colts_1963,181,768,4,0,0
baltimore_colts_1964,80,376,3,0,0
baltimore_colts_1965,89,310,2,0,0
baltimore_colts_1966,107,419,1,0,0
baltimore_colts_1967,176,754,9,0,0
baltimore_colts_1968,218,854,9,0,0
baltimore_colts_1969,275,1052,11,0,0
baltimore_colts_1970,174,569,2,0,0
baltimore_colts_1971,348,1330,15,0,0
baltimore_colts_1972,343,1313,5,0,0
baltimore_colts_1973,217,764,5,0,0
baltimore_colts_1974,168,586,2,0,0
baltimore_colts_1975,195,652,13,0,0
baltimore_colts_1976,229,880,17,0,0
baltimore_colts_1977,228,815,12,0,0
baltimore_colts_1978,504,1982,8,0,0
baltimore_colts_1979,504,1631,11,0,0
baltimore_colts_1980,446,1717,16,0,0
baltimore_colts_1981,199,883,8,0,0
baltimore_colts_1982,129,469,2,0,0
baltimore_colts_1983,310,1590,4,0,0
baltimore_ravens_1996,66,301,2,18,2
baltimore_ravens_1997,48,190,0,13,7
baltimore_ravens_1998,102,389,0,19,2
baltimore_ravens_1999,341,1247,8,66,2
baltimore_ravens_2000,358,1568,6,73,7
baltimore_ravens_2001,185,736,3,36,2
baltimore_ravens_2002,377,1608,8,77,8
baltimore_ravens_2003,482,2487,16,102,10
baltimore_ravens_2004,411,1765,10,87,3
baltimore_ravens_2005,388,1393,3,77,7
baltimore_ravens_2006,354,1311,10,56,4
baltimore_ravens_2007,16,61,0,3,1
baltimore_ravens_2008,175,698,2,43,6
baltimore_ravens_2009,300,1415,7,62,4
baltimore_ravens_2010,354,1321,6,62,3
baltimore_ravens_2011,351,1552,13,78,4
baltimore_ravens_2012,442,1892,17,98,4
baltimore_ravens_2013,421,1328,7,68,2
baltimore_ravens_2014,445,2003,16,111,6
baltimore_ravens_2015,370,1446,8,88,6
baltimore_ravens_2016,367,1463,10,79,4
boston_braves_1932,184,833,3,0,0
boston_bulldogs_1929,0,0,0,0,0
boston_patriots_1960,108,455,3,0,0
boston_patriots_1961,155,730,7,0,0
boston_patriots_1962,150,915,7,0,0
boston_patriots_1963,278,1187,8,0,0
boston_patriots_1964,279,1021,6,0,0
boston_patriots_1965,320,1005,7,0,0
boston_patriots_1966,464,1923,17,0,0
boston_patriots_1967,370,1564,7,0,0
boston_patriots_1968,395,1283,8,0,0
boston_patriots_1969,360,1459,11,0,0
boston_patriots_1970,321,996,11,0,0
boston_redskins_1933,232,1218,5,0,0
boston_redskins_1934,170,762,7,0,0
boston_redskins_1935,226,639,2,0,0
boston_redskins_1936,309,1185,8,0,0
boston_yanks_1944,182,392,2,0,0
boston_yanks_1945,245,654,7,0,0
boston_yanks_1946,255,603,8,0,0
boston_yanks_1947,250,783,3,0,0
boston_yanks_1948,238,760,2,0,0
brooklyn_dodgers_1930,0,0,11,0,0
brooklyn_dodgers_1931,0,0,3,0,0
brooklyn_dodgers_1932,148,440,2,0,0
brooklyn_dodgers_1933,297,929,4,0,0
brooklyn_dodgers_1934,218,764,1,0,0
brooklyn_dodgers_1935,271,826,4,0,0
brooklyn_dodgers_1936,170,520,5,0,0
brooklyn_dodgers_1937,303,854,5,0,0
brooklyn_dodgers_1938,306,922,8,0,0
brooklyn_dodgers_1939,322,1062,7,0,0
brooklyn_dodgers_1940,322,1105,8,0,0
brooklyn_dodgers_1941,293,1097,5,0,0
brooklyn_dodgers_1942,223,689,6,0,0
brooklyn_dodgers_1943,217,294,3,0,0
brooklyn_dodgers_1946,0,0,0,0,0
brooklyn_dodgers_1947,0,0,0,0,0
brooklyn_tigers_1944,276,799,5,0,0
buffalo_bills_1947,0,0,0,0,0
buffalo_bills_1948,0,0,0,0,0
buffalo_bills_1949,0,0,0,0,0
buffalo_bills_1960,267,1014,9,0,0
buffalo_bills_1961,301,1095,12,0,0
buffalo_bills_1962,362,1775,19,0,0
buffalo_bills_1963,393,1683,20,0,0
buffalo_bills_1964,361,1508,18,0,0
buffalo_bills_1965,327,1071,15,0,0
buffalo_bills_1966,205,832,12,0,0
buffalo_bills_1967,302,1126,9,0,0
buffalo_bills_1968,267,970,3,0,0
buffalo_bills_1969,201,811,5,0,0
buffalo_bills_1970,213,845,2,0,0
buffalo_bills_1971,99,456,1,0,0
buffalo_bills_1972,100,390,0,0,0
buffalo_bills_1973,157,569,4,0,0
buffalo_bills_1974,120,389,4,0,0
buffalo_bills_1975,62,303,1,0,0
buffalo_bills_1976,221,907,3,0,0
buffalo_bills_1977,44,285,2,0,0
buffalo_bills_1978,84,299,2,0,0
buffalo_bills_1979,27,67,1,0,0
buffalo_bills_1980,104,294,2,0,0
buffalo_bills_1981,115,404,7,0,0
buffalo_bills_1982,115,472,6,0,0
buffalo_bills_1983,87,291,1,0,0
buffalo_bills_1984,344,1453,8,0,0
buffalo_bills_1985,261,1128,11,0,0
buffalo_bills_1986,344,1382,8,0,0
buffalo_bills_1987,233,947,7,0,0
buffalo_bills_1988,419,1746,15,0,0
buffalo_bills_1989,516,2220,15,0,0
buffalo_bills_1990,400,1791,16,0,0
buffalo_bills_1991,505,2381,16,128,0
buffalo_bills_1992,542,2386,18,131,12
buffalo_bills_1993,535,1879,12,111,15
buffalo_bills_1994,462,1787,14,105,7
buffalo_bills_1995,328,1235,6,84,6
buffalo_bills_1996,337,1235,10,85,4
buffalo_bills_1997,169,693,2,35,4
buffalo_bills_1998,222,978,5,52,5
buffalo_bills_1999,349,1421,6,89,6
buffalo_bills_2000,116,580,2,30,7
buffalo_bills_2001,82,434,3,25,1
buffalo_bills_2002,11,56,2,6,0
buffalo_bills_2003,9,49,0,3,0
buffalo_bills_2004,9,81,0,4,0
buffalo_bills_2005,7,33,0,2,0
buffalo_bills_2006,113,409,2,18,1
buffalo_bills_2007,395,1582,8,73,2
buffalo_bills_2008,427,1772,14,101,6
buffalo_bills_2009,416,1836,6,80,6
buffalo_bills_2010,391,1710,5,79,11
buffalo_bills_2011,357,1788,11,90,10
buffalo_bills_2012,419,2062,11,95,6
buffalo_bills_2013,526,2226,14,107,12
buffalo_bills_2014,360,1339,6,55,4
buffalo_bills_2015,403,1875,12,96,7
buffalo_bills_2016,492,2630,29,146,11
buffalo_bisons_1946,0,0,0,0,0
card-pitt_combine_1944,114,275,4,0,0
carolina_panthers_1995,114,418,1,17,2
carolina_panthers_1996,367,1421,8,71,3
carolina_panthers_1997,291,1217,7,54,5
carolina_panthers_1998,275,965,8,45,9
carolina_panthers_1999,185,658,4,43,3
carolina_panthers_2000,30,82,1,5,1
carolina_panthers_2001,108,368,6,22,6
carolina_panthers_2002,98,298,0,20,4
carolina_panthers_2003,494,2023,9,109,11
carolina_panthers_2004,341,1291,9,69,4
carolina_panthers_2005,458,1612,16,74,5
carolina_panthers_2006,393,1563,6,89,6
carolina_panthers_2007,436,1782,7,81,7
carolina_panthers_2008,495,2419,30,113,4
carolina_panthers_2009,493,2378,17,114,10
carolina_panthers_2010,391,1720,7,74,9
carolina_panthers_2011,442,2396,25,136,3
carolina_panthers_2012,458,2085,21,123,8
carolina_panthers_2013,478,2020,14,122,3
carolina_panthers_2014,439,1959,10,114,8
carolina_panthers_2015,525,2266,19,134,8
carolina_panthers_2016,453,1814,16,99,6
chicago_bears_1926,0,0,7,0,0
chicago_bears_1927,0,0,5,0,0
chicago_bears_1928,0,0,1,0,0
chicago_bears_1929,0,0,1,0,0
chicago_bears_1930,0,0,7,0,0
chicago_bears_1931,0,0,6,0,0
chicago_bears_1932,251,881,6,0,0
chicago_bears_1933,216,850,1,0,0
chicago_bears_1934,303,1785,17,0,0
chicago_bears_1935,223,749,4,0,0
chicago_bears_1936,371,1442,12,0,0
chicago_bears_1937,418,1485,5,0,0
chicago_bears_1938,389,1462,11,0,0
chicago_bears_1939,366,1760,19,0,0
chicago_bears_1940,371,1523,13,0,0
chicago_bears_1941,292,1520,23,0,0
chicago_bears_1942,370,1544,18,0,0
chicago_bears_1943,224,980,8,0,0
chicago_bears_1944,236,1136,10,0,0
chicago_bears_1945,324,1382,13,0,0
chicago_bears_1946,434,1665,18,0,0
chicago_bears_1947,307,1135,13,0,0
chicago_bears_1948,260,1088,9,0,0
chicago_bears_1949,135,387,3,0,0
chicago_bears_1950,58,199,2,0,0
chicago_bears_1951,5,12,0,0,0
chicago_bears_1952,84,408,2,0,0
chicago_bears_1953,85,346,1,0,0
chicago_bears_1954,192,546,3,0,0
chicago_bears_1955,309,1534,14,0,0
chicago_bears_1956,425,1925,19,0,0
chicago_bears_1957,401,1453,13,0,0
chicago_bears_1958,339,1391,10,0,0
chicago_bears_1959,239,885,11,0,0
chicago_bears_1960,258,1046,6,0,0
chicago_bears_1961,347,1548,15,0,0
chicago_bears_1962,256,1068,15,0,0
chicago_bears_1963,313,1176,13,0,0
chicago_bears_1964,224,717,4,0,0
chicago_bears_1965,294,1305,19,0,0
chicago_bears_1966,292,1423,9,0,0
chicago_bears_1967,287,1232,9,0,0
chicago_bears_1968,322,1611,8,0,0
chicago_bears_1969,292,1247,10,0,0
chicago_bears_1970,53,137,0,0,0
chicago_bears_1971,143,534,1,0,0
chicago_bears_1972,299,1024,6,0,0
chicago_bears_1973,330,1183,6,0,0
chicago_bears_1974,156,518,4,0,0
chicago_bears_1975,421,1582,9,0,0
chicago_bears_1976,503,2105,15,0,0
chicago_bears_1977,519,2550,15,0,0
chicago_bears_1978,598,2461,17,0,0
chicago_bears_1979,456,1891,15,0,0
chicago_bears_1980,508,2196,21,0,0
chicago_bears_1981,420,1561,10,0,0
chicago_bears_1982,163,627,1,0,0
chicago_bears_1983,368,1720,7,0,0
chicago_bears_1984,465,2071,14,0,0
chicago_bears_1985,423,1961,18,0,0
chicago_bears_1986,491,2261,18,0,0
chicago_bears_1987,362,1507,9,0,0
chicago_bears_1988,391,1697,18,0,0
chicago_bears_1989,404,1866,15,0,0
chicago_bears_1990,364,1573,16,0,0
chicago_bears_1991,319,1222,9,75,0
chicago_bears_1992,302,1280,10,69,10
chicago_bears_1993,277,955,8,54,6
chicago_bears_1994,435,1396,9,77,7
chicago_bears_1995,345,1244,11,72,12
chicago_bears_1996,353,1313,8,75,5
chicago_bears_1997,321,1214,10,61,4
chicago_bears_1998,234,933,4,43,4
chicago_bears_1999,336,1075,3,64,7
chicago_bears_2000,356,1391,3,69,8
chicago_bears_2001,419,1651,8,83,2
chicago_bears_2002,246,882,7,43,6
chicago_bears_2003,355,1375,8,71,4
chicago_bears_2004,146,544,2,25,2
chicago_bears_2005,101,440,2,23,6
chicago_bears_2006,10,41,2,5,0
chicago_bears_2007,163,499,3,27,3
chicago_bears_2008,370,1462,11,80,4
chicago_bears_2009,351,1372,5,65,10
chicago_bears_2010,408,1599,10,75,1
chicago_bears_2011,456,2015,10,96,7
chicago_bears_2012,356,1559,6,71,3
chicago_bears_2013,341,1631,10,92,4
chicago_bears_2014,348,1408,8,89,6
chicago_bears_2015,463,1846,13,107,4
chicago_bears_2016,376,1723,10,90,9
chicago_cardinals_1926,0,0,1,0,0
chicago_cardinals_1927,0,0,1,0,0
chicago_cardinals_1928,0,0,0,0,0
chicago_cardinals_1929,0,0,0,0,0
chicago_cardinals_1930,0,0,0,0,0
chicago_cardinals_1931,0,0,0,0,0
chicago_cardinals_1932,106,327,1,0,0
chicago_cardinals_1933,265,748,2,0,0
chicago_cardinals_1934,1,0,0,0,0
chicago_cardinals_1935,249,696,4,0,0
chicago_cardinals_1936,304,654,1,0,0
chicago_cardinals_1937,145,429,4,0,0
chicago_cardinals_1938,247,790,6,0,0
chicago_cardinals_1939,275,750,4,0,0
chicago_cardinals_1940,263,890,8,0,0
chicago_cardinals_1941,265,830,6,0,0
chicago_cardinals_1942,304,842,3,0,0
chicago_cardinals_1943,136,128,0,0,0
chicago_cardinals_1945,257,673,8,0,0
chicago_cardinals_1946,298,1221,12,0,0
chicago_cardinals_1947,332,1115,16,0,0
chicago_cardinals_1948,388,1769,18,0,0
chicago_cardinals_1949,330,1480,17,0,0
chicago_cardinals_1950,283,1143,4,0,0
chicago_cardinals_1951,251,967,7,0,0
chicago_cardinals_1952,245,706,3,0,0
chicago_cardinals_1953,130,500,4,0,0
chicago_cardinals_1954,344,1223,6,0,0
chicago_cardinals_1955,368,1423,8,0,0
chicago_cardinals_1956,437,1841,7,0,0
chicago_cardinals_1957,339,1356,10,0,0
chicago_cardinals_1958,296,1170,6,0,0
chicago_cardinals_1959,109,434,0,0,0
chicago_rockets_1946,0,0,0,0,0
chicago_rockets_1947,0,0,0,0,0
chicago_rockets_1948,0,0,0,0,0
cincinnati_bengals_1968,85,412,3,0,0
cincinnati_bengals_1969,142,656,4,0,0
cincinnati_bengals_1970,272,1217,8,0,0
cincinnati_bengals_1971,222,1127,5,0,0
cincinnati_bengals_1972,295,1198,10,0,0
cincinnati_bengals_1973,246,1209,5,0,0
cincinnati_bengals_1974,202,1078,3,0,0
cincinnati_bengals_1975,184,686,6,0,0
cincinnati_bengals_1976,136,588,2,0,0
cincinnati_bengals_1977,277,1083,8,0,0
cincinnati_bengals_1978,268,1126,10,0,0
cincinnati_bengals_1979,386,1551,22,0,0
cincinnati_bengals_1980,391,1661,9,0,0
cincinnati_bengals_1981,444,1816,16,0,0
cincinnati_bengals_1982,253,906,12,0,0
cincinnati_bengals_1983,483,1833,23,0,0
cincinnati_bengals_1984,419,1702,16,0,0
cincinnati_bengals_1985,287,1080,13,0,0
cincinnati_bengals_1986,192,723,10,0,0
cincinnati_bengals_1987,301,1254,9,0,0
cincinnati_bengals_1988,63,310,2,0,0
cincinnati_bengals_1989,259,1066,8,0,0
cincinnati_bengals_1990,136,489,4,0,0
cincinnati_bengals_1991,89,329,3,22,0
cincinnati_bengals_1992,161,675,9,52,8
cincinnati_bengals_1993,182,855,2,56,4
cincinnati_bengals_1994,170,659,1,32,6
cincinnati_bengals_1995,7,1,0,0,1
cincinnati_bengals_1996,96,270,8,20,1
cincinnati_bengals_1997,372,1604,17,80,3
cincinnati_bengals_1998,282,1191,4,60,4
cincinnati_bengals_1999,333,1507,6,74,5
cincinnati_bengals_2000,339,1617,9,74,4
cincinnati_bengals_2001,385,1460,11,80,11
cincinnati_bengals_2002,373,1489,11,88,7
cincinnati_bengals_2003,425,1814,12,90,1
cincinnati_bengals_2004,428,1773,14,89,8
cincinnati_bengals_2005,450,1848,14,106,3
cincinnati_bengals_2006,425,1625,14,85,8
cincinnati_bengals_2007,387,1356,10,72,6
cincinnati_bengals_2008,195,703,4,41,8
cincinnati_bengals_2009,197,754,3,48,6
cincinnati_bengals_2010,104,411,1,26,4
cincinnati_bengals_2011,179,710,4,39,2
cincinnati_bengals_2012,144,648,5,41,0
cincinnati_bengals_2013,261,999,7,53,5
cincinnati_bengals_2014,492,2147,19,122,8
cincinnati_bengals_2015,467,1805,18,99,8
cincinnati_bengals_2016,446,1769,17,100,5
cincinnati_reds_1933,111,222,0,0,0
cincinnati_reds_1934,77,368,1,0,0
cleveland_browns_1946,0,0,0,0,0
cleveland_browns_1947,0,0,0,0,0
cleveland_browns_1948,0,0,0,0,0
cleveland_browns_1949,0,0,0,0,0
cleveland_browns_1950,80,385,3,0,0
cleveland_browns_1951,124,536,7,0,0
cleveland_browns_1952,140,809,5,0,0
cleveland_browns_1953,266,1210,14,0,0
cleveland_browns_1954,308,1214,13,0,0
cleveland_browns_1955,80,270,4,0,0
cleveland_browns_1956,288,1064,5,0,0
cleveland_browns_1957,263,873,10,0,0
cleveland_browns_1958,81,328,2,0,0
cleveland_browns_1959,2,15,0,0,0
cleveland_browns_1960,38,208,2,0,0
cleveland_browns_1961,45,211,1,0,0
cleveland_browns_1962,65,254,3,0,0
cleveland_browns_1963,20,26,1,0,0
cleveland_browns_1964,9,9,0,0,0
cleveland_browns_1965,56,263,0,0,0
cleveland_browns_1966,233,1222,15,0,0
cleveland_browns_1967,254,1295,11,0,0
cleveland_browns_1968,375,1747,18,0,0
cleveland_browns_1969,386,1458,16,0,0
cleveland_browns_1970,375,1371,13,0,0
cleveland_browns_1971,432,1488,19,0,0
cleveland_browns_1972,414,1671,11,0,0
cleveland_browns_1973,255,988,8,0,0
cleveland_browns_1974,69,357,1,0,0
cleveland_browns_1975,18,70,0,0,0
cleveland_browns_1976,10,43,0,0,0
cleveland_browns_1977,5,4,0,0,0
cleveland_browns_1978,15,108,2,0,0
cleveland_browns_1979,26,161,1,0,0
cleveland_browns_1980,9,40,0,0,0
cleveland_browns_1981,3,19,0,0,0
cleveland_browns_1982,6,17,1,0,0
cleveland_browns_1983,35,141,0,0,0
cleveland_browns_1984,5,13,1,0,0
cleveland_browns_1985,288,1283,8,0,0
cleveland_browns_1986,373,1344,17,0,0
cleveland_browns_1987,358,1265,8,0,0
cleveland_browns_1988,276,1001,7,0,0
cleveland_browns_1989,216,784,7,0,0
cleveland_browns_1990,202,794,6,0,0
cleveland_browns_1991,226,796,8,51,0
cleveland_browns_1992,310,1030,6,61,2
cleveland_browns_1993,238,861,6,54,7
cleveland_browns_1994,64,215,3,13,0
cleveland_browns_1995,40,180,2,16,2
cleveland_browns_1999,145,525,8,32,4
cleveland_browns_2000,101,368,0,14,3
cleveland_browns_2001,249,752,3,43,4
cleveland_browns_2002,23,165,1,6,0
cleveland_browns_2003,120,507,3,28,3
cleveland_browns_2004,71,320,2,23,6
cleveland_browns_2005,22,79,0,3,4
cleveland_browns_2006,33,148,0,8,3
cleveland_browns_2007,370,1556,12,88,6
cleveland_browns_2008,353,1355,5,65,6
cleveland_browns_2009,440,1700,9,81,5
cleveland_browns_2010,117,317,1,23,4
cleveland_browns_2011,233,890,1,41,9
cleveland_browns_2012,388,1536,12,68,7
cleveland_browns_2013,209,972,2,48,1
cleveland_browns_2014,477,1728,17,88,7
cleveland_browns_2015,379,1537,5,81,4
cleveland_browns_2016,348,1711,13,83,12
cleveland_bulldogs_1927,0,0,0,0,0
cleveland_indians_1931,0,0,4,0,0
cleveland_rams_1937,148,277,2,0,0
cleveland_rams_1938,172,366,4,0,0
cleveland_rams_1939,145,516,3,0,0
cleveland_rams_1940,122,429,1,0,0
cleveland_rams_1941,153,453,2,0,0
cleveland_rams_1942,198,491,3,0,0
cleveland_rams_1944,253,753,9,0,0
cleveland_rams_1945,203,1022,13,0,0
dallas_cowboys_1960,106,365,2,0,0
dallas_cowboys_1961,304,1266,5,0,0
dallas_cowboys_1962,372,1746,13,0,0
dallas_cowboys_1963,251,1117,12,0,0
dallas_cowboys_1964,283,1187,8,0,0
dallas_cowboys_1965,214,803,2,0,0
dallas_cowboys_1966,393,1657,17,0,0
dallas_cowboys_1967,413,1643,12,0,0
dallas_cowboys_1968,385,1769,18,0,0
dallas_cowboys_1969,251,1041,6,0,0
dallas_cowboys_1970,320,1434,11,0,0
dallas_cowboys_1971,337,1344,13,0,0
dallas_cowboys_1972,199,916,8,0,0
dallas_cowboys_1973,202,893,7,0,0
dallas_cowboys_1974,291,1194,12,0,0
dallas_cowboys_1975,510,2086,13,0,0
dallas_cowboys_1976,482,1896,13,0,0
dallas_cowboys_1977,293,1156,5,0,0
dallas_cowboys_1978,257,1104,12,0,0
dallas_cowboys_1979,205,738,7,0,0
dallas_cowboys_1980,152,572,8,0,0
dallas_cowboys_1981,38,111,0,0,0
dallas_cowboys_1982,37,208,2,0,0
dallas_cowboys_1983,56,232,2,0,0
dallas_cowboys_1984,66,268,5,0,0
dallas_cowboys_1985,112,308,2,0,0
dallas_cowboys_1986,242,1113,15,0,0
dallas_cowboys_1987,268,1264,12,0,0
dallas_cowboys_1988,452,1907,10,0,0
dallas_cowboys_1989,268,1115,5,0,0
dallas_cowboys_1990,102,413,1,0,0
dallas_cowboys_1991,27,29,2,2,0
dallas_cowboys_1992,106,354,2,23,3
dallas_cowboys_1993,142,443,4,23,8
dallas_cowboys_1994,71,132,2,12,3
dallas_cowboys_1995,25,47,1,5,4
dallas_cowboys_1996,49,104,2,14,2
dallas_cowboys_1997,32,88,0,9,1
dallas_cowboys_1998,104,429,6,24,4
dallas_cowboys_1999,161,627,4,43,7
dallas_cowboys_2000,99,420,3,31,4
dallas_cowboys_2001,183,836,4,47,6
dallas_cowboys_2002,122,474,1,27,3
dallas_cowboys_2003,464,1839,10,107,8
dallas_cowboys_2004,246,875,7,52,7
dallas_cowboys_2005,224,803,6,43,3
dallas_cowboys_2006,156,704,15,48,1
dallas_cowboys_2007,224,1029,10,51,1
dallas_cowboys_2008,341,1392,9,84,4
dallas_cowboys_2009,279,1287,10,78,1
dallas_cowboys_2010,212,764,8,49,3
dallas_cowboys_2011,225,1057,3,52,3
dallas_cowboys_2012,214,814,4,48,2
dallas_cowboys_2013,316,1466,12,77,3
dallas_cowboys_2014,482,2293,16,102,6
dallas_cowboys_2015,404,1877,8,93,7
dallas_cowboys_2016,499,2396,24,142,9
dallas_texans_1952,234,941,4,0,0
dallas_texans_1960,82,243,6,0,0
dallas_texans_1961,157,772,7,0,0
dallas_texans_1962,88,504,6,0,0
denver_broncos_1960,125,511,3,0,0
denver_broncos_1961,60,244,0,0,0
denver_broncos_1962,151,565,3,0,0
denver_broncos_1963,170,711,4,0,0
denver_broncos_1964,158,590,5,0,0
denver_broncos_1965,261,1064,6,0,0
denver_broncos_1966,67,241,3,0,0
denver_broncos_1967,176,430,2,0,0
denver_broncos_1968,299,1064,4,0,0
denver_broncos_1969,226,1034,6,0,0
denver_broncos_1970,318,1415,9,0,0
denver_broncos_1971,440,1791,9,0,0
denver_broncos_1972,366,1582,15,0,0
denver_broncos_1973,478,1912,15,0,0
denver_broncos_1974,475,2112,20,0,0
denver_broncos_1975,378,1535,6,0,0
denver_broncos_1976,497,1931,14,0,0
denver_broncos_1977,381,1499,11,0,0
denver_broncos_1978,437,1743,12,0,0
denver_broncos_1979,353,1445,7,0,0
denver_broncos_1980,256,1122,7,0,0
denver_broncos_1981,293,1120,5,0,0
denver_broncos_1982,88,290,2,0,0
denver_broncos_1983,80,306,3,0,0
denver_broncos_1984,111,490,5,0,0
denver_broncos_1985,217,846,9,0,0
denver_broncos_1986,116,486,3,0,0
denver_broncos_1987,216,798,8,0,0
denver_broncos_1988,103,464,2,0,0
denver_broncos_1989,105,447,5,0,0
denver_broncos_1990,95,413,7,0,0
denver_broncos_1991,230,925,12,66,0
denver_broncos_1992,211,719,9,58,6
denver_broncos_1993,192,646,9,50,5
denver_broncos_1994,103,324,6,24,4
denver_broncos_1995,281,1294,8,75,10
denver_broncos_1996,401,1832,17,113,7
denver_broncos_1997,424,1970,16,112,11
denver_broncos_1998,429,2102,22,110,3
denver_broncos_1999,343,1370,9,70,3
denver_broncos_2000,399,1870,17,95,5
denver_broncos_2001,413,1646,5,87,5
denver_broncos_2002,127,595,3,32,3
denver_broncos_2003,99,355,3,20,3
denver_broncos_2004,87,466,3,22,0
denver_broncos_2005,495,2381,23,132,4
denver_broncos_2006,448,2036,11,96,9
denver_broncos_2007,261,1272,6,60,10
denver_broncos_2008,302,1389,10,73,8
denver_broncos_2009,32,111,0,6,1
denver_broncos_2010,154,637,6,37,8
denver_broncos_2011,260,1254,7,72,7
denver_broncos_2012,158,481,2,31,2
denver_broncos_2013,217,786,6,53,9
denver_broncos_2014,436,1750,15,96,6
denver_broncos_2015,410,1715,13,84,5
denver_broncos_2016,410,1484,11,76,5
detroit_lions_1934,201,832,6,0,0
detroit_lions_1935,185,685,6,0,0
detroit_lions_1936,140,877,7,0,0
detroit_lions_1937,131,736,4,0,0
detroit_lions_1938,121,553,5,0,0
detroit_lions_1939,153,645,2,0,0
detroit_lions_1940,130,483,5,0,0
detroit_lions_1941,157,421,3,0,0
detroit_lions_1942,183,741,3,0,0
detroit_lions_1943,124,419,4,0,0
detroit_lions_1944,166,558,8,0,0
detroit_lions_1945,241,652,7,0,0
detroit_lions_1946,106,249,3,0,0
detroit_lions_1947,142,459,4,0,0
detroit_lions_1948,188,616,3,0,0
detroit_lions_1949,59,229,2,0,0
detroit_lions_1950,219,836,11,0,0
detroit_lions_1951,273,1125,9,0,0
detroit_lions_1952,318,1236,9,0,0
detroit_lions_1953,272,1071,5,0,0
detroit_lions_1954,178,872,6,0,0
detroit_lions_1955,251,1002,8,0,0
detroit_lions_1956,382,1514,17,0,0
detroit_lions_1957,321,1393,11,0,0
detroit_lions_1958,278,967,6,0,0
detroit_lions_1959,338,1514,11,0,0
detroit_lions_1960,379,1678,18,0,0
detroit_lions_1961,419,1782,16,0,0
detroit_lions_1962,440,1693,12,0,0
detroit_lions_1963,370,1447,9,0,0
detroit_lions_1964,353,1259,6,0,0
detroit_lions_1965,316,1078,8,0,0
detroit_lions_1966,322,1038,11,0,0
detroit_lions_1967,450,1804,13,0,0
detroit_lions_1968,285,1196,5,0,0
detroit_lions_1969,355,1343,8,0,0
detroit_lions_1970,456,1931,15,0,0
detroit_lions_1971,524,2370,15,0,0
detroit_lions_1972,455,1973,20,0,0
detroit_lions_1973,454,1948,16,0,0
detroit_lions_1974,281,1032,10,0,0
detroit_lions_1975,363,1439,8,0,0
detroit_lions_1976,318,1328,6,0,0
detroit_lions_1977,347,1210,6,0,0
detroit_lions_1978,290,1213,7,0,0
detroit_lions_1979,205,740,7,0,0
detroit_lions_1980,109,557,4,0,0
detroit_lions_1981,154,744,6,0,0
detroit_lions_1982,52,189,0,0,0
detroit_lions_1983,58,256,2,0,0
detroit_lions_1984,135,677,5,0,0
detroit_lions_1985,16,71,1,0,0
detroit_lions_1986,164,713,3,0,0
detroit_lions_1987,200,658,7,0,0
detroit_lions_1988,257,845,6,0,0
detroit_lions_1989,411,2017,22,0,0
detroit_lions_1990,355,1876,19,0,0
detroit_lions_1991,408,1845,18,109,0
detroit_lions_1992,357,1581,9,79,15
detroit_lions_1993,305,1327,4,58,6
detroit_lions_1994,340,1969,7,79,0
detroit_lions_1995,347,1623,12,77,3
detroit_lions_1996,341,1690,11,89,7
detroit_lions_1997,407,2348,18,106,3
detroit_lions_1998,432,1879,12,90,5
detroit_lions_1999,192,632,6,43,6
detroit_lions_2000,104,526,5,33,4
detroit_lions_2001,144,459,6,38,2
detroit_lions_2002,93,261,2,10,4
detroit_lions_2003,195,639,2,35,4
detroit_lions_2004,111,349,2,20,1
detroit_lions_2005,149,488,4,30,2
detroit_lions_2006,118,433,3,22,4
detroit_lions_2007,95,360,2,18,8
detroit_lions_2008,102,331,1,18,5
detroit_lions_2009,53,259,3,20,1
detroit_lions_2010,70,355,2,22,4
detroit_lions_2011,41,149,0,10,3
detroit_lions_2012,341,1411,16,77,7
detroit_lions_2013,443,1800,15,105,19
detroit_lions_2014,388,1403,11,67,7
detroit_lions_2015,354,1335,7,71,7
detroit_lions_2016,350,1310,9,76,2
detroit_wolverines_1928,0,0,6,0,0
duluth_eskimos_1926,0,0,1,0,0
frankford_yellow_jackets_1927,0,0,0,0,0
frankford_yellow_jackets_1928,0,0,0,0,0
frankford_yellow_jackets_1930,0,0,2,0,0
frankford_yellow_jackets_1931,0,0,1,0,0
green_bay_packers_1924,0,0,2,0,0
green_bay_packers_1925,0,0,1,0,0
green_bay_packers_1926,0,0,3,0,0
green_bay_packers_1927,0,0,5,0,0
green_bay_packers_1928,0,0,7,0,0
green_bay_packers_1929,0,0,6,0,0
green_bay_packers_1930,0,0,10,0,0
green_bay_packers_1931,0,0,7,0,0
green_bay_packers_1932,94,318,0,0,0
green_bay_packers_1933,23,79,0,0,0
green_bay_packers_1934,51,174,1,0,0
green_bay_packers_1935,117,409,4,0,0
green_bay_packers_1936,145,603,4,0,0
green_bay_packers_1937,158,702,3,0,0
green_bay_packers_1938,227,988,6,0,0
green_bay_packers_1939,335,1169,7,0,0
green_bay_packers_1940,291,1057,8,0,0
green_bay_packers_1941,297,1077,6,0,0
green_bay_packers_1942,248,810,8,0,0
green_bay_packers_1943,213,979,4,0,0
green_bay_packers_1944,135,558,3,0,0
green_bay_packers_1945,61,285,1,0,0
green_bay_packers_1946,313,1132,2,0,0
green_bay_packers_1947,322,1267,5,0,0
green_bay_packers_1948,308,1299,10,0,0
green_bay_packers_1949,386,1693,5,0,0
green_bay_packers_1950,212,704,6,0,0
green_bay_packers_1951,91,272,1,0,0
green_bay_packers_1952,257,833,7,0,0
green_bay_packers_1953,269,1127,9,0,0
green_bay_packers_1954,223,941,5,0,0
green_bay_packers_1955,330,1417,6,0,0
green_bay_packers_1956,180,734,0,0,0
green_bay_packers_1957,122,423,4,0,0
green_bay_packers_1958,175,734,3,0,0
green_bay_packers_1959,182,779,7,0,0
green_bay_packers_1960,231,1125,11,0,0
green_bay_packers_1961,269,1382,17,0,0
green_bay_packers_1962,295,1589,21,0,0
green_bay_packers_1963,309,1269,14,0,0
green_bay_packers_1964,263,1320,13,0,0
green_bay_packers_1965,265,888,8,0,0
green_bay_packers_1966,374,1362,14,0,0
green_bay_packers_1967,295,1124,14,0,0
green_bay_packers_1968,378,1558,10,0,0
green_bay_packers_1969,275,1048,6,0,0
green_bay_packers_1970,341,1192,6,0,0
green_bay_packers_1971,253,1064,8,0,0
green_bay_packers_1972,199,870,4,0,0
green_bay_packers_1973,208,675,4,0,0
green_bay_packers_1974,191,602,4,0,0
green_bay_packers_1975,181,603,1,0,0
green_bay_packers_1976,171,623,6,0,0
green_bay_packers_1977,66,170,1,0,0
green_bay_packers_1978,11,65,0,0,0
green_bay_packers_1979,107,449,1,0,0
green_bay_packers_1980,423,1613,10,0,0
green_bay_packers_1981,270,1053,5,0,0
green_bay_packers_1982,213,744,10,0,0
green_bay_packers_1983,252,1064,10,0,0
green_bay_packers_1984,243,1143,14,0,0
green_bay_packers_1985,302,1512,11,0,0
green_bay_packers_1986,379,1502,7,0,0
green_bay_packers_1987,236,914,8,0,0
green_bay_packers_1988,190,655,2,0,0
green_bay_packers_1989,143,630,6,0,0
green_bay_packers_1990,252,1012,3,0,0
green_bay_packers_1991,222,823,4,43,0
green_bay_packers_1992,137,503,3,30,10
green_bay_packers_1993,232,876,4,43,8
green_bay_packers_1994,78,329,2,18,1
green_bay_packers_1995,81,299,6,35,1
green_bay_packers_1996,196,808,7,53,8
green_bay_packers_1997,390,1618,8,84,7
green_bay_packers_1998,325,1060,4,61,5
green_bay_packers_1999,349,1375,11,79,7
green_bay_packers_2000,131,421,3,25,4
green_bay_packers_2001,85,225,1,11,8
green_bay_packers_2002,136,550,3,30,6
green_bay_packers_2003,146,621,3,30,5
green_bay_packers_2004,163,675,2,37,2
green_bay_packers_2005,273,968,9,56,8
green_bay_packers_2006,30,17,1,5,2
green_bay_packers_2007,118,321,1,18,7
green_bay_packers_2008,113,469,6,41,6
green_bay_packers_2009,108,440,8,32,3
green_bay_packers_2010,413,1561,11,86,4
green_bay_packers_2011,257,982,10,61,2
green_bay_packers_2012,196,863,6,51,2
green_bay_packers_2013,459,2136,17,118,7
green_bay_packers_2014,435,1917,14,104,7
green_bay_packers_2015,426,1822,8,96,8
green_bay_packers_2016,364,1669,11,90,5
houston_oilers_1960,242,952,4,0,0
houston_oilers_1961,384,1624,12,0,0
houston_oilers_1962,398,1487,14,0,0
houston_oilers_1963,287,1007,8,0,0
houston_oilers_1964,148,522,7,0,0
houston_oilers_1965,111,325,2,0,0
houston_oilers_1966,117,328,3,0,0
houston_oilers_1967,155,688,5,0,0
houston_oilers_1968,152,636,9,0,0
houston_oilers_1969,74,321,3,0,0
houston_oilers_1970,310,1180,6,0,0
houston_oilers_1971,222,700,6,0,0
houston_oilers_1972,61,266,2,0,0
houston_oilers_1973,64,216,0,0,0
houston_oilers_1974,163,424,6,0,0
houston_oilers_1975,191,744,6,0,0
houston_oilers_1976,87,244,2,0,0
houston_oilers_1977,215,874,6,0,0
houston_oilers_1978,410,1864,18,0,0
houston_oilers_1979,489,2120,22,0,0
houston_oilers_1980,475,2314,16,0,0
houston_oilers_1981,422,1611,10,0,0
houston_oilers_1982,207,757,2,0,0
houston_oilers_1983,356,1449,12,0,0
houston_oilers_1984,160,565,5,0,0
houston_oilers_1985,28,112,1,0,0
houston_oilers_1986,169,675,6,0,0
houston_oilers_1987,144,559,5,0,0
houston_oilers_1988,149,578,9,0,0
houston_oilers_1989,97,446,1,0,0
houston_oilers_1990,80,385,0,0,0
houston_oilers_1991,179,747,9,47,0
houston_oilers_1992,37,160,1,7,4
houston_oilers_1993,34,179,2,11,4
houston_oilers_1994,56,275,3,27,5
houston_oilers_1995,282,991,7,55,11
houston_oilers_1996,442,1778,10,92,6
houston_texans_2002,421,1352,6,59,17
houston_texans_2003,143,499,6,33,5
houston_texans_2004,166,641,3,43,7
houston_texans_2005,158,654,5,42,4
houston_texans_2006,290,1164,9,73,7
houston_texans_2007,297,1200,9,66,2
houston_texans_2008,20,58,1,5,1
houston_texans_2009,60,293,3,18,0
houston_texans_2010,379,1941,20,106,3
houston_texans_2011,520,2402,16,125,9
houston_texans_2012,486,2135,19,114,4
houston_texans_2013,400,1700,7,88,4
houston_texans_2014,545,2157,12,108,6
houston_texans_2015,373,1397,6,76,5
houston_texans_2016,456,1859,8,102,8
indianapolis_colts_1984,176,817,5,0,0
indianapolis_colts_1985,89,543,6,0,0
indianapolis_colts_1986,57,259,1,0,0
indianapolis_colts_1987,281,1290,5,0,0
indianapolis_colts_1988,442,1875,17,0,0
indianapolis_colts_1989,332,1430,8,0,0
indianapolis_colts_1990,177,679,5,0,0
indianapolis_colts_1991,237,825,3,36,0
indianapolis_colts_1992,197,620,1,33,8
indianapolis_colts_1993,115,413,1,19,6
indianapolis_colts_1994,397,1642,14,80,7
indianapolis_colts_1995,398,1513,14,95,11
indianapolis_colts_1996,317,1023,9,69,6
indianapolis_colts_1997,333,1353,9,85,7
indianapolis_colts_1998,375,1464,7,74,3
indianapolis_colts_1999,418,1658,15,88,11
indianapolis_colts_2000,430,1842,14,110,7
indianapolis_colts_2001,421,1918,16,106,10
indianapolis_colts_2002,326,1190,4,69,3
indianapolis_colts_2003,377,1451,11,92,9
indianapolis_colts_2004,413,1836,10,93,8
indianapolis_colts_2005,446,1687,18,114,4
indianapolis_colts_2006,439,1762,17,112,4
indianapolis_colts_2007,438,1681,19,116,1
indianapolis_colts_2008,350,1221,12,72,3
indianapolis_colts_2009,269,899,11,49,3
indianapolis_colts_2010,262,988,11,61,4
indianapolis_colts_2011,246,950,3,43,6
indianapolis_colts_2012,314,1220,10,88,4
indianapolis_colts_2013,252,977,7,54,3
indianapolis_colts_2014,247,836,6,44,6
indianapolis_colts_2015,322,1229,6,64,5
indianapolis_colts_2016,408,1628,13,93,5
jacksonville_jaguars_1995,60,219,1,14,3
jacksonville_jaguars_1996,9,24,0,1,0
jacksonville_jaguars_1997,19,79,1,5,1
jacksonville_jaguars_1998,306,1448,16,70,4
jacksonville_jaguars_1999,203,886,6,44,0
jacksonville_jaguars_2000,383,1648,14,87,4
jacksonville_jaguars_2001,255,1054,9,56,5
jacksonville_jaguars_2002,411,1880,19,94,3
jacksonville_jaguars_2003,438,1910,11,103,7
jacksonville_jaguars_2004,364,1619,5,67,4
jacksonville_jaguars_2005,331,1317,13,60,1
jacksonville_jaguars_2006,335,1553,8,76,6
jacksonville_jaguars_2007,291,1441,7,66,2
jacksonville_jaguars_2008,225,936,5,58,1
jacksonville_jaguars_2009,131,615,4,45,5
jacksonville_jaguars_2010,209,1059,9,72,6
jacksonville_jaguars_2011,141,343,0,26,9
jacksonville_jaguars_2012,227,781,4,47,7
jacksonville_jaguars_2013,143,466,2,28,4
jacksonville_jaguars_2014,360,1633,9,86,6
jacksonville_jaguars_2015,339,1411,5,64,9
jacksonville_jaguars_2016,389,1616,8,74,9
kansas_city_chiefs_1963,40,324,3,0,0
kansas_city_chiefs_1964,46,137,2,0,0
kansas_city_chiefs_1965,71,323,6,0,0
kansas_city_chiefs_1966,200,1206,8,0,0
kansas_city_chiefs_1967,300,1333,12,0,0
kansas_city_chiefs_1968,204,763,4,0,0
kansas_city_chiefs_1969,179,765,6,0,0
kansas_city_chiefs_1970,42,215,0,0,0
kansas_city_chiefs_1971,75,276,1,0,0
kansas_city_chiefs_1972,162,607,2,0,0
kansas_city_chiefs_1973,176,582,4,0,0
kansas_city_chiefs_1974,119,412,2,0,0
kansas_city_chiefs_1975,190,702,5,0,0
kansas_city_chiefs_1976,292,1051,10,0,0
kansas_city_chiefs_1977,229,882,5,0,0
kansas_city_chiefs_1978,376,1717,5,0,0
kansas_city_chiefs_1979,218,808,4,0,0
kansas_city_chiefs_1980,234,800,4,0,0
kansas_city_chiefs_1981,514,2274,17,0,0
kansas_city_chiefs_1982,248,867,3,0,0
kansas_city_chiefs_1983,262,787,5,0,0
kansas_city_chiefs_1984,113,392,3,0,0
kansas_city_chiefs_1985,52,145,1,0,0
kansas_city_chiefs_1986,20,-2,0,0,0
kansas_city_chiefs_1987,269,1075,4,0,0
kansas_city_chiefs_1988,322,1213,8,0,0
kansas_city_chiefs_1989,473,1890,18,0,0
kansas_city_chiefs_1990,275,826,7,0,0
kansas_city_chiefs_1991,253,1028,9,68,0
kansas_city_chiefs_1992,147,465,6,32,2
kansas_city_chiefs_1993,295,1088,12,65,5
kansas_city_chiefs_1994,255,964,9,62,3
kansas_city_chiefs_1995,316,1426,8,75,2
kansas_city_chiefs_1996,281,1131,11,75,2
kansas_city_chiefs_1997,248,1084,13,73,7
kansas_city_chiefs_1998,126,456,6,39,5
kansas_city_chiefs_1999,118,650,2,35,2
kansas_city_chiefs_2000,227,1066,5,51,2
kansas_city_chiefs_2001,76,245,7,27,0
kansas_city_chiefs_2002,41,192,2,12,1
kansas_city_chiefs_2003,62,227,1,14,0
kansas_city_chiefs_2004,148,714,9,40,1
kansas_city_chiefs_2005,356,1824,20,100,5
kansas_city_chiefs_2006,428,1827,17,92,3
kansas_city_chiefs_2007,184,627,4,28,2
kansas_city_chiefs_2008,338,1672,8,87,10
kansas_city_chiefs_2009,410,1862,7,86,14
kansas_city_chiefs_2010,309,1726,6,89,4
kansas_city_chiefs_2011,316,1322,4,66,5
kansas_city_chiefs_2012,407,2041,8,96,9
kansas_city_chiefs_2013,431,2026,17,109,8
kansas_city_chiefs_2014,411,1884,17,91,9
kansas_city_chiefs_2015,436,2044,19,116,5
kansas_city_chiefs_2016,412,1748,15,86,5
los_angeles_chargers_1960,258,1034,15,0,0
los_angeles_dons_1946,0,0,0,0,0
los_angeles_dons_1947,0,0,0,0,0
los_angeles_dons_1948,0,0,0,0,0
los_angeles_dons_1949,0,0,0,0,0
los_angeles_raiders_1982,236,976,13,0,0
los_angeles_raiders_1983,350,1325,10,0,0
los_angeles_raiders_1984,346,1428,14,0,0
los_angeles_raiders_1985,412,1861,11,0,0
los_angeles_raiders_1986,350,1295,6,0,0
los_angeles_raiders_1987,342,1676,12,0,0
los_angeles_raiders_1988,390,1533,11,0,0
los_angeles_raiders_1989,260,1313,6,0,0
los_angeles_raiders_1990,402,1658,18,0,0
los_angeles_raiders_1991,211,814,6,53,0
los_angeles_raiders_1992,387,1669,7,86,7
los_angeles_raiders_1993,124,330,4,24,2
los_angeles_raiders_1994,41,178,1,11,0
los_angeles_rams_1946,279,1176,9,0,0
los_angeles_rams_1947,318,1602,10,0,0
los_angeles_rams_1948,221,936,3,0,0
los_angeles_rams_1949,153,611,4,0,0
los_angeles_rams_1950,196,825,10,0,0
los_angeles_rams_1951,132,535,7,0,0
los_angeles_rams_1952,160,637,3,0,0
los_angeles_rams_1953,191,1068,12,0,0
los_angeles_rams_1954,234,1362,13,0,0
los_angeles_rams_1955,352,1592,12,0,0
los_angeles_rams_1956,312,1474,15,0,0
los_angeles_rams_1957,345,1522,12,0,0
los_angeles_rams_1958,267,1214,9,0,0
los_angeles_rams_1959,311,1505,14,0,0
los_angeles_rams_1960,280,1233,8,0,0
los_angeles_rams_1961,321,1563,13,0,0
los_angeles_rams_1962,366,1640,10,0,0
los_angeles_rams_1963,292,999,13,0,0
los_angeles_rams_1964,124,464,3,0,0
los_angeles_rams_1965,169,710,5,0,0
los_angeles_rams_1966,300,1266,11,0,0
los_angeles_rams_1967,307,1122,12,0,0
los_angeles_rams_1968,445,1782,13,0,0
los_angeles_rams_1969,90,349,7,0,0
los_angeles_rams_1970,166,619,6,0,0
los_angeles_rams_1971,249,1182,7,0,0
los_angeles_rams_1972,270,1276,10,0,0
los_angeles_rams_1973,127,498,7,0,0
los_angeles_rams_1974,180,529,11,0,0
los_angeles_rams_1975,139,536,11,0,0
los_angeles_rams_1976,258,1141,10,0,0
los_angeles_rams_1977,260,978,9,0,0
los_angeles_rams_1978,297,1176,4,0,0
los_angeles_rams_1979,87,336,0,0,0
los_angeles_rams_1980,251,1268,10,0,0
los_angeles_rams_1981,68,265,0,0,0
los_angeles_rams_1982,32,100,1,0,0
los_angeles_rams_1983,501,2221,20,0,0
los_angeles_rams_1984,465,2500,15,0,0
los_angeles_rams_1985,400,1664,12,0,0
los_angeles_rams_1986,549,2330,16,0,0
los_angeles_rams_1987,133,542,2,0,0
los_angeles_rams_1988,357,1470,16,0,0
los_angeles_rams_1989,416,1708,18,0,0
los_angeles_rams_1990,291,1045,16,0,0
los_angeles_rams_1991,311,986,10,57,0
los_angeles_rams_1992,388,1633,12,83,13
los_angeles_rams_1993,122,462,1,31,1
los_angeles_rams_1994,45,200,3,18,5
los_angeles_rams_2016,375,1252,9,68,6
miami_dolphins_1966,207,727,0,0,0
miami_dolphins_1967,54,320,1,0,0
miami_dolphins_1968,172,672,4,0,0
miami_dolphins_1969,190,586,9,0,0
miami_dolphins_1970,201,682,6,0,0
miami_dolphins_1971,199,979,3,0,0
miami_dolphins_1972,190,765,6,0,0
miami_dolphins_1973,123,540,1,0,0
miami_dolphins_1974,295,1125,14,0,0
miami_dolphins_1975,255,1020,15,0,0
miami_dolphins_1976,283,1156,8,0,0
miami_dolphins_1977,391,1790,13,0,0
miami_dolphins_1978,192,836,6,0,0
miami_dolphins_1979,115,471,1,0,0
miami_dolphins_1980,66,348,1,0,0
miami_dolphins_1981,387,1653,13,0,0
miami_dolphins_1982,271,1077,9,0,0
miami_dolphins_1983,490,1870,14,0,0
miami_dolphins_1984,334,1279,11,0,0
miami_dolphins_1985,386,1458,19,0,0
miami_dolphins_1986,307,1368,9,0,0
miami_dolphins_1987,229,920,10,0,0
miami_dolphins_1988,203,730,9,0,0
miami_dolphins_1989,59,195,3,0,0
miami_dolphins_1990,68,182,2,0,0
miami_dolphins_1991,41,87,2,11,0
miami_dolphins_1992,38,120,1,7,3
miami_dolphins_1993,144,416,4,29,5
miami_dolphins_1994,314,1139,9,76,10
miami_dolphins_1995,362,1325,14,83,10
miami_dolphins_1996,50,128,0,7,6
miami_dolphins_1997,60,103,0,7,6
miami_dolphins_1998,29,17,1,3,4
miami_dolphins_1999,211,662,4,36,3
miami_dolphins_2000,182,755,2,41,5
miami_dolphins_2001,87,370,5,29,4
miami_dolphins_2002,57,286,4,22,2
miami_dolphins_2003,42,135,3,16,2
miami_dolphins_2004,95,292,1,14,7
miami_dolphins_2005,15,97,0,4,2
miami_dolphins_2006,31,126,0,10,2
miami_dolphins_2007,212,736,9,51,4
miami_dolphins_2008,38,136,3,8,1
miami_dolphins_2009,31,117,2,9,3
miami_dolphins_2010,52,155,0,9,5
miami_dolphins_2011,267,1291,9,54,10
miami_dolphins_2012,347,1465,11,77,10
miami_dolphins_2013,240,1034,4,44,5
miami_dolphins_2014,324,1556,9,82,7
miami_dolphins_2015,313,1374,11,64,4
miami_dolphins_2016,397,1802,14,90,11
miami_seahawks_1946,0,0,0,0,0
minneapolis_red_jackets_1929,0,0,2,0,0
minneapolis_red_jackets_1930,0,0,3,0,0
minnesota_vikings_1961,145,633,8,0,0
minnesota_vikings_1962,288,1397,5,0,0
minnesota_vikings_1963,227,1067,8,0,0
minnesota_vikings_1964,234,1093,6,0,0
minnesota_vikings_1965,345,1579,13,0,0
minnesota_vikings_1966,296,1248,9,0,0
minnesota_vikings_1967,255,1158,5,0,0
minnesota_vikings_1968,149,576,7,0,0
minnesota_vikings_1969,306,1183,9,0,0
minnesota_vikings_1970,270,880,7,0,0
minnesota_vikings_1971,231,727,7,0,0
minnesota_vikings_1972,337,1313,5,0,0
minnesota_vikings_1973,472,1995,11,0,0
minnesota_vikings_1974,459,1766,16,0,0
minnesota_vikings_1975,433,1665,17,0,0
minnesota_vikings_1976,331,1325,14,0,0
minnesota_vikings_1977,359,1342,8,0,0
minnesota_vikings_1978,417,1235,7,0,0
minnesota_vikings_1979,275,931,5,0,0
minnesota_vikings_1980,152,452,4,0,0
minnesota_vikings_1981,104,437,2,0,0
minnesota_vikings_1982,103,305,2,0,0
minnesota_vikings_1983,336,1325,7,0,0
minnesota_vikings_1984,312,1317,6,0,0
minnesota_vikings_1985,282,1120,12,0,0
minnesota_vikings_1986,351,1356,8,0,0
minnesota_vikings_1987,329,1322,7,0,0
minnesota_vikings_1988,407,1494,18,0,0
minnesota_vikings_1989,413,1624,11,0,0
minnesota_vikings_1990,411,1715,10,0,0
minnesota_vikings_1991,451,2168,18,123,0
minnesota_vikings_1992,357,1500,14,81,15
minnesota_vikings_1993,34,64,0,2,2
minnesota_vikings_1994,297,1156,8,66,4
minnesota_vikings_1995,120,469,3,24,3
minnesota_vikings_1996,100,289,1,18,3
minnesota_vikings_1997,89,332,3,25,2
minnesota_vikings_1998,50,127,1,12,0
minnesota_vikings_1999,20,57,0,2,1
minnesota_vikings_2000,13,46,0,2,0
minnesota_vikings_2001,87,271,1,16,2
minnesota_vikings_2002,21,128,0,7,1
minnesota_vikings_2003,29,134,0,7,3
minnesota_vikings_2004,3,4,0,1,1
minnesota_vikings_2005,54,116,4,14,1
minnesota_vikings_2006,418,1689,12,83,7
minnesota_vikings_2007,465,2467,22,119,11
minnesota_vikings_2008,492,2298,14,110,11
minnesota_vikings_2009,464,1911,19,98,8
minnesota_vikings_2010,438,1948,16,103,7
minnesota_vikings_2011,421,2207,17,110,4
minnesota_vikings_2012,486,2634,16,113,9
minnesota_vikings_2013,423,2081,23,105,9
minnesota_vikings_2014,413,1804,12,90,3
minnesota_vikings_2015,474,2211,18,113,9
minnesota_vikings_2016,380,1205,9,66,3
new_england_patriots_1971,368,1455,7,0,0
new_england_patriots_1972,338,1255,9,0,0
new_england_patriots_1973,185,630,4,0,0
new_england_patriots_1974,72,217,2,0,0
new_england_patriots_1975,166,694,4,0,0
new_england_patriots_1976,350,1680,9,0,0
new_england_patriots_1977,268,921,7,0,0
new_england_patriots_1978,388,1847,17,0,0
new_england_patriots_1979,355,1198,7,0,0
new_england_patriots_1980,544,2036,17,0,0
new_england_patriots_1981,195,828,10,0,0
new_england_patriots_1982,140,649,1,0,0
new_england_patriots_1983,295,1435,7,0,0
new_england_patriots_1984,333,1497,10,0,0
new_england_patriots_1985,374,1618,9,0,0
new_england_patriots_1986,282,821,6,0,0
new_england_patriots_1987,221,845,2,0,0
new_england_patriots_1988,226,783,10,0,0
new_england_patriots_1989,195,776,4,0,0
new_england_patriots_1990,146,509,2,0,0
new_england_patriots_1991,47,195,2,13,0
new_england_patriots_1992,150,551,2,26,13
new_england_patriots_1993,59,184,1,16,3
new_england_patriots_1994,154,478,3,22,2
new_england_patriots_1995,381,1534,14,86,6
new_england_patriots_1996,334,1212,14,80,3
new_england_patriots_1997,283,1167,4,46,3
new_england_patriots_1998,307,1154,9,52,5
new_england_patriots_1999,372,1304,9,58,10
new_england_patriots_2000,355,1175,7,59,6
new_england_patriots_2001,170,527,3,38,6
new_england_patriots_2002,137,508,3,40,6
new_england_patriots_2003,253,807,1,44,7
new_england_patriots_2004,502,2084,15,117,6
new_england_patriots_2005,412,1442,16,97,6
new_england_patriots_2006,497,1951,20,120,6
new_england_patriots_2007,360,1466,14,99,2
new_england_patriots_2008,201,913,5,56,2
new_england_patriots_2009,367,1488,17,90,5
new_england_patriots_2010,196,845,6,47,2
new_england_patriots_2011,165,611,6,46,2
new_england_patriots_2012,231,914,13,67,2
new_england_patriots_2013,292,1292,12,70,7
new_england_patriots_2014,255,975,6,54,1
new_england_patriots_2015,368,1353,14,85,2
new_england_patriots_2016,482,1872,19,109,8
new_orleans_saints_1967,303,1095,6,0,0
new_orleans_saints_1968,293,1161,7,0,0
new_orleans_saints_1969,185,854,6,0,0
new_orleans_saints_1970,346,1130,4,0,0
new_orleans_saints_1971,168,682,7,0,0
new_orleans_saints_1972,75,372,2,0,0
new_orleans_saints_1973,286,1016,2,0,0
new_orleans_saints_1974,417,1629,7,0,0
new_orleans_saints_1975,180,590,4,0,0
new_orleans_saints_1976,185,747,10,0,0
new_orleans_saints_1977,212,922,8,0,0
new_orleans_saints_1978,231,865,6,0,0
new_orleans_saints_1979,226,903,11,0,0
new_orleans_saints_1980,107,480,3,0,0
new_orleans_saints_1981,8,31,0,0,0
new_orleans_saints_1982,21,75,0,0,0
new_orleans_saints_1983,84,409,4,0,0
new_orleans_saints_1984,203,999,6,0,0
new_orleans_saints_1985,232,1007,3,0,0
new_orleans_saints_1986,289,1375,8,0,0
new_orleans_saints_1987,297,1138,6,0,0
new_orleans_saints_1988,176,667,3,0,0
new_orleans_saints_1989,40,193,2,0,0
new_orleans_saints_1990,245,967,10,0,0
new_orleans_saints_1991,260,984,5,45,0
new_orleans_saints_1992,46,111,1,9,2
new_orleans_saints_1993,88,452,3,19,2
new_orleans_saints_1994,210,771,7,43,5
new_orleans_saints_1995,328,1156,9,68,6
new_orleans_saints_1996,331,1128,9,68,12
new_orleans_saints_1997,362,1328,8,70,11
new_orleans_saints_1998,155,502,2,28,6
new_orleans_saints_1999,115,470,5,30,6
new_orleans_saints_2000,49,221,2,11,0
new_orleans_saints_2001,18,92,1,4,0
new_orleans_saints_2002,356,1496,14,70,5
new_orleans_saints_2003,377,1745,9,74,7
new_orleans_saints_2004,284,1152,9,57,5
new_orleans_saints_2005,106,359,3,23,0
new_orleans_saints_2006,455,1699,18,92,7
new_orleans_saints_2007,273,991,8,63,9
new_orleans_saints_2008,385,1498,19,99,8
new_orleans_saints_2009,453,2017,21,110,6
new_orleans_saints_2010,279,1153,7,72,5
new_orleans_saints_2011,422,2096,14,111,3
new_orleans_saints_2012,368,1563,10,63,0
new_orleans_saints_2013,374,1429,9,78,1
new_orleans_saints_2014,402,1747,16,100,5
new_orleans_saints_2015,396,1489,16,98,3
new_orleans_saints_2016,404,1742,17,105,2
new_york_bulldogs_1949,251,926,7,0,0
new_york_giants_1925,0,0,2,0,0
new_york_giants_1926,0,0,7,0,0
new_york_giants_1927,0,0,7,0,0
new_york_giants_1928,0,0,1,0,0
new_york_giants_1929,0,0,1,0,0
new_york_giants_1930,0,0,3,0,0
new_york_giants_1931,0,0,1,0,0
new_york_giants_1932,249,770,2,0,0
new_york_giants_1933,206,805,7,0,0
new_york_giants_1934,269,922,4,0,0
new_york_giants_1935,364,995,7,0,0
new_york_giants_1936,479,1755,4,0,0
new_york_giants_1937,337,1018,2,0,0
new_york_giants_1938,305,1079,10,0,0
new_york_giants_1939,327,918,6,0,0
new_york_giants_1940,283,930,3,0,0
new_york_giants_1941,342,958,14,0,0
new_york_giants_1942,281,800,9,0,0
new_york_giants_1943,265,756,11,0,0
new_york_giants_1944,229,806,10,0,0
new_york_giants_1945,147,458,3,0,0
new_york_giants_1946,386,1388,14,0,0
new_york_giants_1947,287,935,6,0,0
new_york_giants_1948,212,656,2,0,0
new_york_giants_1949,275,1034,15,0,0
new_york_giants_1950,247,1195,12,0,0
new_york_giants_1951,117,425,1,0,0
new_york_giants_1952,96,308,4,0,0
new_york_giants_1953,56,160,2,0,0
new_york_giants_1954,138,646,3,0,0
new_york_giants_1955,312,1360,10,0,0
new_york_giants_1956,353,1604,13,0,0
new_york_giants_1957,357,1383,10,0,0
new_york_giants_1958,311,1242,12,0,0
new_york_giants_1959,263,1059,8,0,0
new_york_giants_1960,142,384,4,0,0
new_york_giants_1961,415,1777,12,0,0
new_york_giants_1962,342,1353,10,0,0
new_york_giants_1963,271,1011,9,0,0
new_york_giants_1964,351,1108,8,0,0
new_york_giants_1965,149,606,4,0,0
new_york_giants_1966,115,460,2,0,0
new_york_giants_1967,55,329,2,0,0
new_york_giants_1968,59,315,3,0,0
new_york_giants_1969,37,172,0,0,0
new_york_giants_1970,306,1263,10,0,0
new_york_giants_1971,173,657,10,0,0
new_york_giants_1972,443,1689,15,0,0
new_york_giants_1973,340,1115,9,0,0
new_york_giants_1974,363,1184,10,0,0
new_york_giants_1975,438,1466,16,0,0
new_york_giants_1976,282,1066,6,0,0
new_york_giants_1977,351,1244,7,0,0
new_york_giants_1978,388,1593,3,0,0
new_york_giants_1979,431,1557,11,0,0
new_york_giants_1980,285,1066,5,0,0
new_york_giants_1981,397,1426,9,0,0
new_york_giants_1982,94,310,3,0,0
new_york_giants_1983,173,648,4,0,0
new_york_giants_1984,278,896,7,0,0
new_york_giants_1985,245,970,3,0,0
new_york_giants_1986,115,455,1,0,0
new_york_giants_1987,138,445,1,0,0
new_york_giants_1988,144,457,10,0,0
new_york_giants_1989,472,1498,14,0,0
new_york_giants_1990,456,1620,14,0,0
new_york_giants_1991,406,1596,12,93,0
new_york_giants_1992,273,1185,14,61,1
new_york_giants_1993,425,1729,9,97,3
new_york_giants_1994,356,1208,6,64,2
new_york_giants_1995,432,1605,13,94,7
new_york_giants_1996,406,1339,4,70,9
new_york_giants_1997,504,1959,13,111,10
new_york_giants_1998,198,678,3,42,3
new_york_giants_1999,174,573,4,31,3
new_york_giants_2000,450,1863,14,90,6
new_york_giants_2001,377,1652,11,83,6
new_york_giants_2002,437,1865,14,95,7
new_york_giants_2003,352,1441,5,82,6
new_york_giants_2004,399,1784,15,95,9
new_york_giants_2005,467,2205,17,106,4
new_york_giants_2006,453,2132,14,118,7
new_york_giants_2007,356,1680,8,86,10
new_york_giants_2008,432,2137,18,115,5
new_york_giants_2009,279,1043,7,56,9
new_york_giants_2010,200,968,9,50,4
new_york_giants_2011,240,768,8,42,6
new_york_giants_2012,30,42,0,3,1
new_york_giants_2013,102,402,5,23,6
new_york_giants_2014,412,1442,13,74,1
new_york_giants_2015,403,1609,5,76,4
new_york_giants_2016,398,1412,6,73,2
new_york_jets_1963,149,400,3,0,0
new_york_jets_1964,125,383,4,0,0
new_york_jets_1965,172,657,7,0,0
new_york_jets_1966,80,274,4,0,0
new_york_jets_1967,129,447,6,0,0
new_york_jets_1968,133,405,11,0,0
new_york_jets_1969,115,386,6,0,0
new_york_jets_1970,141,421,5,0,0
new_york_jets_1971,272,1133,5,0,0
new_york_jets_1972,267,1114,7,0,0
new_york_jets_1973,228,861,4,0,0
new_york_jets_1974,226,850,8,0,0
new_york_jets_1975,447,1871,14,0,0
new_york_jets_1976,407,1806,10,0,0
new_york_jets_1977,322,1229,5,0,0
new_york_jets_1978,300,1196,10,0,0
new_york_jets_1979,512,2192,14,0,0
new_york_jets_1980,350,1500,11,0,0
new_york_jets_1981,271,1115,6,0,0
new_york_jets_1982,79,274,2,0,0
new_york_jets_1983,134,670,5,0,0
new_york_jets_1984,94,360,10,0,0
new_york_jets_1985,90,262,8,0,0
new_york_jets_1986,81,184,2,0,0
new_york_jets_1987,141,402,4,0,0
new_york_jets_1988,153,605,3,0,0
new_york_jets_1989,128,467,5,0,0
new_york_jets_1990,280,1286,8,0,0
new_york_jets_1991,406,1513,14,95,0
new_york_jets_1992,316,1425,8,81,11
new_york_jets_1993,486,1729,13,100,12
new_york_jets_1994,376,1379,8,78,10
new_york_jets_1995,114,345,1,26,9
new_york_jets_1996,80,248,1,24,8
new_york_jets_1997,68,154,1,15,2
new_york_jets_1998,403,1449,10,79,7
new_york_jets_1999,416,1686,5,96,1
new_york_jets_2000,404,1409,11,82,7
new_york_jets_2001,391,1651,10,84,9
new_york_jets_2002,297,1193,9,63,1
new_york_jets_2003,352,1376,4,61,6
new_york_jets_2004,425,1861,13,105,5
new_york_jets_2005,248,833,7,42,9
new_york_jets_2006,325,1150,10,65,3
new_york_jets_2007,119,499,5,31,4
new_york_jets_2008,115,561,7,24,6
new_york_jets_2009,145,599,3,32,4
new_york_jets_2010,258,1062,10,57,6
new_york_jets_2011,130,432,7,28,7
new_york_jets_2012,172,593,4,37,5
new_york_jets_2013,469,2068,12,101,7
new_york_jets_2014,500,2240,10,110,10
new_york_jets_2015,381,1689,10,90,6
new_york_jets_2016,415,1805,10,96,6
new_york_titans_1960,179,658,4,0,0
new_york_titans_1961,339,1278,13,0,0
new_york_titans_1962,280,1063,6,0,0
new_york_yankees_1927,0,0,0,0,0
new_york_yankees_1946,0,0,0,0,0
new_york_yankees_1947,0,0,0,0,0
new_york_yankees_1948,0,0,0,0,0
new_york_yankees_1949,0,0,0,0,0
new_york_yanks_1950,194,828,8,0,0
new_york_yanks_1951,149,608,4,0,0
newark_tornadoes_1930,0,0,0,0,0
oakland_raiders_1960,278,1270,12,0,0
oakland_raiders_1961,107,361,5,0,0
oakland_raiders_1962,290,1166,13,0,0
oakland_raiders_1963,289,1327,8,0,0
oakland_raiders_1964,331,1476,9,0,0
oakland_raiders_1965,311,1266,6,0,0
oakland_raiders_1966,295,1150,8,0,0
oakland_raiders_1967,304,1356,13,0,0
oakland_raiders_1968,170,799,9,0,0
oakland_raiders_1969,153,648,2,0,0
oakland_raiders_1970,49,172,2,0,0
oakland_raiders_1971,199,891,10,0,0
oakland_raiders_1972,116,547,7,0,0
oakland_raiders_1973,155,800,4,0,0
oakland_raiders_1974,296,1265,9,0,0
oakland_raiders_1975,567,2250,26,0,0
oakland_raiders_1976,541,2238,13,0,0
oakland_raiders_1977,656,2530,19,0,0
oakland_raiders_1978,335,1270,9,0,0
oakland_raiders_1979,298,1072,7,0,0
oakland_raiders_1980,417,1664,9,0,0
oakland_raiders_1981,326,1434,6,0,0
oakland_raiders_1995,169,675,1,37,3
oakland_raiders_1996,290,1516,6,70,5
oakland_raiders_1997,337,1499,6,67,11
oakland_raiders_1998,236,937,2,39,3
oakland_raiders_1999,431,1960,12,88,6
oakland_raiders_2000,425,2125,13,107,8
oakland_raiders_2001,373,1397,8,73,8
oakland_raiders_2002,359,1608,12,89,4
oakland_raiders_2003,341,1525,7,72,5
oakland_raiders_2004,260,1030,8,60,3
oakland_raiders_2005,7,35,0,2,0
oakland_raiders_2006,213,761,3,35,9
oakland_raiders_2007,327,1450,5,79,8
oakland_raiders_2008,339,1391,5,58,8
oakland_raiders_2009,236,867,4,37,5
oakland_raiders_2010,323,1726,11,77,7
oakland_raiders_2011,189,967,7,47,4
oakland_raiders_2012,350,1324,4,69,4
oakland_raiders_2013,435,1998,15,89,7
oakland_raiders_2014,291,1138,4,54,9
oakland_raiders_2015,352,1421,7,70,6
oakland_raiders_2016,434,1922,17,98,8
phil-pitt_combine_1943,152,403,6,0,0
philadelphia_eagles_1933,293,927,5,0,0
philadelphia_eagles_1934,379,1595,9,0,0
philadelphia_eagles_1935,319,867,2,0,0
philadelphia_eagles_1936,318,877,1,0,0
philadelphia_eagles_1937,71,287,1,0,0
philadelphia_eagles_1938,87,259,1,0,0
philadelphia_eagles_1939,136,52,1,0,0
philadelphia_eagles_1940,260,166,7,0,0
philadelphia_eagles_1941,359,850,6,0,0
philadelphia_eagles_1942,278,538,4,0,0
philadelphia_eagles_1944,190,722,9,0,0
philadelphia_eagles_1945,265,1119,19,0,0
philadelphia_eagles_1946,227,598,7,0,0
philadelphia_eagles_1947,280,1148,16,0,0
philadelphia_eagles_1948,268,1265,15,0,0
philadelphia_eagles_1949,484,1890,21,0,0
philadelphia_eagles_1950,539,2102,13,0,0
philadelphia_eagles_1951,426,1425,12,0,0
philadelphia_eagles_1952,182,519,5,0,0
philadelphia_eagles_1953,300,1189,15,0,0
philadelphia_eagles_1954,252,753,1,0,0
philadelphia_eagles_1955,328,1118,6,0,0
philadelphia_eagles_1956,325,1074,10,0,0
philadelphia_eagles_1957,343,1361,5,0,0
philadelphia_eagles_1958,321,1073,13,0,0
philadelphia_eagles_1959,389,1325,13,0,0
philadelphia_eagles_1960,338,1094,7,0,0
philadelphia_eagles_1961,301,1133,9,0,0
philadelphia_eagles_1962,161,506,5,0,0
philadelphia_eagles_1963,151,501,1,0,0
philadelphia_eagles_1964,109,418,4,0,0
philadelphia_eagles_1965,33,134,3,0,0
philadelphia_eagles_1966,82,355,2,0,0
philadelphia_eagles_1967,103,354,3,0,0
philadelphia_eagles_1968,110,382,0,0,0
philadelphia_eagles_1969,183,680,4,0,0
philadelphia_eagles_1970,205,788,4,0,0
philadelphia_eagles_1971,146,439,4,0,0
philadelphia_eagles_1972,381,1378,2,0,0
philadelphia_eagles_1973,78,353,3,0,0
philadelphia_eagles_1974,115,448,2,0,0
philadelphia_eagles_1975,270,953,3,0,0
philadelphia_eagles_1976,184,675,3,0,0
philadelphia_eagles_1977,42,157,5,0,0
philadelphia_eagles_1978,171,597,3,0,0
philadelphia_eagles_1979,229,909,8,0,0
philadelphia_eagles_1980,313,1127,10,0,0
philadelphia_eagles_1981,208,840,5,0,0
philadelphia_eagles_1982,96,309,4,0,0
philadelphia_eagles_1983,269,887,5,0,0
philadelphia_eagles_1984,147,466,4,0,0
philadelphia_eagles_1985,371,1292,7,0,0
philadelphia_eagles_1986,228,797,1,0,0
philadelphia_eagles_1987,226,766,5,0,0
philadelphia_eagles_1988,218,766,4,0,0
philadelphia_eagles_1989,180,642,3,0,0
philadelphia_eagles_1990,208,734,3,0,0
philadelphia_eagles_1991,76,214,1,14,0
philadelphia_eagles_1992,268,1055,8,60,6
philadelphia_eagles_1993,180,769,1,33,1
philadelphia_eagles_1994,222,927,8,46,7
philadelphia_eagles_1995,478,2008,18,116,8
philadelphia_eagles_1996,470,1847,16,102,9
philadelphia_eagles_1997,423,1740,11,95,7
philadelphia_eagles_1998,123,491,5,25,1
philadelphia_eagles_1999,29,51,0,4,1
philadelphia_eagles_2000,36,162,0,8,3
philadelphia_eagles_2001,24,95,0,4,0
philadelphia_eagles_2002,157,731,4,34,7
philadelphia_eagles_2003,124,655,7,29,0
philadelphia_eagles_2004,323,1359,7,72,0
philadelphia_eagles_2005,250,976,4,45,2
philadelphia_eagles_2006,276,1334,7,70,3
philadelphia_eagles_2007,293,1372,7,78,0
philadelphia_eagles_2008,287,1113,10,60,1
philadelphia_eagles_2009,331,1456,11,71,4
philadelphia_eagles_2010,407,2257,18,112,7
philadelphia_eagles_2011,408,2140,19,123,8
philadelphia_eagles_2012,292,1288,5,77,14
philadelphia_eagles_2013,412,2134,14,111,4
philadelphia_eagles_2014,428,1820,12,97,10
philadelphia_eagles_2015,442,1743,15,110,10
philadelphia_eagles_2016,438,1813,16,114,9
phoenix_cardinals_1988,207,950,7,0,0
phoenix_cardinals_1989,169,533,6,0,0
phoenix_cardinals_1990,354,1390,10,0,0
phoenix_cardinals_1991,354,1148,5,64,0
phoenix_cardinals_1992,311,1263,9,74,5
phoenix_cardinals_1993,78,407,1,27,2
pittsburgh_pirates_1933,122,273,2,0,0
pittsburgh_pirates_1934,207,767,0,0,0
pittsburgh_pirates_1935,231,259,4,0,0
pittsburgh_pirates_1936,270,530,3,0,0
pittsburgh_pirates_1937,406,1126,5,0,0
pittsburgh_pirates_1938,217,606,1,0,0
pittsburgh_pirates_1939,160,332,2,0,0
pittsburgh_pirates_1940,263,672,1,0,0
pittsburgh_steelers_1941,184,666,2,0,0
pittsburgh_steelers_1942,242,944,9,0,0
pittsburgh_steelers_1945,162,399,3,0,0
pittsburgh_steelers_1946,47,117,5,0,0
pittsburgh_steelers_1947,213,739,8,0,0
pittsburgh_steelers_1948,329,1305,6,0,0
pittsburgh_steelers_1949,500,2092,15,0,0
pittsburgh_steelers_1950,356,1183,6,0,0
pittsburgh_steelers_1951,308,1031,6,0,0
pittsburgh_steelers_1952,195,684,6,0,0
pittsburgh_steelers_1953,253,916,8,0,0
pittsburgh_steelers_1954,228,754,8,0,0
pittsburgh_steelers_1955,250,688,11,0,0
pittsburgh_steelers_1956,252,785,12,0,0
pittsburgh_steelers_1957,251,779,3,0,0
pittsburgh_steelers_1958,217,762,9,0,0
pittsburgh_steelers_1959,129,520,3,0,0
pittsburgh_steelers_1960,195,840,4,0,0
pittsburgh_steelers_1961,293,1017,6,0,0
pittsburgh_steelers_1962,292,1205,8,0,0
pittsburgh_steelers_1963,337,1426,6,0,0
pittsburgh_steelers_1964,403,1716,10,0,0
pittsburgh_steelers_1965,229,845,5,0,0
pittsburgh_steelers_1966,190,601,9,0,0
pittsburgh_steelers_1967,109,330,6,0,0
pittsburgh_steelers_1968,18,86,0,0,0
pittsburgh_steelers_1969,117,584,1,0,0
pittsburgh_steelers_1970,203,620,4,0,0
pittsburgh_steelers_1971,206,891,1,0,0
pittsburgh_steelers_1972,287,1492,11,0,0
pittsburgh_steelers_1973,401,1541,7,0,0
pittsburgh_steelers_1974,372,1659,13,0,0
pittsburgh_steelers_1975,308,1473,13,0,0
pittsburgh_steelers_1976,366,1490,21,0,0
pittsburgh_steelers_1977,389,1506,13,0,0
pittsburgh_steelers_1978,396,1404,10,0,0
pittsburgh_steelers_1979,403,1889,18,0,0
pittsburgh_steelers_1980,319,1246,8,0,0
pittsburgh_steelers_1981,361,1527,15,0,0
pittsburgh_steelers_1982,191,809,5,0,0
pittsburgh_steelers_1983,395,1475,9,0,0
pittsburgh_steelers_1984,330,1225,7,0,0
pittsburgh_steelers_1985,270,1042,9,0,0
pittsburgh_steelers_1986,520,2095,17,0,0
pittsburgh_steelers_1987,357,1418,7,0,0
pittsburgh_steelers_1988,118,660,7,0,0
pittsburgh_steelers_1989,31,198,3,0,0
pittsburgh_steelers_1990,42,216,1,0,0
pittsburgh_steelers_1991,134,630,2,29,0
pittsburgh_steelers_1992,452,1852,13,97,11
pittsburgh_steelers_1993,413,1581,11,93,12
pittsburgh_steelers_1994,272,1011,7,62,1
pittsburgh_steelers_1995,295,1053,7,59,8
pittsburgh_steelers_1996,145,608,2,41,3
pittsburgh_steelers_1997,24,68,0,2,1
pittsburgh_steelers_1998,20,128,0,6,0
pittsburgh_steelers_1999,38,62,0,6,1
pittsburgh_steelers_2000,13,71,0,5,0
pittsburgh_steelers_2001,107,569,3,31,4
pittsburgh_steelers_2002,243,1081,4,55,4
pittsburgh_steelers_2003,172,592,2,30,3
pittsburgh_steelers_2004,112,404,2,26,2
pittsburgh_steelers_2005,320,1410,8,63,7
pittsburgh_steelers_2006,446,1876,16,93,10
pittsburgh_steelers_2007,495,2091,9,105,6
pittsburgh_steelers_2008,263,943,8,42,4
pittsburgh_steelers_2009,145,534,2,38,5
pittsburgh_steelers_2010,100,492,2,40,6
pittsburgh_steelers_2011,156,645,3,41,3
pittsburgh_steelers_2012,204,733,6,45,3
pittsburgh_steelers_2013,289,1000,9,56,5
pittsburgh_steelers_2014,411,1714,10,96,7
pittsburgh_steelers_2015,387,1722,16,91,5
pittsburgh_steelers_2016,409,1760,13,97,6
portsmouth_spartans_1930,0,0,1,0,0
portsmouth_spartans_1931,0,0,3,0,0
portsmouth_spartans_1932,75,234,2,0,0
portsmouth_spartans_1933,225,777,2,0,0
pottsville_maroons_1926,0,0,0,0,0
pottsville_maroons_1927,0,0,0,0,0
pottsville_maroons_1928,0,0,0,0,0
providence_steam_roller_1929,0,0,0,0,0
providence_steam_roller_1931,0,0,1,0,0
rock_island_independents_1925,0,0,2,0,0
san_diego_chargers_1961,215,714,15,0,0
san_diego_chargers_1962,334,1420,9,0,0
san_diego_chargers_1963,156,930,9,0,0
san_diego_chargers_1964,226,997,9,0,0
san_diego_chargers_1965,259,962,6,0,0
san_diego_chargers_1966,215,894,6,0,0
san_diego_chargers_1967,88,212,3,0,0
san_diego_chargers_1968,158,457,3,0,0
san_diego_chargers_1969,109,423,2,0,0
san_diego_chargers_1970,187,686,3,0,0
san_diego_chargers_1971,268,1155,9,0,0
san_diego_chargers_1972,469,1884,12,0,0
san_diego_chargers_1973,279,1199,1,0,0
san_diego_chargers_1974,209,734,5,0,0
san_diego_chargers_1975,295,1245,12,0,0
san_diego_chargers_1976,289,1302,8,0,0
san_diego_chargers_1977,314,1086,6,0,0
san_diego_chargers_1978,195,663,10,0,0
san_diego_chargers_1979,216,717,13,0,0
san_diego_chargers_1980,260,906,11,0,0
san_diego_chargers_1981,98,318,4,0,0
san_diego_chargers_1982,41,135,1,0,0
san_diego_chargers_1983,27,64,1,0,0
san_diego_chargers_1984,366,1354,13,0,0
san_diego_chargers_1985,249,1002,7,0,0
san_diego_chargers_1986,307,1033,6,0,0
san_diego_chargers_1987,272,942,10,0,0
san_diego_chargers_1988,382,1755,11,0,0
san_diego_chargers_1989,56,254,0,0,0
san_diego_chargers_1990,88,424,1,0,0
san_diego_chargers_1991,98,610,1,22,0
san_diego_chargers_1992,62,225,3,17,3
san_diego_chargers_1993,57,258,1,22,1
san_diego_chargers_1994,38,122,1,9,1
san_diego_chargers_1995,85,339,2,21,1
san_diego_chargers_1996,83,296,0,15,1
san_diego_chargers_1997,86,242,1,12,5
san_diego_chargers_1998,198,661,5,45,12
san_diego_chargers_1999,175,628,2,29,7
san_diego_chargers_2000,329,977,7,56,14
san_diego_chargers_2001,424,1552,11,87,10
san_diego_chargers_2002,445,1975,16,109,2
san_diego_chargers_2003,401,2014,16,111,9
san_diego_chargers_2004,501,2027,24,125,11
san_diego_chargers_2005,408,1737,19,105,2
san_diego_chargers_2006,439,2070,29,112,8
san_diego_chargers_2007,414,1723,18,94,6
san_diego_chargers_2008,402,1631,12,86,2
san_diego_chargers_2009,383,1284,17,72,1
san_diego_chargers_2010,429,1739,18,84,13
san_diego_chargers_2011,378,1673,15,85,8
san_diego_chargers_2012,311,1090,4,59,4
san_diego_chargers_2013,424,1781,8,88,5
san_diego_chargers_2014,299,1085,6,59,5
san_diego_chargers_2015,333,1116,3,66,7
san_diego_chargers_2016,398,1510,10,90,6
san_francisco_49ers_1946,0,0,0,0,0
san_francisco_49ers_1947,0,0,0,0,0
san_francisco_49ers_1948,0,0,0,0,0
san_francisco_49ers_1949,0,0,0,0,0
san_francisco_49ers_1950,285,1210,10,0,0
san_francisco_49ers_1951,362,1737,13,0,0
san_francisco_49ers_1952,255,1046,9,0,0
san_francisco_49ers_1953,299,1551,22,0,0
san_francisco_49ers_1954,370,1970,22,0,0
san_francisco_49ers_1955,276,1156,3,0,0
san_francisco_49ers_1956,219,888,9,0,0
san_francisco_49ers_1957,264,1096,13,0,0
san_francisco_49ers_1958,207,968,8,0,0
san_francisco_49ers_1959,161,693,4,0,0
san_francisco_49ers_1960,122,379,3,0,0
san_francisco_49ers_1961,209,1086,15,0,0
san_francisco_49ers_1962,162,725,5,0,0
san_francisco_49ers_1963,193,645,2,0,0
san_francisco_49ers_1964,325,965,9,0,0
san_francisco_49ers_1965,87,367,5,0,0
san_francisco_49ers_1966,95,429,3,0,0
san_francisco_49ers_1967,73,363,6,0,0
san_francisco_49ers_1968,155,611,1,0,0
san_francisco_49ers_1969,30,212,1,0,0
san_francisco_49ers_1970,49,132,0,0,0
san_francisco_49ers_1971,235,1046,4,0,0
san_francisco_49ers_1972,318,1169,6,0,0
san_francisco_49ers_1973,275,1064,10,0,0
san_francisco_49ers_1974,427,1720,6,0,0
san_francisco_49ers_1975,274,852,8,0,0
san_francisco_49ers_1976,269,979,5,0,0
san_francisco_49ers_1977,226,955,8,0,0
san_francisco_49ers_1978,142,493,2,0,0
san_francisco_49ers_1979,210,704,6,0,0
san_francisco_49ers_1980,92,380,2,0,0
san_francisco_49ers_1981,364,1247,13,0,0
san_francisco_49ers_1982,59,200,1,0,0
san_francisco_49ers_1983,68,304,2,0,0
san_francisco_49ers_1984,81,343,4,0,0
san_francisco_49ers_1985,46,146,2,0,0
san_francisco_49ers_1986,100,379,3,0,0
san_francisco_49ers_1987,141,706,4,0,0
san_francisco_49ers_1988,145,723,4,0,0
san_francisco_49ers_1989,156,599,4,0,0
san_francisco_49ers_1990,232,937,8,0,0
san_francisco_49ers_1991,228,1019,12,70,0
san_francisco_49ers_1992,444,2183,21,127,10
san_francisco_49ers_1993,388,1842,18,110,8
san_francisco_49ers_1994,414,1654,22,107,11
san_francisco_49ers_1995,163,677,7,54,3
san_francisco_49ers_1996,321,1390,13,81,5
san_francisco_49ers_1997,275,945,12,62,7
san_francisco_49ers_1998,177,978,12,59,2
san_francisco_49ers_1999,414,2080,14,101,8
san_francisco_49ers_2000,393,1723,15,94,8
san_francisco_49ers_2001,252,995,11,65,9
san_francisco_49ers_2002,256,1182,8,82,3
san_francisco_49ers_2003,288,1379,13,72,10
san_francisco_49ers_2004,295,1003,7,56,5
san_francisco_49ers_2005,364,1367,6,57,8
san_francisco_49ers_2006,372,1974,10,88,10
san_francisco_49ers_2007,310,1239,7,55,9
san_francisco_49ers_2008,374,1546,9,75,14
san_francisco_49ers_2009,278,1316,11,65,4
san_francisco_49ers_2010,376,1519,9,74,3
san_francisco_49ers_2011,380,1531,12,77,4
san_francisco_49ers_2012,411,2081,15,106,11
san_francisco_49ers_2013,417,1798,15,92,6
san_francisco_49ers_2014,457,2148,10,101,9
san_francisco_49ers_2015,351,1440,6,71,8
san_francisco_49ers_2016,458,2019,15,116,8
seattle_seahawks_1976,181,699,6,0,0
seattle_seahawks_1977,148,604,2,0,0
seattle_seahawks_1978,106,453,6,0,0
seattle_seahawks_1979,50,284,2,0,0
seattle_seahawks_1980,208,870,6,0,0
seattle_seahawks_1981,90,406,3,0,0
seattle_seahawks_1982,30,171,2,0,0
seattle_seahawks_1983,370,1533,14,0,0
seattle_seahawks_1984,168,521,4,0,0
seattle_seahawks_1985,327,1157,8,0,0
seattle_seahawks_1986,330,1491,13,0,0
seattle_seahawks_1987,274,1117,9,0,0
seattle_seahawks_1988,276,1088,10,0,0
seattle_seahawks_1989,215,719,4,0,0
seattle_seahawks_1990,222,867,15,0,0
seattle_seahawks_1991,124,386,4,27,0
seattle_seahawks_1992,271,1176,3,59,6
seattle_seahawks_1993,315,1242,7,68,3
seattle_seahawks_1994,366,1662,10,81,8
seattle_seahawks_1995,321,1500,16,81,4
seattle_seahawks_1996,218,982,5,38,3
seattle_seahawks_1997,220,928,5,43,4
seattle_seahawks_1998,348,1332,10,80,9
seattle_seahawks_1999,366,1264,5,52,11
seattle_seahawks_2000,391,1681,10,94,18
seattle_seahawks_2001,435,1814,15,92,9
seattle_seahawks_2002,367,1437,17,85,6
seattle_seahawks_2003,374,1581,16,90,7
seattle_seahawks_2004,401,1835,17,88,9
seattle_seahawks_2005,431,2091,28,118,7
seattle_seahawks_2006,286,1140,7,65,8
seattle_seahawks_2007,284,968,5,60,6
seattle_seahawks_2008,62,298,0,20,2
seattle_seahawks_2009,211,901,5,46,11
seattle_seahawks_2010,338,1268,12,68,2
seattle_seahawks_2011,433,1733,15,86,7
seattle_seahawks_2012,524,2530,16,118,7
seattle_seahawks_2013,507,2190,14,116,6
seattle_seahawks_2014,523,2762,20,144,9
seattle_seahawks_2015,475,2196,9,122,7
seattle_seahawks_2016,391,1547,13,82,6
st_louis_cardinals_1960,158,718,3,0,0
st_louis_cardinals_1961,197,726,5,0,0
st_louis_cardinals_1962,222,935,6,0,0
st_louis_cardinals_1963,276,1083,4,0,0
st_louis_cardinals_1964,231,933,4,0,0
st_louis_cardinals_1965,128,561,4,0,0
st_louis_cardinals_1966,151,460,5,0,0
st_louis_cardinals_1967,161,641,4,0,0
st_louis_cardinals_1968,79,322,7,0,0
st_louis_cardinals_1969,157,660,7,0,0
st_louis_cardinals_1970,305,1457,13,0,0
st_louis_cardinals_1971,280,981,7,0,0
st_louis_cardinals_1972,197,668,4,0,0
st_louis_cardinals_1973,237,950,11,0,0
st_louis_cardinals_1974,258,1001,6,0,0
st_louis_cardinals_1975,331,1293,7,0,0
st_louis_cardinals_1976,268,1021,3,0,0
st_louis_cardinals_1977,167,579,4,0,0
st_louis_cardinals_1978,266,883,10,0,0
st_louis_cardinals_1979,370,1786,9,0,0
st_louis_cardinals_1980,354,1539,12,0,0
st_louis_cardinals_1981,336,1384,10,0,0
st_louis_cardinals_1982,150,619,4,0,0
st_louis_cardinals_1983,315,1357,6,0,0
st_louis_cardinals_1984,343,1385,8,0,0
st_louis_cardinals_1985,170,729,7,0,0
st_louis_cardinals_1986,176,709,2,0,0
st_louis_cardinals_1987,197,857,11,0,0
st_louis_gunners_1934,59,228,0,0,0
st_louis_rams_1995,41,203,2,18,0
st_louis_rams_1996,273,872,4,50,15
st_louis_rams_1997,277,966,10,52,14
st_louis_rams_1998,102,408,6,25,10
st_louis_rams_1999,333,1699,8,79,6
st_louis_rams_2000,333,1650,22,94,3
st_louis_rams_2001,387,1924,18,94,9
st_louis_rams_2002,310,1289,9,67,6
st_louis_rams_2003,370,1386,15,86,3
st_louis_rams_2004,353,1518,8,87,2
st_louis_rams_2005,366,1496,12,78,8
st_louis_rams_2006,398,1723,13,85,3
st_louis_rams_2007,366,1458,5,59,3
st_louis_rams_2008,372,1498,7,85,6
st_louis_rams_2009,386,1656,4,72,4
st_louis_rams_2010,407,1532,9,82,2
st_louis_rams_2011,316,1284,6,58,6
st_louis_rams_2012,397,1648,5,76,5
st_louis_rams_2013,164,717,2,31,5
st_louis_rams_2014,138,560,6,28,3
st_louis_rams_2015,351,1722,15,80,8
staten_island_stapletons_1930,0,0,0,0,0
staten_island_stapletons_1931,0,0,0,0,0
staten_island_stapletons_1932,215,871,5,0,0
tampa_bay_buccaneers_1976,277,907,3,0,0
tampa_bay_buccaneers_1977,308,871,4,0,0
tampa_bay_buccaneers_1978,409,1630,11,0,0
tampa_bay_buccaneers_1979,545,2188,11,0,0
tampa_bay_buccaneers_1980,377,1302,5,0,0
tampa_bay_buccaneers_1981,296,1149,5,0,0
tampa_bay_buccaneers_1982,147,468,1,0,0
tampa_bay_buccaneers_1983,251,685,5,0,0
tampa_bay_buccaneers_1984,60,205,4,0,0
tampa_bay_buccaneers_1985,53,290,1,0,0
tampa_bay_buccaneers_1986,86,420,6,0,0
tampa_bay_buccaneers_1987,80,203,3,0,0
tampa_bay_buccaneers_1988,214,836,8,0,0
tampa_bay_buccaneers_1989,198,728,8,0,0
tampa_bay_buccaneers_1990,258,1146,5,0,0
tampa_bay_buccaneers_1991,128,477,2,26,0
tampa_bay_buccaneers_1992,100,418,3,24,7
tampa_bay_buccaneers_1993,63,186,0,13,1
tampa_bay_buccaneers_1994,315,1105,8,83,4
tampa_bay_buccaneers_1995,392,1578,19,100,4
tampa_bay_buccaneers_1996,357,1197,6,72,10
tampa_bay_buccaneers_1997,254,951,11,54,11
tampa_bay_buccaneers_1998,274,1090,10,68,5
tampa_bay_buccaneers_1999,304,1152,7,67,7
tampa_bay_buccaneers_2000,225,889,10,66,5
tampa_bay_buccaneers_2001,223,850,13,61,1
tampa_bay_buccaneers_2002,382,1397,6,82,5
tampa_bay_buccaneers_2003,245,895,2,55,3
tampa_bay_buccaneers_2004,323,1309,9,66,6
tampa_bay_buccaneers_2005,106,520,7,22,0
tampa_bay_buccaneers_2006,116,428,4,30,3
tampa_bay_buccaneers_2007,118,529,1,30,5
tampa_bay_buccaneers_2008,45,177,3,20,2
tampa_bay_buccaneers_2009,143,563,1,21,5
tampa_bay_buccaneers_2010,212,1088,6,43,3
tampa_bay_buccaneers_2011,217,893,5,38,4
tampa_bay_buccaneers_2012,377,1698,13,73,1
tampa_bay_buccaneers_2013,406,1569,6,73,6
tampa_bay_buccaneers_2014,352,1375,7,72,5
tampa_bay_buccaneers_2015,455,2162,12,99,9
tampa_bay_buccaneers_2016,453,1616,8,80,8
tennessee_oilers_1997,435,1730,9,79,4
tennessee_oilers_1998,379,1409,8,80,8
tennessee_titans_1999,384,1470,11,75,8
tennessee_titans_2000,475,1681,14,84,5
tennessee_titans_2001,321,967,5,40,8
tennessee_titans_2002,348,1180,12,62,1
tennessee_titans_2003,329,1063,6,55,0
tennessee_titans_2004,21,85,1,7,0
tennessee_titans_2005,48,180,2,11,1
tennessee_titans_2006,95,597,8,36,7
tennessee_titans_2007,97,425,3,26,5
tennessee_titans_2008,278,1345,9,60,3
tennessee_titans_2009,422,2340,16,101,11
tennessee_titans_2010,394,1729,13,72,5
tennessee_titans_2011,366,1377,6,66,5
tennessee_titans_2012,332,1377,9,55,4
tennessee_titans_2013,361,1444,10,76,5
tennessee_titans_2014,215,819,3,40,2
tennessee_titans_2015,167,811,5,30,6
tennessee_titans_2016,474,2172,16,115,10
washington_redskins_1937,395,1447,8,0,0
washington_redskins_1938,333,1137,8,0,0
washington_redskins_1939,345,1410,11,0,0
washington_redskins_1940,237,849,10,0,0
washington_redskins_1941,389,1037,7,0,0
washington_redskins_1942,327,1249,6,0,0
washington_redskins_1943,271,864,5,0,0
washington_redskins_1944,262,630,4,0,0
washington_redskins_1945,265,1095,9,0,0
washington_redskins_1946,333,1125,7,0,0
washington_redskins_1947,275,931,9,0,0
washington_redskins_1948,348,1260,9,0,0
washington_redskins_1949,219,865,5,0,0
washington_redskins_1950,214,873,8,0,0
washington_redskins_1951,327,1400,9,0,0
washington_redskins_1952,193,670,4,0,0
washington_redskins_1953,127,541,3,0,0
washington_redskins_1954,329,1249,5,0,0
washington_redskins_1955,406,1693,14,0,0
washington_redskins_1956,375,1304,5,0,0
washington_redskins_1957,83,301,3,0,0
washington_redskins_1958,212,901,4,0,0
washington_redskins_1959,197,904,5,0,0
washington_redskins_1960,176,506,7,0,0
washington_redskins_1961,77,378,3,0,0
washington_redskins_1962,221,602,4,0,0
washington_redskins_1963,204,792,9,0,0
washington_redskins_1964,226,851,6,0,0
washington_redskins_1965,282,794,5,0,0
washington_redskins_1966,182,562,3,0,0
washington_redskins_1967,115,379,4,0,0
washington_redskins_1968,230,743,5,0,0
washington_redskins_1969,148,459,6,0,0
washington_redskins_1970,167,664,5,0,0
washington_redskins_1971,207,736,4,0,0
washington_redskins_1972,160,625,6,0,0
washington_redskins_1973,171,551,1,0,0
washington_redskins_1974,240,855,8,0,0
washington_redskins_1975,338,1331,5,0,0
washington_redskins_1976,446,1763,9,0,0
washington_redskins_1977,429,1488,4,0,0
washington_redskins_1978,512,1962,9,0,0
washington_redskins_1979,607,2331,17,0,0
washington_redskins_1980,451,1796,11,0,0
washington_redskins_1981,506,2072,19,0,0
washington_redskins_1982,297,1083,5,0,0
washington_redskins_1983,591,2427,30,0,0
washington_redskins_1984,466,1784,16,0,0
washington_redskins_1985,224,882,10,0,0
washington_redskins_1986,36,47,1,0,0
washington_redskins_1987,118,513,6,0,0
washington_redskins_1988,13,45,0,0,0
washington_redskins_1989,206,852,4,0,0
washington_redskins_1990,127,492,6,0,0
washington_redskins_1991,230,975,15,58,0
washington_redskins_1992,157,490,2,39,0
washington_redskins_1993,72,296,1,14,2
washington_redskins_1994,186,645,3,29,2
washington_redskins_1995,348,1436,11,70,6
washington_redskins_1996,372,1494,23,78,2
washington_redskins_1997,354,1280,7,63,1
washington_redskins_1998,183,820,2,34,3
washington_redskins_1999,344,1554,19,93,7
washington_redskins_2000,393,1605,13,88,5
washington_redskins_2001,473,1916,10,102,16
washington_redskins_2002,365,1497,9,90,8
washington_redskins_2003,282,1125,6,68,6
washington_redskins_2004,16,20,0,3,1
washington_redskins_2005,36,211,3,11,1
washington_redskins_2006,60,291,0,19,2
washington_redskins_2007,68,260,3,24,5
washington_redskins_2008,74,375,2,18,1
washington_redskins_2009,207,790,4,45,4
washington_redskins_2010,194,822,4,38,2
washington_redskins_2011,169,631,5,28,1
washington_redskins_2012,484,2569,20,134,13
washington_redskins_2013,384,1852,10,92,10
washington_redskins_2014,345,1400,13,72,8
washington_redskins_2015,429,1566,9,80,11
washington_redskins_2016,379,1696,17,89,7
